mtllib radio_tower.mtl
o g0
v 4.395823 4.705782 -0.000000
v 4.488292 4.482544 -0.000000
v 2.289028 2.289027 30.393692
v 2.241870 2.402878 30.393692
v 4.488292 4.482544 -0.000000
v 4.711525 4.390078 0.000000
v 2.402878 2.241869 30.393692
v 2.289028 2.289027 30.393692
v 4.934763 4.482546 -0.000000
v 2.516728 2.289027 30.393692
v 5.027229 4.705782 -0.000000
v 2.563886 2.402878 30.393692
v 4.934760 4.929017 -0.000000
v 2.516728 2.516728 30.393692
v 4.711525 5.021486 0.000000
v 2.402878 2.563886 30.393692
v 4.488289 4.929017 -0.000000
v 2.289028 2.516728 30.393692
v 4.476354 4.389067 4.174691
v 4.464352 4.155958 4.329793
v -4.464352 4.155958 4.329793
v -4.476354 4.389067 4.174691
v 4.440352 4.133616 4.639996
v -4.440352 4.133616 4.639996
v 4.440352 4.133616 4.639996
v 4.428350 4.341998 4.795098
v -4.428350 4.341998 4.795098
v -4.440352 4.133616 4.639996
v 4.440352 4.573915 4.639996
v -4.440352 4.573918 4.639996
v 4.464352 4.598639 4.329793
v -4.464352 4.598642 4.329793
v 4.575152 4.688761 0.224327
v 4.602980 4.496966 0.337174
v -4.384820 4.217528 4.170647
v -4.427372 4.397936 4.057802
v 4.658240 4.480514 0.562868
v -4.300111 4.201074 4.396341
v 4.658240 4.480514 0.562868
v 4.685673 4.654514 0.675715
v -4.257954 4.363692 4.509188
v -4.300111 4.201074 4.396341
v 4.658238 4.845642 0.562868
v -4.300111 4.543430 4.396341
v 4.602980 4.863435 0.337174
v -4.384820 4.561225 4.170647
v 4.147093 4.066228 8.430102
v 4.135092 3.849444 8.585205
v -4.135094 3.849444 8.585205
v -4.147096 4.066228 8.430102
v 4.111092 3.827102 8.895407
v -4.111092 3.827102 8.895407
v 4.111092 3.827102 8.895407
v 4.099090 4.019159 9.050508
v -4.099090 4.019159 9.050508
v -4.111092 3.827102 8.895407
v 4.111092 4.234754 8.895407
v -4.111092 4.234754 8.895407
v 4.135092 4.259476 8.585205
v -4.135094 4.259476 8.585205
v 4.260134 4.365922 4.479737
v 4.285467 4.186766 4.592584
v -4.062316 3.907325 8.426059
v -4.102372 4.075097 8.313209
v 4.335737 4.170314 4.818278
v -3.982598 3.890874 8.651750
v 4.335737 4.170314 4.818278
v 4.360672 4.331678 4.931125
v -3.942938 4.040853 8.764598
v -3.982598 3.890874 8.651750
v 4.335737 4.510164 4.818278
v -3.982598 4.207952 8.651750
v 4.285467 4.527957 4.592584
v -4.062316 4.225745 8.426059
v 3.817833 3.743389 12.685512
v 3.805834 3.542929 12.840615
v -3.805834 3.542929 12.840615
v -3.817836 3.743389 12.685512
v 3.781832 3.520585 13.150817
v -3.781834 3.520587 13.150817
v 3.781832 3.520585 13.150817
v 3.769830 3.696320 13.305920
v -3.769832 3.696320 13.305920
v -3.781834 3.520587 13.150817
v 3.781832 3.895591 13.150817
v -3.781834 3.895591 13.150817
v 3.805834 3.920312 12.840615
v -3.805834 3.920312 12.840615
v 3.945118 4.043083 8.735147
v 3.967955 3.876566 8.847993
v -3.739810 3.597128 12.681468
v -3.777371 3.752258 12.568621
v 4.013233 3.860114 9.073688
v -3.665085 3.580676 12.907163
v 4.013233 3.860114 9.073688
v 4.035671 4.008839 9.186535
v -3.627923 3.718011 13.020010
v -3.665085 3.580676 12.907163
v 4.013233 4.174685 9.073688
v -3.665085 3.872474 12.907163
v 3.967955 4.192478 8.847993
v -3.739810 3.890266 12.681468
v 3.488576 3.420549 16.940924
v 3.476574 3.236417 17.096023
v -3.476574 3.236415 17.096023
v -3.488576 3.420549 16.940924
v 3.452571 3.214070 17.406226
v -3.452574 3.214073 17.406226
v 3.452571 3.214070 17.406226
v 3.440572 3.373481 17.561330
v -3.440572 3.373481 17.561330
v -3.452574 3.214073 17.406226
v 3.452571 3.556427 17.406226
v -3.452574 3.556427 17.406226
v 3.476574 3.581151 17.096023
v -3.476574 3.581148 17.096023
v 3.630102 3.720244 12.990558
v 3.650442 3.566368 13.103405
v -3.417306 3.286928 16.936878
v -3.452373 3.429419 16.824034
v 3.690727 3.549914 13.329096
v -3.347575 3.270476 17.162571
v 3.690727 3.549914 13.329096
v 3.710671 3.686000 13.441944
v -3.312907 3.395175 17.275418
v -3.347575 3.270476 17.162571
v 3.690727 3.839208 13.329096
v -3.347575 3.536996 17.162571
v 3.650442 3.857000 13.103405
v -3.417306 3.554788 16.936878
v 3.159315 3.097710 21.196333
v 3.147314 2.929900 21.351433
v -3.147317 2.929900 21.351433
v -3.159315 3.097710 21.196333
v 3.123314 2.907556 21.661637
v -3.123314 2.907558 21.661637
v 3.123314 2.907556 21.661637
v 3.111312 3.050644 21.816735
v -3.111312 3.050644 21.816735
v -3.123314 2.907558 21.661637
v 3.123314 3.217263 21.661637
v -3.123314 3.217263 21.661637
v 3.147314 3.241985 21.351433
v -3.147317 3.241985 21.351433
v 3.315086 3.397405 17.245967
v 3.332930 3.256168 17.358815
v -3.094802 2.976728 21.192286
v -3.127372 3.106580 21.079445
v 3.368223 3.239717 17.584510
v -3.030063 2.960276 21.417981
v 3.368223 3.239717 17.584510
v 3.385673 3.363161 17.697355
v -2.997888 3.072336 21.530830
v -3.030063 2.960276 21.417981
v 3.368223 3.503729 17.584510
v -3.030063 3.201518 21.417981
v 3.332930 3.521520 17.358815
v -3.094802 3.219310 21.192286
v 2.830055 2.774871 25.451739
v 2.818056 2.623386 25.606832
v -2.818056 2.623388 25.606832
v -2.830058 2.774871 25.451739
v 2.794053 2.601041 25.917043
v -2.794053 2.601044 25.917043
v 2.794053 2.601041 25.917043
v 2.782052 2.727805 26.072161
v -2.782054 2.727805 26.072161
v -2.794053 2.601044 25.917043
v 2.794053 2.878099 25.917043
v -2.794053 2.878099 25.917043
v 2.818056 2.902821 25.606832
v -2.818056 2.902824 25.606832
v 3.000070 3.074566 21.501378
v 3.015419 2.945968 21.614223
v -2.772298 2.666528 25.447701
v -2.802372 2.783741 25.334854
v 3.045719 2.929517 21.839918
v -2.712550 2.650076 25.673380
v 3.045719 2.929517 21.839918
v 3.060672 3.040322 21.952769
v -2.682872 2.749497 25.786232
v -2.712550 2.650076 25.673380
v 3.045719 3.168249 21.839918
v -2.712550 2.866037 25.673380
v 3.015419 3.186041 21.614223
v -2.772298 2.883830 25.447701
v 2.500797 2.452032 29.707154
v 2.488796 2.316871 29.862245
v -2.488796 2.316872 29.862245
v -2.500797 2.452033 29.707154
v 2.464794 2.294528 30.172456
v -2.464795 2.294529 30.172456
v 2.464794 2.294528 30.172456
v 2.452793 2.404965 30.327550
v -2.452794 2.404965 30.327550
v -2.464795 2.294529 30.172456
v 2.464794 2.538935 30.172456
v -2.464795 2.538936 30.172456
v 2.488796 2.563657 29.862245
v -2.488796 2.563660 29.862245
v 2.685052 2.751727 25.756794
v 2.697907 2.635768 25.869646
v -2.449794 2.356328 29.703114
v -2.477373 2.460902 29.590262
v 2.723215 2.619317 26.095325
v -2.395037 2.339876 29.928793
v 2.723215 2.619317 26.095325
v 2.735671 2.717483 26.208177
v -2.367857 2.426657 30.041645
v -2.395037 2.339876 29.928793
v 2.723215 2.832771 26.095325
v -2.395037 2.530559 29.928793
v 2.697907 2.850563 25.869646
v -2.449794 2.548351 29.703114
v 4.395823 4.705779 -0.000000
v 4.488292 4.482544 -0.000000
v 2.289028 2.289027 30.393664
v 2.241870 2.402878 30.393664
v 4.488292 4.482544 -0.000000
v 4.711525 4.390078 0.000000
v 2.402879 2.241869 30.393664
v 2.289028 2.289027 30.393664
v 4.934763 4.482544 -0.000000
v 2.516729 2.289027 30.393664
v 5.027229 4.705782 -0.000000
v 2.563886 2.402878 30.393664
v 4.934760 4.929017 -0.000000
v 2.516729 2.516727 30.393664
v 4.711525 5.021483 0.000000
v 2.402879 2.563886 30.393664
v 4.488289 4.929015 -0.000000
v 2.289028 2.516727 30.393664
v 4.476354 4.389064 4.174691
v 4.440349 4.133614 4.639996
v 4.440349 4.133614 4.639996
v 4.440349 4.573915 4.639996
v 4.575152 4.688759 0.224327
v 4.602980 4.496963 0.337174
v -4.384817 4.217528 4.170647
v -4.427372 4.397936 4.057800
v 4.658240 4.480512 0.562868
v 4.658240 4.480512 0.562868
v 4.658238 4.845639 0.562868
v 4.602978 4.863432 0.337174
v -4.384817 4.561225 4.170647
v 4.147093 4.066225 8.430100
v 4.135092 3.849444 8.585202
v -4.135094 3.849444 8.585202
v -4.147093 4.066228 8.430100
v 4.111092 3.827099 8.895405
v -4.111092 3.827102 8.895405
v 4.111092 3.827099 8.895405
v -4.111092 3.827102 8.895405
v 4.111092 4.234752 8.895405
v -4.111092 4.234754 8.895405
v 4.135092 4.259476 8.585202
v -4.135094 4.259476 8.585202
v -4.062313 3.907325 8.426056
v 4.335737 4.170312 4.818278
v 4.335737 4.170312 4.818278
v 4.360672 4.331676 4.931123
v 4.335737 4.510161 4.818278
v 4.285467 4.527954 4.592584
v -4.062313 4.225745 8.426056
v -3.781832 3.520587 13.150817
v 3.769830 3.696320 13.305917
v -3.769832 3.696320 13.305917
v -3.781832 3.520587 13.150817
v 3.781832 3.895588 13.150817
v -3.781832 3.895591 13.150817
v -3.805834 3.920315 12.840615
v -3.665085 3.580676 12.907160
v 4.035671 4.008836 9.186535
v -3.627923 3.718011 13.020007
v -3.665085 3.580676 12.907160
v 4.013233 4.174683 9.073688
v -3.665085 3.872474 12.907160
v 3.967955 4.192476 8.847993
v -3.739810 3.890266 12.681468
v 3.488573 3.420549 16.940918
v 3.476574 3.236415 17.096022
v -3.476574 3.236415 17.096022
v -3.488576 3.420549 16.940918
v 3.440572 3.373481 17.561323
v -3.440572 3.373483 17.561323
v 3.452571 3.556424 17.406226
v 3.476574 3.581148 17.096022
v -3.476574 3.581148 17.096022
v 3.630102 3.720244 12.990556
v 3.650442 3.566366 13.103403
v -3.452373 3.429419 16.824027
v -3.347573 3.270476 17.162569
v -3.312907 3.395175 17.275417
v -3.347573 3.270476 17.162569
v 3.690727 3.839205 13.329096
v -3.347573 3.536996 17.162569
v 3.650442 3.857000 13.103403
v 3.159315 3.097710 21.196331
v 3.147314 2.929900 21.351430
v -3.147317 2.929903 21.351430
v -3.159315 3.097710 21.196331
v 3.123314 2.907556 21.661636
v -3.123314 2.907558 21.661636
v 3.123314 2.907556 21.661636
v 3.111312 3.050642 21.816735
v -3.123314 2.907558 21.661636
v 3.123311 3.217261 21.661636
v -3.123314 3.217263 21.661636
v 3.147314 3.241985 21.351430
v -3.147317 3.241987 21.351430
v 3.315086 3.397405 17.245964
v 3.332930 3.256168 17.358812
v -3.127372 3.106580 21.079439
v 3.368225 3.239714 17.584507
v -3.030063 2.960276 21.417978
v 3.368225 3.239714 17.584507
v 3.385673 3.363161 17.697354
v -2.997888 3.072336 21.530825
v -3.030063 2.960276 21.417978
v 3.368225 3.503727 17.584507
v -3.030063 3.201518 21.417978
v 3.332930 3.521520 17.358812
v 2.818054 2.623386 25.606832
v 2.782052 2.727802 26.072136
v -2.782054 2.727805 26.072136
v 2.794053 2.878097 25.917043
v 2.818054 2.902821 25.606832
v 3.000068 3.074566 21.501378
v -2.802372 2.783741 25.334852
v 3.045719 2.929514 21.839918
v 3.045719 2.929514 21.839918
v 3.060672 3.040319 21.952762
v 3.015417 3.186041 21.614223
v 2.464794 2.294527 30.172456
v 2.464794 2.294527 30.172456
v 2.452793 2.404964 30.327550
v 2.464794 2.538934 30.172456
v -2.477372 2.460902 29.590262
v -2.395037 2.339876 29.928793
v -2.395037 2.339876 29.928793
v 2.723215 2.832771 26.095325
v -2.395037 2.530559 29.928793
v -4.395823 -4.705782 -0.000000
v -4.488289 -4.482546 -0.000000
v -2.289029 -2.289028 30.393664
v -2.241870 -2.402878 30.393664
v -4.488289 -4.482546 -0.000000
v -4.711525 -4.390080 0.000000
v -2.402879 -2.241870 30.393664
v -2.289029 -2.289028 30.393664
v -4.934760 -4.482546 -0.000000
v -2.516728 -2.289029 30.393664
v -5.027229 -4.705782 -0.000000
v -2.563886 -2.402879 30.393664
v -4.934760 -4.929017 -0.000000
v -2.516728 -2.516729 30.393664
v -4.711525 -5.021483 0.000000
v -2.402878 -2.563886 30.393664
v -4.488289 -4.929017 -0.000000
v -2.289028 -2.516729 30.393664
v -4.476354 -4.389067 4.174691
v -4.464352 -4.155958 4.329793
v 4.464352 -4.155961 4.329793
v 4.476354 -4.389067 4.174691
v -4.440349 -4.133616 4.639996
v 4.440352 -4.133616 4.639996
v -4.440349 -4.133616 4.639996
v -4.428350 -4.341998 4.795098
v 4.428350 -4.342000 4.795098
v 4.440352 -4.133616 4.639996
v -4.440349 -4.573918 4.639996
v 4.440352 -4.573918 4.639996
v -4.464352 -4.598639 4.329793
v 4.464352 -4.598642 4.329793
v -4.575149 -4.688761 0.224327
v -4.602978 -4.496966 0.337174
v 4.384820 -4.217528 4.170647
v 4.427372 -4.397936 4.057800
v -4.658238 -4.480514 0.562868
v 4.300111 -4.201076 4.396341
v -4.658238 -4.480514 0.562868
v -4.685670 -4.654517 0.675715
v 4.257954 -4.363692 4.509188
v 4.300111 -4.201076 4.396341
v -4.658238 -4.845642 0.562868
v 4.300111 -4.543430 4.396341
v -4.602980 -4.863435 0.337174
v 4.384820 -4.561225 4.170647
v -4.147093 -4.066228 8.430100
v -4.135092 -3.849444 8.585202
v 4.135094 -3.849446 8.585202
v 4.147093 -4.066228 8.430100
v -4.111092 -3.827099 8.895405
v 4.111092 -3.827102 8.895405
v -4.111092 -3.827099 8.895405
v -4.099090 -4.019159 9.050508
v 4.099090 -4.019161 9.050508
v 4.111092 -3.827102 8.895405
v -4.111092 -4.234754 8.895405
v 4.111092 -4.234754 8.895405
v -4.135092 -4.259476 8.585202
v 4.135094 -4.259478 8.585202
v -4.260134 -4.365922 4.479737
v -4.285467 -4.186766 4.592584
v 4.062313 -3.907328 8.426056
v 4.102372 -4.075097 8.313209
v -4.335737 -4.170314 4.818278
v 3.982598 -3.890876 8.651750
v -4.335737 -4.170314 4.818278
v -4.360672 -4.331678 4.931123
v 3.942938 -4.040853 8.764598
v 3.982598 -3.890876 8.651750
v -4.335734 -4.510164 4.818278
v 3.982598 -4.207952 8.651750
v -4.285467 -4.527957 4.592584
v 4.062313 -4.225745 8.426056
v -3.817833 -3.743389 12.685512
v -3.805834 -3.542929 12.840615
v 3.805834 -3.542932 12.840615
v 3.817836 -3.743389 12.685512
v -3.781832 -3.520587 13.150817
v 3.781832 -3.520587 13.150817
v -3.781832 -3.520587 13.150817
v -3.769830 -3.696320 13.305917
v 3.769832 -3.696322 13.305917
v 3.781832 -3.520587 13.150817
v -3.781832 -3.895591 13.150817
v 3.781832 -3.895591 13.150817
v -3.805834 -3.920312 12.840615
v 3.805834 -3.920315 12.840615
v -3.945118 -4.043083 8.735147
v -3.967955 -3.876566 8.847993
v 3.739810 -3.597128 12.681468
v 3.777374 -3.752258 12.568621
v -4.013233 -3.860114 9.073688
v 3.665085 -3.580676 12.907160
v -4.013233 -3.860114 9.073688
v -4.035671 -4.008839 9.186535
v 3.627923 -3.718014 13.020007
v 3.665085 -3.580676 12.907160
v -4.013233 -4.174685 9.073688
v 3.665085 -3.872474 12.907160
v -3.967955 -4.192478 8.847993
v 3.739810 -3.890266 12.681468
v -3.488576 -3.420549 16.940918
v -3.476574 -3.236415 17.096022
v 3.476574 -3.236417 17.096022
v 3.488576 -3.420549 16.940918
v -3.452571 -3.214073 17.406226
v 3.452574 -3.214073 17.406226
v -3.452571 -3.214073 17.406226
v -3.440572 -3.373483 17.561323
v 3.440572 -3.373483 17.561323
v 3.452574 -3.214073 17.406226
v -3.452571 -3.556427 17.406226
v 3.452574 -3.556427 17.406226
v -3.476574 -3.581151 17.096022
v 3.476574 -3.581151 17.096022
v -3.630102 -3.720244 12.990556
v -3.650442 -3.566368 13.103403
v 3.417306 -3.286928 16.936878
v 3.452373 -3.429419 16.824027
v -3.690727 -3.549914 13.329096
v 3.347575 -3.270476 17.162569
v -3.690727 -3.549914 13.329096
v -3.710671 -3.686000 13.441944
v 3.312907 -3.395175 17.275417
v 3.347575 -3.270476 17.162569
v -3.690727 -3.839208 13.329096
v 3.347575 -3.536996 17.162569
v -3.650442 -3.857000 13.103403
v 3.417306 -3.554788 16.936878
v -3.159315 -3.097710 21.196331
v -3.147314 -2.929900 21.351430
v 3.147317 -2.929903 21.351430
v 3.159315 -3.097710 21.196331
v -3.123314 -2.907558 21.661636
v 3.123314 -2.907558 21.661636
v -3.123314 -2.907558 21.661636
v -3.111312 -3.050644 21.816735
v 3.111312 -3.050644 21.816735
v 3.123314 -2.907558 21.661636
v -3.123314 -3.217263 21.661636
v 3.123314 -3.217263 21.661636
v -3.147314 -3.241987 21.351430
v 3.147317 -3.241987 21.351430
v -3.315086 -3.397405 17.245964
v -3.332930 -3.256168 17.358812
v 3.094802 -2.976728 21.192286
v 3.127372 -3.106580 21.079439
v -3.368223 -3.239717 17.584507
v 3.030063 -2.960276 21.417978
v -3.368223 -3.239717 17.584507
v -3.385673 -3.363161 17.697354
v 2.997888 -3.072336 21.530825
v 3.030063 -2.960276 21.417978
v -3.368223 -3.503729 17.584507
v 3.030063 -3.201518 21.417978
v -3.332930 -3.521522 17.358812
v 3.094802 -3.219310 21.192286
v -2.830055 -2.774871 25.451739
v -2.818056 -2.623388 25.606832
v 2.818056 -2.623388 25.606832
v 2.830055 -2.774871 25.451739
v -2.794053 -2.601044 25.917043
v 2.794053 -2.601044 25.917043
v -2.794053 -2.601044 25.917043
v -2.782052 -2.727805 26.072136
v 2.782054 -2.727805 26.072136
v 2.794053 -2.601044 25.917043
v -2.794053 -2.878099 25.917043
v 2.794053 -2.878099 25.917043
v -2.818056 -2.902824 25.606832
v 2.818056 -2.902824 25.606832
v -3.000068 -3.074566 21.501378
v -3.015419 -2.945968 21.614223
v 2.772298 -2.666530 25.447701
v 2.802372 -2.783741 25.334852
v -3.045719 -2.929517 21.839918
v 2.712550 -2.650076 25.673380
v -3.045719 -2.929517 21.839918
v -3.060672 -3.040322 21.952762
v 2.682872 -2.749497 25.786232
v 2.712550 -2.650076 25.673380
v -3.045719 -3.168251 21.839918
v 2.712550 -2.866039 25.673380
v -3.015419 -3.186044 21.614223
v 2.772298 -2.883830 25.447701
v -2.500797 -2.452033 29.707154
v -2.488796 -2.316872 29.862245
v 2.488797 -2.316873 29.862245
v 2.500797 -2.452033 29.707154
v -2.464794 -2.294529 30.172456
v 2.464794 -2.294529 30.172456
v -2.464794 -2.294529 30.172456
v -2.452794 -2.404965 30.327550
v 2.452794 -2.404966 30.327550
v 2.464794 -2.294529 30.172456
v -2.464794 -2.538936 30.172456
v 2.464794 -2.538936 30.172456
v -2.488796 -2.563660 29.862245
v 2.488797 -2.563660 29.862245
v -2.685052 -2.751729 25.756794
v -2.697907 -2.635768 25.869646
v 2.449794 -2.356329 29.703114
v 2.477373 -2.460902 29.590262
v -2.723215 -2.619317 26.095325
v 2.395037 -2.339877 29.928793
v -2.723215 -2.619317 26.095325
v -2.735671 -2.717483 26.208177
v 2.367856 -2.426657 30.041645
v 2.395037 -2.339877 29.928793
v -2.723215 -2.832773 26.095325
v 2.395037 -2.530560 29.928793
v -2.697907 -2.850566 25.869646
v 2.449794 -2.548351 29.703114
v -4.705782 4.395823 -0.000000
v -4.482544 4.488289 -0.000000
v -2.289027 2.289028 30.393664
v -2.402878 2.241870 30.393664
v -4.482544 4.488289 -0.000000
v -4.390078 4.711525 0.000000
v -2.241869 2.402878 30.393664
v -2.289027 2.289028 30.393664
v -4.482544 4.934760 -0.000000
v -2.289028 2.516728 30.393664
v -4.705782 5.027229 -0.000000
v -2.402878 2.563886 30.393664
v -4.929015 4.934760 -0.000000
v -2.516728 2.516728 30.393664
v -5.021483 4.711525 0.000000
v -2.563886 2.402878 30.393664
v -4.929015 4.488289 -0.000000
v -2.516728 2.289028 30.393664
v -4.389067 4.476351 4.174691
v -4.155958 4.464352 4.329793
v -4.155958 -4.464355 4.329793
v -4.389067 -4.476354 4.174691
v -4.133614 4.440349 4.639996
v -4.133616 -4.440352 4.639996
v -4.133614 4.440349 4.639996
v -4.341998 4.428350 4.795098
v -4.342000 -4.428350 4.795098
v -4.133616 -4.440352 4.639996
v -4.573915 4.440349 4.639996
v -4.573918 -4.440352 4.639996
v -4.598639 4.464352 4.329793
v -4.598642 -4.464352 4.329793
v -4.688759 4.575149 0.224327
v -4.496963 4.602978 0.337174
v -4.217528 -4.384820 4.170647
v -4.397936 -4.427372 4.057800
v -4.480512 4.658238 0.562868
v -4.201074 -4.300111 4.396341
v -4.480512 4.658238 0.562868
v -4.654514 4.685670 0.675715
v -4.363692 -4.257954 4.509188
v -4.201074 -4.300111 4.396341
v -4.845639 4.658238 0.562868
v -4.543430 -4.300111 4.396341
v -4.863435 4.602980 0.337174
v -4.561223 -4.384820 4.170647
v -4.066225 4.147093 8.430100
v -3.849444 4.135092 8.585202
v -3.849444 -4.135094 8.585202
v -4.066228 -4.147096 8.430100
v -3.827099 4.111089 8.895405
v -3.827102 -4.111092 8.895405
v -3.827099 4.111089 8.895405
v -4.019159 4.099090 9.050508
v -4.019159 -4.099093 9.050508
v -3.827102 -4.111092 8.895405
v -4.234752 4.111089 8.895405
v -4.234754 -4.111092 8.895405
v -4.259476 4.135092 8.585202
v -4.259478 -4.135094 8.585202
v -4.365922 4.260134 4.479737
v -4.186766 4.285465 4.592584
v -3.907328 -4.062316 8.426056
v -4.075097 -4.102372 8.313209
v -4.170312 4.335734 4.818278
v -3.890876 -3.982598 8.651750
v -4.170312 4.335734 4.818278
v -4.331676 4.360672 4.931123
v -4.040853 -3.942938 8.764598
v -3.890876 -3.982598 8.651750
v -4.510164 4.335734 4.818278
v -4.207952 -3.982598 8.651750
v -4.527954 4.285467 4.592584
v -4.225745 -4.062316 8.426056
v -3.743389 3.817833 12.685512
v -3.542929 3.805832 12.840615
v -3.542929 -3.805834 12.840615
v -3.743389 -3.817836 12.685512
v -3.520585 3.781832 13.150817
v -3.520587 -3.781834 13.150817
v -3.520585 3.781832 13.150817
v -3.696320 3.769830 13.305917
v -3.696322 -3.769832 13.305917
v -3.520587 -3.781834 13.150817
v -3.895588 3.781832 13.150817
v -3.895591 -3.781834 13.150817
v -3.920312 3.805832 12.840615
v -3.920315 -3.805834 12.840615
v -4.043083 3.945118 8.735147
v -3.876566 3.967952 8.847993
v -3.597128 -3.739812 12.681468
v -3.752258 -3.777374 12.568621
v -3.860114 4.013231 9.073688
v -3.580676 -3.665085 12.907160
v -3.860114 4.013231 9.073688
v -4.008836 4.035671 9.186535
v -3.718014 -3.627923 13.020007
v -3.580676 -3.665085 12.907160
v -4.174683 4.013231 9.073688
v -3.872474 -3.665085 12.907160
v -4.192476 3.967955 8.847993
v -3.890266 -3.739810 12.681468
v -3.420549 3.488576 16.940918
v -3.236415 3.476574 17.096022
v -3.236417 -3.476574 17.096022
v -3.420549 -3.488576 16.940918
v -3.214070 3.452571 17.406226
v -3.214073 -3.452574 17.406226
v -3.214070 3.452571 17.406226
v -3.373481 3.440570 17.561323
v -3.373483 -3.440572 17.561323
v -3.214073 -3.452574 17.406226
v -3.556424 3.452571 17.406226
v -3.556427 -3.452574 17.406226
v -3.581148 3.476574 17.096022
v -3.581151 -3.476574 17.096022
v -3.720244 3.630102 12.990556
v -3.566366 3.650442 13.103403
v -3.286928 -3.417306 16.936878
v -3.429419 -3.452373 16.824027
v -3.549914 3.690729 13.329096
v -3.270476 -3.347575 17.162569
v -3.549914 3.690729 13.329096
v -3.686000 3.710671 13.441944
v -3.395175 -3.312907 17.275417
v -3.270476 -3.347575 17.162569
v -3.839205 3.690729 13.329096
v -3.536996 -3.347575 17.162569
v -3.856998 3.650442 13.103403
v -3.554788 -3.417306 16.936878
v -3.097710 3.159315 21.196331
v -2.929900 3.147314 21.351430
v -2.929903 -3.147317 21.351430
v -3.097710 -3.159315 21.196331
v -2.907556 3.123314 21.661636
v -2.907558 -3.123314 21.661636
v -2.907556 3.123314 21.661636
v -3.050642 3.111312 21.816735
v -3.050644 -3.111315 21.816735
v -2.907558 -3.123314 21.661636
v -3.217261 3.123314 21.661636
v -3.217263 -3.123314 21.661636
v -3.241985 3.147314 21.351430
v -3.241987 -3.147317 21.351430
v -3.397405 3.315086 17.245964
v -3.256168 3.332930 17.358812
v -2.976728 -3.094802 21.192286
v -3.106580 -3.127372 21.079439
v -3.239714 3.368223 17.584507
v -2.960276 -3.030063 21.417978
v -3.239714 3.368223 17.584507
v -3.363161 3.385673 17.697354
v -3.072336 -2.997888 21.530825
v -2.960276 -3.030063 21.417978
v -3.503727 3.368223 17.584507
v -3.201518 -3.030063 21.417978
v -3.521520 3.332930 17.358812
v -3.219310 -3.094802 21.192286
v -2.774871 2.830055 25.451739
v -2.623386 2.818054 25.606832
v -2.623388 -2.818056 25.606832
v -2.774871 -2.830058 25.451739
v -2.601041 2.794053 25.917043
v -2.601044 -2.794053 25.917043
v -2.601041 2.794053 25.917043
v -2.727802 2.782052 26.072136
v -2.727805 -2.782054 26.072136
v -2.601044 -2.794053 25.917043
v -2.878099 2.794053 25.917043
v -2.878099 -2.794053 25.917043
v -2.902821 2.818054 25.606832
v -2.902824 -2.818056 25.606832
v -3.074566 3.000070 21.501378
v -2.945968 3.015417 21.614223
v -2.666528 -2.772298 25.447701
v -2.783741 -2.802372 25.334852
v -2.929517 3.045719 21.839918
v -2.650076 -2.712550 25.673380
v -2.929517 3.045719 21.839918
v -3.040322 3.060672 21.952762
v -2.749497 -2.682872 25.786232
v -2.650076 -2.712550 25.673380
v -3.168249 3.045719 21.839918
v -2.866037 -2.712550 25.673380
v -3.186041 3.015419 21.614223
v -2.883830 -2.772298 25.447701
v -2.452032 2.500796 29.707154
v -2.316872 2.488796 29.862245
v -2.316872 -2.488797 29.862245
v -2.452033 -2.500798 29.707154
v -2.294528 2.464794 30.172456
v -2.294529 -2.464795 30.172456
v -2.294528 2.464794 30.172456
v -2.404965 2.452794 30.327550
v -2.404965 -2.452794 30.327550
v -2.294529 -2.464795 30.172456
v -2.538935 2.464794 30.172456
v -2.538936 -2.464795 30.172456
v -2.563657 2.488796 29.862245
v -2.563660 -2.488797 29.862245
v -2.751727 2.685052 25.756794
v -2.635768 2.697907 25.869646
v -2.356328 -2.449795 29.703114
v -2.460902 -2.477373 29.590262
v -2.619317 2.723215 26.095325
v -2.339876 -2.395037 29.928793
v -2.619317 2.723215 26.095325
v -2.717483 2.735671 26.208177
v -2.426657 -2.367857 30.041645
v -2.339876 -2.395037 29.928793
v -2.832771 2.723215 26.095325
v -2.530559 -2.395037 29.928793
v -2.850563 2.697907 25.869646
v -2.548351 -2.449795 29.703114
v 4.705782 -4.395823 -0.000000
v 4.482544 -4.488292 -0.000000
v 2.289027 -2.289029 30.393664
v 2.402878 -2.241870 30.393664
v 4.482544 -4.488292 -0.000000
v 4.390078 -4.711525 0.000000
v 2.241869 -2.402879 30.393664
v 2.289027 -2.289029 30.393664
v 4.482544 -4.934760 -0.000000
v 2.289027 -2.516729 30.393664
v 4.705782 -5.027229 -0.000000
v 2.402878 -2.563886 30.393664
v 4.929017 -4.934760 -0.000000
v 2.516728 -2.516729 30.393664
v 5.021483 -4.711525 0.000000
v 2.563886 -2.402879 30.393664
v 4.929017 -4.488292 -0.000000
v 2.516728 -2.289029 30.393664
v 4.389067 -4.476354 4.174691
v 4.155958 -4.464352 4.329793
v 4.155958 4.464352 4.329793
v 4.389067 4.476354 4.174691
v 4.133614 -4.440352 4.639996
v 4.133616 4.440349 4.639996
v 4.133614 -4.440352 4.639996
v 4.341998 -4.428350 4.795098
v 4.342000 4.428350 4.795098
v 4.133616 4.440349 4.639996
v 4.573915 -4.440352 4.639996
v 4.573918 4.440349 4.639996
v 4.598639 -4.464352 4.329793
v 4.598642 4.464352 4.329793
v 4.688761 -4.575152 0.224327
v 4.496963 -4.602980 0.337174
v 4.217528 4.384817 4.170647
v 4.397936 4.427372 4.057800
v 4.480512 -4.658240 0.562868
v 4.201076 4.300111 4.396341
v 4.480512 -4.658240 0.562868
v 4.654514 -4.685673 0.675715
v 4.363692 4.257954 4.509188
v 4.201076 4.300111 4.396341
v 4.845642 -4.658240 0.562868
v 4.543433 4.300111 4.396341
v 4.863435 -4.602980 0.337174
v 4.561225 4.384817 4.170647
v 4.066228 -4.147093 8.430100
v 3.849444 -4.135094 8.585202
v 3.849444 4.135092 8.585202
v 4.066228 4.147093 8.430100
v 3.827099 -4.111092 8.895405
v 3.827102 4.111092 8.895405
v 3.827099 -4.111092 8.895405
v 4.019159 -4.099090 9.050508
v 4.019159 4.099090 9.050508
v 3.827102 4.111092 8.895405
v 4.234752 -4.111092 8.895405
v 4.234754 4.111092 8.895405
v 4.259476 -4.135094 8.585202
v 4.259478 4.135092 8.585202
v 4.365922 -4.260134 4.479737
v 4.186766 -4.285467 4.592584
v 3.907328 4.062313 8.426056
v 4.075097 4.102372 8.313209
v 4.170312 -4.335737 4.818278
v 3.890876 3.982598 8.651750
v 4.170312 -4.335737 4.818278
v 4.331676 -4.360672 4.931123
v 4.040853 3.942938 8.764598
v 3.890876 3.982598 8.651750
v 4.510164 -4.335737 4.818278
v 4.207952 3.982598 8.651750
v 4.527957 -4.285467 4.592584
v 4.225745 4.062313 8.426056
v 3.743389 -3.817833 12.685512
v 3.542929 -3.805834 12.840615
v 3.542929 3.805834 12.840615
v 3.743389 3.817836 12.685512
v 3.520585 -3.781832 13.150817
v 3.520587 3.781834 13.150817
v 3.520585 -3.781832 13.150817
v 3.696320 -3.769830 13.305917
v 3.696320 3.769832 13.305917
v 3.520587 3.781834 13.150817
v 3.895588 -3.781832 13.150817
v 3.895591 3.781834 13.150817
v 3.920312 -3.805834 12.840615
v 3.920312 3.805834 12.840615
v 4.043083 -3.945118 8.735147
v 3.876566 -3.967955 8.847993
v 3.597128 3.739810 12.681468
v 3.752258 3.777371 12.568621
v 3.860114 -4.013233 9.073688
v 3.580676 3.665085 12.907160
v 3.860114 -4.013233 9.073688
v 4.008836 -4.035671 9.186535
v 3.718014 3.627923 13.020007
v 3.580676 3.665085 12.907160
v 4.174685 -4.013233 9.073688
v 3.872474 3.665085 12.907160
v 4.192478 -3.967955 8.847993
v 3.890266 3.739810 12.681468
v 3.420549 -3.488576 16.940918
v 3.236415 -3.476574 17.096022
v 3.236415 3.476574 17.096022
v 3.420549 3.488576 16.940918
v 3.214073 -3.452574 17.406226
v 3.214070 3.452574 17.406226
v 3.214073 -3.452574 17.406226
v 3.373481 -3.440572 17.561323
v 3.373481 3.440572 17.561323
v 3.214070 3.452574 17.406226
v 3.556427 -3.452574 17.406226
v 3.556427 3.452574 17.406226
v 3.581148 -3.476574 17.096022
v 3.581151 3.476574 17.096022
v 3.720244 -3.630102 12.990556
v 3.566366 -3.650442 13.103403
v 3.286928 3.417306 16.936878
v 3.429419 3.452371 16.824027
v 3.549914 -3.690729 13.329096
v 3.270476 3.347573 17.162569
v 3.549914 -3.690729 13.329096
v 3.686000 -3.710673 13.441944
v 3.395175 3.312907 17.275417
v 3.270476 3.347573 17.162569
v 3.839208 -3.690729 13.329096
v 3.536996 3.347573 17.162569
v 3.857000 -3.650442 13.103403
v 3.554788 3.417306 16.936878
v 3.097710 -3.159315 21.196331
v 2.929900 -3.147317 21.351430
v 2.929900 3.147314 21.351430
v 3.097710 3.159315 21.196331
v 2.907556 -3.123314 21.661636
v 2.907558 3.123314 21.661636
v 2.907556 -3.123314 21.661636
v 3.050642 -3.111312 21.816735
v 3.050644 3.111312 21.816735
v 2.907558 3.123314 21.661636
v 3.217261 -3.123314 21.661636
v 3.217263 3.123314 21.661636
v 3.241985 -3.147317 21.351430
v 3.241985 3.147317 21.351430
v 3.397405 -3.315086 17.245964
v 3.256168 -3.332930 17.358812
v 2.976728 3.094802 21.192286
v 3.106580 3.127370 21.079439
v 3.239714 -3.368225 17.584507
v 2.960276 3.030060 21.417978
v 3.239714 -3.368225 17.584507
v 3.363161 -3.385673 17.697354
v 3.072336 2.997888 21.530825
v 2.960276 3.030060 21.417978
v 3.503729 -3.368225 17.584507
v 3.201518 3.030063 21.417978
v 3.521520 -3.332932 17.358812
v 3.219310 3.094802 21.192286
v 2.774871 -2.830055 25.451739
v 2.623386 -2.818056 25.606832
v 2.623388 2.818056 25.606832
v 2.774871 2.830055 25.451739
v 2.601041 -2.794053 25.917043
v 2.601044 2.794053 25.917043
v 2.601041 -2.794053 25.917043
v 2.727802 -2.782054 26.072136
v 2.727805 2.782052 26.072136
v 2.601044 2.794053 25.917043
v 2.878099 -2.794053 25.917043
v 2.878099 2.794053 25.917043
v 2.902821 -2.818056 25.606832
v 2.902824 2.818056 25.606832
v 3.074566 -3.000070 21.501378
v 2.945966 -3.015419 21.614223
v 2.666530 2.772298 25.447701
v 2.783741 2.802372 25.334852
v 2.929514 -3.045719 21.839918
v 2.650076 2.712547 25.673380
v 2.929514 -3.045719 21.839918
v 3.040322 -3.060672 21.952762
v 2.749497 2.682872 25.786232
v 2.650076 2.712547 25.673380
v 3.168249 -3.045719 21.839918
v 2.866037 2.712547 25.673380
v 3.186041 -3.015419 21.614223
v 2.883830 2.772298 25.447701
v 2.452032 -2.500797 29.707154
v 2.316872 -2.488796 29.862245
v 2.316873 2.488796 29.862245
v 2.452032 2.500797 29.707154
v 2.294528 -2.464794 30.172456
v 2.294529 2.464794 30.172456
v 2.294528 -2.464794 30.172456
v 2.404964 -2.452794 30.327550
v 2.404965 2.452794 30.327550
v 2.294529 2.464794 30.172456
v 2.538935 -2.464794 30.172456
v 2.538935 2.464794 30.172456
v 2.563657 -2.488796 29.862245
v 2.563660 2.488796 29.862245
v 2.751727 -2.685052 25.756794
v 2.635768 -2.697907 25.869646
v 2.356329 2.449794 29.703114
v 2.460902 2.477372 29.590262
v 2.619317 -2.723215 26.095325
v 2.339877 2.395036 29.928793
v 2.619317 -2.723215 26.095325
v 2.717483 -2.735674 26.208177
v 2.426657 2.367856 30.041645
v 2.339877 2.395036 29.928793
v 2.832771 -2.723215 26.095325
v 2.530559 2.395036 29.928793
v 2.850563 -2.697907 25.869646
v 2.548351 2.449794 29.703114
v 5.862607 -3.623666 20.771876
v 5.862607 -3.697057 20.546005
v 5.862607 -3.504918 20.406410
v 5.862607 -3.312780 20.546005
v 5.862607 -3.386170 20.771876
v -5.867133 -3.697051 20.546005
v -5.867133 -3.504913 20.406410
v 5.862607 -3.504918 20.406410
v 5.862607 -3.697057 20.546005
v -5.867133 -3.623661 20.771876
v 5.862607 -3.623666 20.771876
v -5.867133 -3.386165 20.771876
v 5.862607 -3.386170 20.771876
v -5.867133 -3.312777 20.546005
v 5.862607 -3.312780 20.546005
v -5.867133 -3.697051 20.546005
v -5.867133 -3.623661 20.771876
v -5.867133 -3.386165 20.771876
v -5.867133 -3.312777 20.546005
v -5.867133 -3.504913 20.406410
v -5.804814 -3.504913 23.993808
v -5.678668 -3.678542 23.993810
v -5.655122 -3.606079 24.049492
v -5.728622 -3.504913 24.049492
v -5.474553 -3.612223 23.993810
v -5.536197 -3.567438 24.049492
v -5.474553 -3.397606 23.993810
v -5.536197 -3.442391 24.049492
v -5.678668 -3.331286 23.993808
v -5.655122 -3.403750 24.049492
v -5.728622 -3.504913 24.049492
v -5.655122 -3.606079 24.049492
v -5.655122 -3.606079 26.497762
v -5.728622 -3.504913 26.497762
v -5.678668 -3.678542 23.993810
v -5.804814 -3.504913 23.993808
v -5.804817 -3.504916 20.551262
v -5.678668 -3.678545 20.551262
v -5.536197 -3.567438 24.049492
v -5.536197 -3.567438 26.497762
v -5.474553 -3.612223 23.993810
v -5.474556 -3.612223 20.551262
v -5.536197 -3.442391 24.049492
v -5.536197 -3.442391 26.497762
v -5.474553 -3.397606 23.993810
v -5.474556 -3.397608 20.551262
v -5.655122 -3.403750 24.049492
v -5.655122 -3.403750 26.497762
v -5.678668 -3.331286 23.993808
v -5.678668 -3.331286 20.551262
v -5.536197 -3.567438 26.497762
v -5.536197 -3.442391 26.497762
v -5.655122 -3.403750 26.497762
v -5.728622 -3.504913 26.497762
v -5.655122 -3.606079 26.497762
v 5.482750 -3.504916 23.993808
v 5.608899 -3.678545 23.993808
v 5.632442 -3.606081 24.049492
v 5.558942 -3.504916 24.049492
v 5.813011 -3.612225 23.993808
v 5.751370 -3.567440 24.049492
v 5.813011 -3.397608 23.993808
v 5.751370 -3.442393 24.049492
v 5.608899 -3.331289 23.993808
v 5.632442 -3.403752 24.049492
v 5.558942 -3.504916 24.049492
v 5.632442 -3.606081 24.049492
v 5.632445 -3.606081 26.497762
v 5.558945 -3.504916 26.497762
v 5.608899 -3.678545 23.993808
v 5.482750 -3.504916 23.993808
v 5.482748 -3.504918 20.551262
v 5.608896 -3.678548 20.551262
v 5.751370 -3.567440 24.049492
v 5.751370 -3.567440 26.497762
v 5.813011 -3.612225 23.993808
v 5.813008 -3.612228 20.551262
v 5.751370 -3.442393 24.049492
v 5.751370 -3.442393 26.497762
v 5.813011 -3.397608 23.993808
v 5.813008 -3.397611 20.551262
v 5.632442 -3.403752 24.049492
v 5.632445 -3.403752 26.497762
v 5.608899 -3.331289 23.993808
v 5.608896 -3.331289 20.551262
v 5.751370 -3.567440 26.497762
v 5.751370 -3.442393 26.497762
v 5.632445 -3.403752 26.497762
v 5.558945 -3.504916 26.497762
v 5.632445 -3.606081 26.497762
v -2.659990 2.652014 30.498185
v -2.094583 2.094582 30.498185
v 2.094581 2.094583 30.498185
v 2.659987 2.652011 30.498185
v -2.094583 2.094582 30.498185
v -2.094583 2.094582 29.887673
v 2.094581 2.094583 29.887673
v 2.094581 2.094583 30.498185
v -2.094583 2.094582 29.887673
v -2.659990 2.652014 29.887673
v 2.659987 2.652011 29.887673
v 2.094581 2.094583 29.887673
v -2.659990 2.652014 29.887673
v -2.659990 2.652014 30.498185
v 2.659987 2.652011 30.498185
v 2.659987 2.652011 29.887673
v 2.652011 2.659990 30.498185
v 2.094581 2.094583 30.498185
v 2.094582 -2.094581 30.498185
v 2.652011 -2.659987 30.498185
v 2.094581 2.094583 30.498185
v 2.094581 2.094583 29.887673
v 2.094582 -2.094581 29.887673
v 2.094582 -2.094581 30.498185
v 2.094581 2.094583 29.887673
v 2.652011 2.659990 29.887673
v 2.652011 -2.659987 29.887673
v 2.094582 -2.094581 29.887673
v 2.652011 2.659990 29.887673
v 2.652011 2.659990 30.498185
v 2.652011 -2.659987 30.498185
v 2.652011 -2.659987 29.887673
v 2.659987 -2.652011 30.498185
v 2.094582 -2.094581 30.498185
v -2.094583 -2.094582 30.498185
v -2.659990 -2.652011 30.498185
v 2.094582 -2.094581 30.498185
v 2.094582 -2.094581 29.887673
v -2.094583 -2.094582 29.887673
v -2.094583 -2.094582 30.498185
v 2.094582 -2.094581 29.887673
v 2.659987 -2.652011 29.887673
v -2.659990 -2.652011 29.887673
v -2.094583 -2.094582 29.887673
v 2.659987 -2.652011 29.887673
v 2.659987 -2.652011 30.498185
v -2.659990 -2.652011 30.498185
v -2.659990 -2.652011 29.887673
v -2.652014 -2.659990 30.498185
v -2.094583 -2.094582 30.498185
v -2.094583 2.094582 30.498185
v -2.652011 2.659990 30.498185
v -2.094583 -2.094582 30.498185
v -2.094583 -2.094582 29.887673
v -2.094583 2.094582 29.887673
v -2.094583 2.094582 30.498185
v -2.094583 -2.094582 29.887673
v -2.652014 -2.659990 29.887673
v -2.652011 2.659990 29.887673
v -2.094583 2.094582 29.887673
v -2.652014 -2.659990 29.887673
v -2.652014 -2.659990 30.498185
v -2.652011 2.659990 30.498185
v -2.652011 2.659990 29.887673
v 2.048459 -2.389583 30.434127
v 2.389582 -2.048459 30.434127
v -2.048460 2.389582 30.434127
v -2.389583 2.048460 30.434127
v 2.389582 -2.048459 30.434127
v 2.389582 -2.048459 29.951707
v -2.048460 2.389582 29.951707
v -2.048460 2.389582 30.434127
v 2.389582 -2.048459 29.951707
v 2.048459 -2.389583 29.951707
v -2.389583 2.048459 29.951707
v -2.048460 2.389582 29.951707
v 2.048459 -2.389583 29.951707
v 2.048459 -2.389583 30.434127
v -2.389583 2.048460 30.434127
v -2.389583 2.048459 29.951707
v 2.637028 -3.896721 30.315712
v 2.637028 -3.859063 30.121963
v 2.170492 -3.859060 30.121963
v 2.170492 -3.896721 30.315712
v 2.637028 -4.092616 30.339767
v 2.170492 -4.092616 30.339767
v 2.637028 -4.176027 30.160900
v 2.637028 -4.092616 30.339767
v 2.170492 -4.092616 30.339767
v 2.170492 -4.176027 30.160900
v 2.637028 -4.031684 30.026279
v 2.170492 -4.031681 30.026279
v 2.600150 -4.411523 29.908450
v 2.600150 -4.050604 30.682437
v 2.600150 -3.751771 30.348225
v 2.600150 -3.963411 29.894352
v 2.697241 -4.411523 29.908450
v 2.697241 -3.963411 29.894352
v 2.697241 -3.751771 30.348225
v 2.697241 -4.050604 30.682437
v 2.600150 -4.411523 29.908450
v 2.600150 -3.963411 29.894352
v 2.697241 -3.963411 29.894352
v 2.697241 -4.411523 29.908450
v 2.600150 -3.963411 29.894352
v 2.600150 -3.751771 30.348225
v 2.697241 -3.751771 30.348225
v 2.697241 -3.963411 29.894352
v 2.600150 -3.751771 30.348225
v 2.600150 -4.050604 30.682437
v 2.697241 -4.050604 30.682437
v 2.697241 -3.751771 30.348225
v 2.207370 -4.411523 29.908450
v 2.207370 -3.963411 29.894352
v 2.207370 -3.751771 30.348225
v 2.207370 -4.050604 30.682437
v 2.110278 -4.411523 29.908450
v 2.110279 -4.050604 30.682437
v 2.110279 -3.751771 30.348225
v 2.110279 -3.963411 29.894352
v 2.207370 -4.411523 29.908450
v 2.110278 -4.411523 29.908450
v 2.110279 -3.963411 29.894352
v 2.207370 -3.963411 29.894352
v 2.207370 -3.963411 29.894352
v 2.110279 -3.963411 29.894352
v 2.110279 -3.751771 30.348225
v 2.207370 -3.751771 30.348225
v 2.207370 -3.751771 30.348225
v 2.110279 -3.751771 30.348225
v 2.110279 -4.050604 30.682437
v 2.207370 -4.050604 30.682437
v 1.779350 -4.105178 32.807960
v 1.708618 -4.438635 33.254721
v 2.403760 -4.399958 33.337677
v 2.403760 -4.070436 32.882486
v 1.197493 -4.207032 32.589546
v 1.060850 -4.552028 33.011542
v 0.697841 -4.369064 32.242075
v 0.504599 -4.732414 32.624725
v 0.314445 -4.580225 31.789216
v 0.077772 -4.967496 32.120585
v 0.073432 -4.826129 31.261887
v -0.190543 -5.241254 31.533517
v -0.008773 -5.090015 30.695978
v -0.282060 -5.535033 30.903494
v 0.073431 -5.353901 30.130065
v -0.190543 -5.828812 30.273473
v 0.314444 -5.599806 29.602736
v 0.077771 -6.102571 29.686402
v 0.697840 -5.810966 29.149880
v 0.504598 -6.337653 29.182262
v 1.197492 -5.972998 28.802406
v 1.060849 -6.518039 28.795421
v 1.779348 -6.074854 28.583992
v 1.708616 -6.631432 28.552242
v 2.403758 -6.109596 28.509469
v 2.403757 -6.670108 28.469310
v 3.028168 -6.074854 28.583992
v 3.098899 -6.631432 28.552242
v 3.610023 -5.972998 28.802406
v 3.746668 -6.518039 28.795421
v 4.109677 -5.810969 29.149880
v 4.302918 -6.337653 29.182262
v 4.493072 -5.599806 29.602736
v 4.729744 -6.102574 29.686402
v 4.734087 -5.353903 30.130065
v 4.998060 -5.828815 30.273473
v 4.816292 -5.090018 30.695978
v 5.089578 -5.535036 30.903494
v 4.734087 -4.826129 31.261887
v 4.998062 -5.241254 31.533489
v 4.493075 -4.580227 31.789216
v 4.729749 -4.967498 32.120585
v 4.109679 -4.369064 32.242047
v 4.302923 -4.732416 32.624725
v 3.610028 -4.207035 32.589546
v 3.746670 -4.552031 33.011542
v 3.028170 -4.105178 32.807960
v 3.098904 -4.438635 33.254721
v 1.893840 -3.895352 32.238671
v 2.403760 -3.866980 32.299504
v 1.418671 -3.978532 32.060285
v 1.010633 -4.110853 31.776516
v 0.697536 -4.283296 31.406719
v 0.500714 -4.484111 30.976063
v 0.433582 -4.699612 30.513936
v 0.500713 -4.915114 30.051781
v 0.697535 -5.115928 29.621125
v 1.010632 -5.288374 29.251325
v 1.418669 -5.420695 28.967556
v 1.893839 -5.503875 28.789173
v 2.403758 -5.532247 28.728339
v 2.913677 -5.503875 28.789173
v 3.388848 -5.420695 28.967556
v 3.796883 -5.288374 29.251325
v 4.109982 -5.115931 29.621125
v 4.306804 -4.915116 30.051781
v 4.373938 -4.699615 30.513936
v 4.306806 -4.484114 30.976063
v 4.109984 -4.283299 31.406719
v 3.796886 -4.110853 31.776516
v 3.388850 -3.978532 32.060285
v 2.913682 -3.895352 32.238671
v 2.043069 -3.831056 31.594196
v 2.403760 -3.810991 31.637225
v 1.706958 -3.889896 31.468008
v 1.418333 -3.983492 31.267298
v 1.196864 -4.105471 31.005704
v 1.057643 -4.247517 30.701081
v 1.010156 -4.399950 30.374183
v 1.057642 -4.552386 30.047285
v 1.196863 -4.694431 29.742662
v 1.418333 -4.816411 29.481094
v 1.706957 -4.910008 29.280383
v 2.043068 -4.968844 29.154196
v 2.403758 -4.988913 29.111169
v 2.764450 -4.968844 29.154196
v 3.100560 -4.910008 29.280383
v 3.389185 -4.816411 29.481094
v 3.610656 -4.694433 29.742662
v 3.749876 -4.552386 30.047285
v 3.797364 -4.399953 30.374183
v 3.749876 -4.247517 30.701081
v 3.610656 -4.105471 31.005704
v 3.389188 -3.983492 31.267298
v 3.100563 -3.889896 31.468008
v 2.764452 -3.831059 31.594196
v 2.216882 -3.916713 30.918404
v 2.403760 -3.906314 30.940679
v 2.042739 -3.947196 30.853025
v 1.893199 -3.995689 30.749038
v 1.778453 -4.058887 30.613502
v 1.706322 -4.132483 30.455667
v 1.681718 -4.211462 30.286300
v 1.706321 -4.290441 30.116934
v 1.778453 -4.364035 29.959095
v 1.893199 -4.427233 29.823563
v 2.042738 -4.475726 29.719575
v 2.216881 -4.506211 29.654196
v 2.403759 -4.516610 29.631894
v 2.590637 -4.506211 29.654196
v 2.764780 -4.475729 29.719575
v 2.914320 -4.427235 29.823563
v 3.029064 -4.364038 29.959095
v 3.101198 -4.290441 30.116934
v 3.125800 -4.211462 30.286300
v 3.101198 -4.132483 30.455667
v 3.029067 -4.058889 30.613502
v 2.914320 -3.995689 30.749038
v 2.764780 -3.947198 30.853025
v 2.590637 -3.916713 30.918404
v 2.403760 -4.147015 30.256252
v 2.403760 -4.472252 33.257920
v 1.735235 -4.509447 33.178139
v 1.804376 -4.181970 32.740727
v 2.403760 -4.148623 32.812227
v 1.112269 -4.618500 32.944284
v 1.245841 -4.279745 32.531050
v 0.577316 -4.791977 32.572247
v 0.766215 -4.435279 32.197498
v 0.166832 -5.018057 32.087415
v 0.398185 -4.637979 31.762802
v -0.091209 -5.281333 31.522823
v 0.166832 -4.874026 31.256604
v -0.179222 -5.563865 30.916931
v 0.087922 -5.127335 30.713375
v -0.091209 -5.846394 30.311040
v 0.166832 -5.380647 30.170146
v 0.166831 -6.109673 29.746448
v 0.398184 -5.616694 29.663947
v 0.577315 -6.335753 29.261612
v 0.766214 -5.819391 29.229255
v 1.112267 -6.509230 28.889579
v 1.245839 -5.974928 28.895700
v 1.735233 -6.618282 28.655721
v 1.804375 -6.072703 28.686023
v 2.403757 -6.655481 28.575964
v 2.403758 -6.106051 28.614523
v 3.072282 -6.618285 28.655721
v 3.003141 -6.072703 28.686023
v 3.695248 -6.509233 28.889579
v 3.561677 -5.974928 28.895700
v 4.230202 -6.335753 29.261612
v 4.041303 -5.819394 29.229255
v 4.640684 -6.109673 29.746448
v 4.409333 -5.616694 29.663947
v 4.898725 -5.846397 30.311040
v 4.640687 -5.380647 30.170146
v 4.986739 -5.563867 30.916931
v 4.719597 -5.127338 30.713375
v 4.898728 -5.281336 31.522823
v 4.640689 -4.874029 31.256604
v 4.640689 -5.018060 32.087415
v 4.409336 -4.637982 31.762802
v 4.230205 -4.791979 32.572247
v 4.041305 -4.435282 32.197498
v 3.695253 -4.618500 32.944284
v 3.561679 -4.279745 32.531050
v 3.072287 -4.509447 33.178139
v 3.003146 -4.181970 32.740727
v 1.914366 -3.980592 32.193889
v 2.403760 -3.953363 32.252286
v 1.458323 -4.060424 32.022693
v 1.066710 -4.187418 31.750357
v 0.766215 -4.352922 31.395442
v 0.577316 -4.545653 30.982134
v 0.512885 -4.752480 30.538573
v 0.577316 -4.959307 30.095037
v 0.766214 -5.152039 29.681729
v 1.066709 -5.317543 29.326815
v 1.458321 -5.444536 29.054450
v 1.914363 -5.524368 28.883254
v 2.403758 -5.551599 28.824861
v 2.893152 -5.524371 28.883254
v 3.349196 -5.444538 29.054450
v 3.740808 -5.317543 29.326815
v 4.041303 -5.152039 29.681729
v 4.230202 -4.959309 30.095037
v 4.294632 -4.752482 30.538573
v 4.230202 -4.545655 30.982134
v 4.041305 -4.352922 31.395442
v 3.740810 -4.187421 31.750357
v 3.349198 -4.060426 32.022693
v 2.893157 -3.980594 32.193889
v 2.057706 -3.919037 31.574944
v 2.403760 -3.899781 31.616244
v 1.735234 -3.975486 31.453888
v 1.458323 -4.065285 31.261304
v 1.245840 -4.182313 31.010352
v 1.112269 -4.318595 30.718075
v 1.066709 -4.464843 30.404460
v 1.112269 -4.611093 30.090821
v 1.245840 -4.747374 29.798569
v 1.458322 -4.864402 29.547592
v 1.735233 -4.954201 29.355033
v 2.057705 -5.010650 29.233952
v 2.403758 -5.029906 29.192677
v 2.749812 -5.010650 29.233952
v 3.072282 -4.954201 29.355008
v 3.349196 -4.864402 29.547592
v 3.561679 -4.747374 29.798569
v 3.695250 -4.611093 30.090821
v 3.740810 -4.464845 30.404460
v 3.695250 -4.318597 30.718075
v 3.561679 -4.182313 31.010352
v 3.349198 -4.065285 31.261304
v 3.072285 -3.975486 31.453888
v 2.749817 -3.919037 31.574944
v 2.224629 -4.001496 30.926025
v 2.403760 -3.991531 30.947410
v 2.057705 -4.030718 30.863363
v 1.914365 -4.077200 30.763666
v 1.804376 -4.137779 30.633770
v 1.735233 -4.208323 30.482490
v 1.711651 -4.284028 30.320134
v 1.735233 -4.359732 30.157800
v 1.804376 -4.430276 30.006494
v 1.914365 -4.490855 29.876598
v 2.057705 -4.537339 29.776902
v 2.224628 -4.566559 29.714242
v 2.403759 -4.576526 29.692879
v 2.582890 -4.566559 29.714242
v 2.749814 -4.537339 29.776902
v 2.893154 -4.490855 29.876598
v 3.003144 -4.430276 30.006494
v 3.072285 -4.359732 30.157800
v 3.095869 -4.284028 30.320134
v 3.072285 -4.208325 30.482490
v 3.003144 -4.137779 30.633770
v 2.893154 -4.077200 30.763666
v 2.749814 -4.030718 30.863363
v 2.582893 -4.001496 30.926025
v 2.403760 -4.222354 30.291379
v 2.403760 -4.399958 33.337677
v 1.708618 -4.438635 33.254721
v 1.735235 -4.509447 33.178139
v 2.403760 -4.472252 33.257920
v 1.060850 -4.552028 33.011542
v 1.112269 -4.618500 32.944284
v 0.504599 -4.732414 32.624725
v 0.577316 -4.791977 32.572247
v 0.077772 -4.967496 32.120585
v 0.166832 -5.018057 32.087415
v -0.190543 -5.241254 31.533517
v -0.091209 -5.281333 31.522823
v -0.282060 -5.535033 30.903494
v -0.179222 -5.563865 30.916931
v -0.190543 -5.828812 30.273473
v -0.091209 -5.846394 30.311040
v 0.077771 -6.102571 29.686402
v 0.166831 -6.109673 29.746448
v 0.504598 -6.337653 29.182262
v 0.577315 -6.335753 29.261612
v 1.060849 -6.518039 28.795421
v 1.112267 -6.509230 28.889579
v 1.708616 -6.631432 28.552242
v 1.735233 -6.618282 28.655721
v 2.403757 -6.670108 28.469310
v 2.403757 -6.655481 28.575964
v 3.098899 -6.631432 28.552242
v 3.072282 -6.618285 28.655721
v 3.746668 -6.518039 28.795421
v 3.695248 -6.509233 28.889579
v 4.302918 -6.337653 29.182262
v 4.230202 -6.335753 29.261612
v 4.729744 -6.102574 29.686402
v 4.640684 -6.109673 29.746448
v 4.998060 -5.828815 30.273473
v 4.898725 -5.846397 30.311040
v 5.089578 -5.535036 30.903494
v 4.986739 -5.563867 30.916931
v 4.998062 -5.241254 31.533489
v 4.898728 -5.281336 31.522823
v 4.729749 -4.967498 32.120585
v 4.640689 -5.018060 32.087415
v 4.302923 -4.732416 32.624725
v 4.230205 -4.791979 32.572247
v 3.746670 -4.552031 33.011542
v 3.695253 -4.618500 32.944284
v 3.098904 -4.438635 33.254721
v 3.072287 -4.509447 33.178139
v 2.403760 -5.433949 31.000979
v 2.279102 -5.472224 30.918888
v 2.331129 -5.537617 30.930723
v 2.403760 -5.515315 30.978553
v 2.326717 -5.534157 30.786071
v 2.358871 -5.573700 30.853354
v 2.480801 -5.534157 30.786071
v 2.448648 -5.573700 30.853354
v 2.528416 -5.472224 30.918888
v 2.476391 -5.537617 30.930723
v 2.403760 -5.515315 30.978553
v 2.331129 -5.537617 30.930723
v 2.331128 -6.459990 31.360845
v 2.403759 -6.437688 31.408675
v 2.279102 -5.472224 30.918888
v 2.403760 -5.433949 31.000979
v 2.403760 -4.129509 30.392700
v 2.279103 -4.167784 30.310634
v 2.358871 -5.573700 30.853354
v 2.358871 -6.496073 31.283452
v 2.326717 -5.534157 30.786071
v 2.326718 -4.229715 30.177817
v 2.448648 -5.573700 30.853354
v 2.448648 -6.496073 31.283452
v 2.480801 -5.534157 30.786071
v 2.480802 -4.229715 30.177817
v 2.476391 -5.537617 30.930723
v 2.476390 -6.459990 31.360845
v 2.528416 -5.472224 30.918888
v 2.528417 -4.167784 30.310634
v 2.403759 -6.507294 31.494933
v 2.403759 -6.437688 31.408675
v 2.331128 -6.459990 31.360845
v 2.284750 -6.543835 31.416575
v 2.358871 -6.496073 31.283452
v 2.330207 -6.602961 31.289777
v 2.448648 -6.496073 31.283452
v 2.477311 -6.602961 31.289777
v 2.476390 -6.459990 31.360845
v 2.522769 -6.543835 31.416575
v 2.403759 -6.584749 31.496812
v 2.314264 -6.612230 31.437886
v 2.403759 -6.674757 31.434937
v 2.348449 -6.656692 31.342533
v 2.459071 -6.656692 31.342533
v 2.493255 -6.612230 31.437886
v -2.621059 3.942860 30.315712
v -2.621059 3.905199 30.121963
v -2.154521 3.905199 30.121963
v -2.154522 3.942860 30.315712
v -2.621059 4.138755 30.339767
v -2.154522 4.138755 30.339767
v -2.621059 4.222166 30.160900
v -2.621059 4.138755 30.339767
v -2.154522 4.138755 30.339767
v -2.154522 4.222166 30.160900
v -2.621059 4.077820 30.026279
v -2.154522 4.077820 30.026279
v -2.584181 4.457659 29.908450
v -2.584181 4.096743 30.682437
v -2.584181 3.797910 30.348225
v -2.584178 4.009550 29.894352
v -2.681272 4.457659 29.908450
v -2.681272 4.009550 29.894352
v -2.681272 3.797910 30.348225
v -2.681272 4.096743 30.682437
v -2.584181 4.457659 29.908450
v -2.584178 4.009550 29.894352
v -2.681272 4.009550 29.894352
v -2.681272 4.457659 29.908450
v -2.584178 4.009550 29.894352
v -2.584181 3.797910 30.348225
v -2.681272 3.797910 30.348225
v -2.681272 4.009550 29.894352
v -2.584181 3.797910 30.348225
v -2.584181 4.096743 30.682437
v -2.681272 4.096743 30.682437
v -2.681272 3.797910 30.348225
v -2.191400 4.457659 29.908450
v -2.191400 4.009550 29.894352
v -2.191400 3.797910 30.348225
v -2.191400 4.096743 30.682437
v -2.094308 4.457659 29.908450
v -2.094308 4.096743 30.682437
v -2.094308 3.797910 30.348225
v -2.094308 4.009550 29.894352
v -2.191400 4.457659 29.908450
v -2.094308 4.457659 29.908450
v -2.094308 4.009550 29.894352
v -2.191400 4.009550 29.894352
v -2.191400 4.009550 29.894352
v -2.094308 4.009550 29.894352
v -2.094308 3.797910 30.348225
v -2.191400 3.797910 30.348225
v -2.191400 3.797910 30.348225
v -2.094308 3.797910 30.348225
v -2.094308 4.096743 30.682437
v -2.191400 4.096743 30.682437
v -1.763380 4.151315 32.807960
v -1.692649 4.484771 33.254721
v -2.387790 4.446095 33.337677
v -2.387790 4.116575 32.882486
v -1.181523 4.253171 32.589546
v -1.044881 4.598167 33.011542
v -0.681872 4.415203 32.242075
v -0.488629 4.778553 32.624725
v -0.298476 4.626364 31.789216
v -0.061802 5.013635 32.120585
v -0.057462 4.872266 31.261887
v 0.206512 5.287394 31.533517
v 0.024743 5.136154 30.695978
v 0.298029 5.581173 30.903494
v -0.057462 5.400042 30.130065
v 0.206513 5.874951 30.273473
v -0.298475 5.645945 29.602736
v -0.061802 6.148710 29.686402
v -0.681871 5.857105 29.149880
v -0.488628 6.383792 29.182262
v -1.181523 6.019137 28.802406
v -1.044879 6.564175 28.795421
v -1.763379 6.120991 28.583992
v -1.692647 6.677571 28.552242
v -2.387789 6.155733 28.509469
v -2.387788 6.716245 28.469310
v -3.012199 6.120991 28.583992
v -3.082930 6.677571 28.552242
v -3.594054 6.019137 28.802406
v -3.730699 6.564175 28.795421
v -4.093705 5.857105 29.149880
v -4.286948 6.383792 29.182262
v -4.477103 5.645945 29.602736
v -4.713775 6.148710 29.686402
v -4.718116 5.400040 30.130065
v -4.982090 5.874951 30.273473
v -4.800323 5.136154 30.695978
v -5.073609 5.581173 30.903494
v -4.718119 4.872268 31.261887
v -4.982093 5.287394 31.533489
v -4.477106 4.626364 31.789216
v -4.713778 5.013635 32.120585
v -4.093710 4.415203 32.242047
v -4.286953 4.778553 32.624725
v -3.594059 4.253171 32.589546
v -3.730701 4.598167 33.011542
v -3.012201 4.151315 32.807960
v -3.082935 4.484774 33.254721
v -1.877870 3.941488 32.238671
v -2.387790 3.913119 32.299504
v -1.402701 4.024671 32.060285
v -0.994664 4.156992 31.776516
v -0.681566 4.329435 31.406719
v -0.484744 4.530250 30.976063
v -0.417612 4.745751 30.513936
v -0.484744 4.961253 30.051781
v -0.681565 5.162067 29.621125
v -0.994663 5.334513 29.251325
v -1.402700 5.466835 28.967556
v -1.877869 5.550012 28.789173
v -2.387789 5.578384 28.728339
v -2.897708 5.550012 28.789173
v -3.372879 5.466832 28.967556
v -3.780915 5.334510 29.251325
v -4.094013 5.162067 29.621125
v -4.290835 4.961253 30.051781
v -4.357967 4.745751 30.513936
v -4.290837 4.530250 30.976063
v -4.094015 4.329435 31.406719
v -3.780917 4.156992 31.776516
v -3.372881 4.024671 32.060285
v -2.897711 3.941491 32.238671
v -2.027098 3.877196 31.594196
v -2.387790 3.857127 31.637225
v -1.690988 3.936035 31.468008
v -1.402363 4.029631 31.267298
v -1.180894 4.151610 31.005704
v -1.041673 4.293654 30.701081
v -0.994187 4.446089 30.374183
v -1.041672 4.598525 30.047285
v -1.180894 4.740572 29.742662
v -1.402363 4.862548 29.481094
v -1.690988 4.956144 29.280383
v -2.027098 5.014981 29.154196
v -2.387789 5.035050 29.111169
v -2.748481 5.014981 29.154196
v -3.084591 4.956144 29.280383
v -3.373214 4.862548 29.481094
v -3.594684 4.740570 29.742662
v -3.733907 4.598523 30.047285
v -3.781392 4.446089 30.374183
v -3.733907 4.293654 30.701081
v -3.594687 4.151610 31.005704
v -3.373217 4.029631 31.267298
v -3.084594 3.936035 31.468008
v -2.748483 3.877196 31.594196
v -2.200911 3.962850 30.918404
v -2.387790 3.952453 30.940679
v -2.026769 3.993335 30.853025
v -1.877229 4.041828 30.749038
v -1.762484 4.105026 30.613502
v -1.690352 4.178622 30.455667
v -1.665748 4.257601 30.286300
v -1.690351 4.336578 30.116934
v -1.762483 4.410174 29.959095
v -1.877229 4.473372 29.823563
v -2.026769 4.521865 29.719575
v -2.200911 4.552348 29.654196
v -2.387789 4.562747 29.631894
v -2.574666 4.552350 29.654196
v -2.748808 4.521865 29.719575
v -2.898348 4.473372 29.823563
v -3.013095 4.410174 29.959095
v -3.085229 4.336578 30.116934
v -3.109831 4.257601 30.286300
v -3.085229 4.178622 30.455667
v -3.013095 4.105026 30.613502
v -2.898351 4.041828 30.749038
v -2.748811 3.993335 30.853025
v -2.574668 3.962850 30.918404
v -2.387790 4.193151 30.256252
v -2.387790 4.518388 33.257920
v -1.719265 4.555584 33.178139
v -1.788407 4.228109 32.740727
v -2.387790 4.194759 32.812227
v -1.096299 4.664639 32.944284
v -1.229871 4.325882 32.531050
v -0.561347 4.838116 32.572247
v -0.750245 4.481419 32.197498
v -0.150862 5.064196 32.087415
v -0.382216 4.684118 31.762802
v 0.107179 5.327472 31.522823
v -0.150862 4.920166 31.256604
v 0.195191 5.610004 30.916931
v -0.071952 5.173475 30.713375
v 0.107179 5.892533 30.311040
v -0.150862 5.426786 30.170146
v -0.150862 6.155812 29.746448
v -0.382215 5.662833 29.663947
v -0.561345 6.381892 29.261612
v -0.750245 5.865531 29.229255
v -1.096298 6.555369 28.889579
v -1.229870 6.021067 28.895700
v -1.719264 6.664422 28.655721
v -1.788406 6.118840 28.686023
v -2.387788 6.701617 28.575964
v -2.387789 6.152190 28.614523
v -3.056313 6.664422 28.655721
v -2.987172 6.118840 28.686023
v -3.679279 6.555369 28.889579
v -3.545708 6.021067 28.895700
v -4.214231 6.381892 29.261612
v -4.025334 5.865531 29.229255
v -4.624715 6.155810 29.746448
v -4.393364 5.662833 29.663947
v -4.882756 5.892536 30.311040
v -4.624718 5.426786 30.170146
v -4.970770 5.610004 30.916931
v -4.703628 5.173475 30.713375
v -4.882759 5.327472 31.522823
v -4.624718 4.920166 31.256604
v -4.624718 5.064196 32.087415
v -4.393364 4.684118 31.762802
v -4.214236 4.838116 32.572247
v -4.025336 4.481419 32.197498
v -3.679282 4.664636 32.944284
v -3.545710 4.325882 32.531050
v -3.056318 4.555584 33.178139
v -2.987175 4.228109 32.740727
v -1.898396 4.026731 32.193889
v -2.387790 3.999502 32.252286
v -1.442353 4.106563 32.022693
v -1.050740 4.233558 31.750357
v -0.750245 4.399059 31.395442
v -0.561346 4.591792 30.982134
v -0.496916 4.798619 30.538573
v -0.561346 5.005446 30.095037
v -0.750245 5.198178 29.681729
v -1.050739 5.363680 29.326815
v -1.442352 5.490675 29.054450
v -1.898395 5.570507 28.883254
v -2.387789 5.597736 28.824861
v -2.877183 5.570507 28.883254
v -3.333227 5.490675 29.054450
v -3.724839 5.363680 29.326815
v -4.025334 5.198178 29.681729
v -4.214233 5.005446 30.095037
v -4.278663 4.798619 30.538573
v -4.214233 4.591792 30.982134
v -4.025336 4.399062 31.395442
v -3.724841 4.233558 31.750357
v -3.333229 4.106563 32.022693
v -2.877185 4.026731 32.193889
v -2.041736 3.965174 31.574944
v -2.387790 3.945920 31.616244
v -1.719265 4.021625 31.453888
v -1.442353 4.111424 31.261304
v -1.229870 4.228450 31.010352
v -1.096299 4.364734 30.718075
v -1.050739 4.510982 30.404460
v -1.096299 4.657230 30.090821
v -1.229870 4.793513 29.798569
v -1.442352 4.910541 29.547592
v -1.719264 5.000341 29.355033
v -2.041735 5.056789 29.233952
v -2.387789 5.076042 29.192677
v -2.733843 5.056789 29.233952
v -3.056313 5.000341 29.355008
v -3.333227 4.910541 29.547592
v -3.545708 4.793513 29.798569
v -3.679282 4.657230 30.090821
v -3.724839 4.510982 30.404460
v -3.679282 4.364734 30.718075
v -3.545710 4.228450 31.010352
v -3.333227 4.111422 31.261304
v -3.056316 4.021625 31.453888
v -2.733845 3.965174 31.574944
v -2.208659 4.047635 30.926025
v -2.387790 4.037668 30.947410
v -2.041736 4.076855 30.863363
v -1.898395 4.123339 30.763666
v -1.788406 4.183916 30.633770
v -1.719264 4.254462 30.482490
v -1.695681 4.330167 30.320134
v -1.719264 4.405871 30.157800
v -1.788406 4.476415 30.006494
v -1.898394 4.536991 29.876598
v -2.041735 4.583476 29.776902
v -2.208658 4.612696 29.714242
v -2.387789 4.622663 29.692879
v -2.566919 4.612696 29.714242
v -2.733843 4.583476 29.776902
v -2.877185 4.536991 29.876598
v -2.987172 4.476415 30.006494
v -3.056316 4.405871 30.157800
v -3.079897 4.330167 30.320134
v -3.056316 4.254462 30.482490
v -2.987175 4.183916 30.633770
v -2.877185 4.123339 30.763666
v -2.733845 4.076855 30.863363
v -2.566921 4.047635 30.926025
v -2.387790 4.268493 30.291379
v -2.387790 4.446095 33.337677
v -1.692649 4.484771 33.254721
v -1.719265 4.555584 33.178139
v -2.387790 4.518388 33.257920
v -1.044881 4.598167 33.011542
v -1.096299 4.664639 32.944284
v -0.488629 4.778553 32.624725
v -0.561347 4.838116 32.572247
v -0.061802 5.013635 32.120585
v -0.150862 5.064196 32.087415
v 0.206512 5.287394 31.533517
v 0.107179 5.327472 31.522823
v 0.298029 5.581173 30.903494
v 0.195191 5.610004 30.916931
v 0.206513 5.874951 30.273473
v 0.107179 5.892533 30.311040
v -0.061802 6.148710 29.686402
v -0.150862 6.155812 29.746448
v -0.488628 6.383792 29.182262
v -0.561345 6.381892 29.261612
v -1.044879 6.564175 28.795421
v -1.096298 6.555369 28.889579
v -1.692647 6.677571 28.552242
v -1.719264 6.664422 28.655721
v -2.387788 6.716245 28.469310
v -2.387788 6.701617 28.575964
v -3.082930 6.677571 28.552242
v -3.056313 6.664422 28.655721
v -3.730699 6.564175 28.795421
v -3.679279 6.555369 28.889579
v -4.286948 6.383792 29.182262
v -4.214231 6.381892 29.261612
v -4.713775 6.148710 29.686402
v -4.624715 6.155810 29.746448
v -4.982090 5.874951 30.273473
v -4.882756 5.892536 30.311040
v -5.073609 5.581173 30.903494
v -4.970770 5.610004 30.916931
v -4.982093 5.287394 31.533489
v -4.882759 5.327472 31.522823
v -4.713778 5.013635 32.120585
v -4.624718 5.064196 32.087415
v -4.286953 4.778553 32.624725
v -4.214236 4.838116 32.572247
v -3.730701 4.598167 33.011542
v -3.679282 4.664636 32.944284
v -3.082935 4.484774 33.254721
v -3.056318 4.555584 33.178139
v -2.387790 5.480088 31.000979
v -2.263133 5.518364 30.918888
v -2.315159 5.583753 30.930723
v -2.387790 5.561452 30.978553
v -2.310748 5.580293 30.786071
v -2.342902 5.619836 30.853354
v -2.464832 5.580293 30.786071
v -2.432679 5.619836 30.853354
v -2.512447 5.518364 30.918888
v -2.460421 5.583753 30.930723
v -2.387790 5.561452 30.978553
v -2.315159 5.583753 30.930723
v -2.315159 6.506126 31.360845
v -2.387790 6.483827 31.408675
v -2.263133 5.518364 30.918888
v -2.387790 5.480088 31.000979
v -2.387790 4.175646 30.392700
v -2.263133 4.213921 30.310634
v -2.342902 5.619836 30.853354
v -2.342902 6.542212 31.283452
v -2.310748 5.580293 30.786071
v -2.310748 4.275854 30.177817
v -2.432679 5.619836 30.853354
v -2.432679 6.542212 31.283452
v -2.464832 5.580293 30.786071
v -2.464832 4.275854 30.177817
v -2.460421 5.583753 30.930723
v -2.460421 6.506126 31.360845
v -2.512447 5.518364 30.918888
v -2.512447 4.213921 30.310634
v -2.387790 6.553433 31.494933
v -2.387790 6.483827 31.408675
v -2.315159 6.506126 31.360845
v -2.268781 6.589974 31.416575
v -2.342902 6.542212 31.283452
v -2.314238 6.649100 31.289777
v -2.432679 6.542212 31.283452
v -2.461342 6.649100 31.289777
v -2.460421 6.506126 31.360845
v -2.506800 6.589974 31.416575
v -2.387790 6.630888 31.496812
v -2.298294 6.658366 31.437886
v -2.387790 6.720894 31.434937
v -2.332479 6.702829 31.342533
v -2.443102 6.702831 31.342533
v -2.477286 6.658366 31.437886
v 5.862607 3.386165 20.771876
v 5.862607 3.312777 20.546005
v 5.862607 3.504913 20.406410
v 5.862607 3.697051 20.546005
v 5.862607 3.623661 20.771876
v -5.867133 3.312782 20.546005
v -5.867133 3.504918 20.406410
v 5.862607 3.504913 20.406410
v 5.862607 3.312777 20.546005
v -5.867133 3.386170 20.771876
v 5.862607 3.386165 20.771876
v -5.867133 3.623666 20.771876
v 5.862607 3.623661 20.771876
v -5.867133 3.697057 20.546005
v 5.862607 3.697051 20.546005
v -5.867133 3.312782 20.546005
v -5.867133 3.386170 20.771876
v -5.867133 3.623666 20.771876
v -5.867133 3.697057 20.546005
v -5.867133 3.504918 20.406410
v -5.804814 3.504918 23.993808
v -5.678668 3.331289 23.993810
v -5.655122 3.403755 24.049492
v -5.728622 3.504921 24.049492
v -5.474553 3.397611 23.993810
v -5.536197 3.442396 24.049492
v -5.474553 3.612228 23.993810
v -5.536197 3.567443 24.049492
v -5.678668 3.678548 23.993808
v -5.655122 3.606084 24.049492
v -5.728622 3.504921 24.049492
v -5.655122 3.403755 24.049492
v -5.655122 3.403755 26.497762
v -5.728622 3.504918 26.497762
v -5.678668 3.331289 23.993810
v -5.804814 3.504918 23.993808
v -5.804817 3.504918 20.551262
v -5.678668 3.331289 20.551262
v -5.536197 3.442396 24.049492
v -5.536197 3.442396 26.497762
v -5.474553 3.397611 23.993810
v -5.474556 3.397608 20.551262
v -5.536197 3.567443 24.049492
v -5.536197 3.567443 26.497762
v -5.474553 3.612228 23.993810
v -5.474556 3.612225 20.551262
v -5.655122 3.606084 24.049492
v -5.655122 3.606084 26.497762
v -5.678668 3.678548 23.993808
v -5.678668 3.678548 20.551262
v -5.536197 3.442396 26.497762
v -5.536197 3.567443 26.497762
v -5.655122 3.606084 26.497762
v -5.728622 3.504918 26.497762
v -5.655122 3.403755 26.497762
v 5.482750 3.504916 23.993808
v 5.608899 3.331286 23.993808
v 5.632445 3.403752 24.049492
v 5.558945 3.504916 24.049492
v 5.813011 3.397608 23.993808
v 5.751370 3.442393 24.049492
v 5.813011 3.612223 23.993808
v 5.751370 3.567438 24.049492
v 5.608899 3.678545 23.993808
v 5.632445 3.606081 24.049492
v 5.558945 3.504916 24.049492
v 5.632445 3.403752 24.049492
v 5.632445 3.403752 26.497762
v 5.558945 3.504916 26.497762
v 5.608899 3.331286 23.993808
v 5.482750 3.504916 23.993808
v 5.482750 3.504913 20.551262
v 5.608896 3.331286 20.551262
v 5.751370 3.442393 24.049492
v 5.751370 3.442393 26.497762
v 5.813011 3.397608 23.993808
v 5.813011 3.397606 20.551262
v 5.751370 3.567438 24.049492
v 5.751370 3.567438 26.497762
v 5.813011 3.612223 23.993808
v 5.813011 3.612223 20.551262
v 5.632445 3.606081 24.049492
v 5.632445 3.606079 26.497762
v 5.608899 3.678545 23.993808
v 5.608896 3.678542 20.551262
v 5.751370 3.442393 26.497762
v 5.751370 3.567438 26.497762
v 5.632445 3.606079 26.497762
v 5.558945 3.504916 26.497762
v 5.632445 3.403752 26.497762
v -2.505979 2.422672 30.314646
v -2.505979 2.422672 30.071213
v -2.262536 2.422672 30.071213
v -2.262536 2.422672 30.314646
v -2.505979 2.422672 30.314646
v -2.262536 2.422672 30.314646
v -2.262536 4.025423 30.314646
v -2.505979 4.025423 30.314646
v -2.262536 2.422672 30.314646
v -2.262536 2.422672 30.071213
v -2.262536 4.025423 30.071213
v -2.262536 4.025423 30.314646
v -2.262536 2.422672 30.071213
v -2.505979 2.422672 30.071213
v -2.505979 4.025423 30.071213
v -2.262536 4.025423 30.071213
v -2.505979 2.422672 30.071213
v -2.505979 2.422672 30.314646
v -2.505979 4.025423 30.314646
v -2.505979 4.025423 30.071213
v 1.475298 2.486674 32.894956
v 1.506415 2.486674 32.799198
v 1.424950 2.486674 32.740017
v 1.343484 2.486674 32.799198
v 1.374601 2.486674 32.894956
v 1.506414 -2.486674 32.799198
v 1.424949 -2.486674 32.740017
v 1.424950 2.486674 32.740017
v 1.506415 2.486674 32.799198
v 1.475297 -2.486674 32.894956
v 1.475298 2.486674 32.894956
v 1.374600 -2.486674 32.894956
v 1.374601 2.486674 32.894956
v 1.343484 -2.486674 32.799198
v 1.343484 2.486674 32.799198
v 1.506414 -2.486674 32.799198
v 1.475297 -2.486674 32.894956
v 1.374600 -2.486674 32.894956
v 1.343484 -2.486674 32.799198
v 1.424949 -2.486674 32.740017
v 1.424949 -2.460252 34.261044
v 1.498566 -2.406765 34.261044
v 1.467841 -2.396783 34.284667
v 1.424949 -2.427946 34.284667
v 1.470447 -2.320223 34.261044
v 1.451458 -2.346359 34.284667
v 1.379451 -2.320223 34.261044
v 1.398439 -2.346359 34.284667
v 1.351331 -2.406765 34.261044
v 1.382055 -2.396783 34.284667
v 1.424949 -2.427946 34.284667
v 1.467841 -2.396783 34.284667
v 1.467842 -2.396782 35.322712
v 1.424949 -2.427946 35.322712
v 1.498566 -2.406765 34.261044
v 1.424949 -2.460252 34.261044
v 1.424949 -2.460252 32.801433
v 1.498566 -2.406766 32.801433
v 1.451458 -2.346359 34.284667
v 1.451458 -2.346359 35.322712
v 1.470447 -2.320223 34.261044
v 1.470447 -2.320223 32.801433
v 1.398439 -2.346359 34.284667
v 1.398439 -2.346359 35.322712
v 1.379451 -2.320223 34.261044
v 1.379451 -2.320223 32.801433
v 1.382055 -2.396783 34.284667
v 1.382056 -2.396782 35.322712
v 1.351331 -2.406765 34.261044
v 1.351332 -2.406766 32.801433
v 1.451458 -2.346359 35.322712
v 1.398439 -2.346359 35.322712
v 1.382056 -2.396782 35.322712
v 1.424949 -2.427946 35.322712
v 1.467842 -2.396782 35.322712
v 1.424949 2.325616 34.261044
v 1.498566 2.379102 34.261044
v 1.467842 2.389086 34.284667
v 1.424949 2.357923 34.284667
v 1.470447 2.465645 34.261044
v 1.451459 2.439510 34.284667
v 1.379451 2.465645 34.261044
v 1.398439 2.439510 34.284667
v 1.351331 2.379103 34.261044
v 1.382056 2.389086 34.284667
v 1.424949 2.357923 34.284667
v 1.467842 2.389086 34.284667
v 1.467842 2.389086 35.322712
v 1.424949 2.357923 35.322712
v 1.498566 2.379102 34.261044
v 1.424949 2.325616 34.261044
v 1.424950 2.325616 32.801433
v 1.498567 2.379102 32.801433
v 1.451459 2.439510 34.284667
v 1.451459 2.439510 35.322712
v 1.470447 2.465645 34.261044
v 1.470448 2.465645 32.801433
v 1.398439 2.439510 34.284667
v 1.398439 2.439510 35.322712
v 1.379451 2.465645 34.261044
v 1.379451 2.465645 32.801433
v 1.382056 2.389086 34.284667
v 1.382056 2.389086 35.322712
v 1.351331 2.379103 34.261044
v 1.351332 2.379102 32.801433
v 1.451459 2.439510 35.322712
v 1.398439 2.439510 35.322712
v 1.382056 2.389086 35.322712
v 1.424949 2.357923 35.322712
v 1.467842 2.389086 35.322712
v 2.521950 -2.376534 30.314646
v 2.521950 -2.376534 30.071213
v 2.278506 -2.376534 30.071213
v 2.278506 -2.376534 30.314646
v 2.521950 -2.376534 30.314646
v 2.278506 -2.376534 30.314646
v 2.278505 -3.979283 30.314646
v 2.521950 -3.979283 30.314646
v 2.278506 -2.376534 30.314646
v 2.278506 -2.376534 30.071213
v 2.278505 -3.979283 30.071213
v 2.278505 -3.979283 30.314646
v 2.278506 -2.376534 30.071213
v 2.521950 -2.376534 30.071213
v 2.521950 -3.979283 30.071213
v 2.278505 -3.979283 30.071213
v 2.521950 -2.376534 30.071213
v 2.521950 -2.376534 30.314646
v 2.521950 -3.979283 30.314646
v 2.521950 -3.979283 30.071213
v 1.188752 1.272574 30.381370
v 1.213758 1.212205 30.381370
v 1.213758 1.213758 42.546727
v 1.188752 1.274127 42.546727
v 1.213758 1.212205 30.381370
v 1.274127 1.187199 30.381370
v 1.274127 1.188753 42.546727
v 1.213758 1.213758 42.546727
v 1.334495 1.212205 30.381370
v 1.334495 1.213758 42.546727
v 1.359502 1.272574 30.381370
v 1.359502 1.274127 42.546727
v 1.334495 1.332943 30.381370
v 1.334495 1.334496 42.546727
v 1.274127 1.357949 30.381370
v 1.274127 1.359502 42.546727
v 1.213758 1.332943 30.381370
v 1.213758 1.334496 42.546727
v 1.297881 1.272574 32.052335
v 1.297881 1.208225 32.114415
v -1.297883 1.208225 32.114415
v -1.297883 1.272574 32.052335
v 1.297881 1.208225 32.238569
v -1.297883 1.208225 32.238569
v 1.297881 1.208225 32.238569
v 1.297881 1.272574 32.300673
v -1.297883 1.272574 32.300673
v -1.297883 1.208225 32.238569
v 1.297881 1.336923 32.238569
v -1.297883 1.336922 32.238569
v 1.297881 1.336923 32.114415
v -1.297883 1.336922 32.114415
v 1.241738 1.272573 30.471160
v 1.251576 1.222751 30.516348
v -1.271254 1.222752 32.050710
v -1.281092 1.272575 32.005550
v 1.271253 1.222751 30.606671
v -1.251578 1.222752 32.141058
v 1.271253 1.222751 30.606671
v 1.281091 1.272573 30.651831
v -1.241739 1.272575 32.186218
v -1.251578 1.222752 32.141058
v 1.271253 1.322395 30.606671
v -1.251578 1.322397 32.141058
v 1.251576 1.322395 30.516348
v -1.271254 1.322397 32.050710
v 1.297881 1.272574 33.755611
v 1.297881 1.208225 33.817688
v -1.297883 1.208225 33.817688
v -1.297883 1.272574 33.755611
v 1.297881 1.208225 33.941841
v -1.297883 1.208225 33.941841
v 1.297881 1.208225 33.941841
v 1.297881 1.272574 34.003921
v -1.297883 1.272574 34.003921
v -1.297883 1.208225 33.941841
v 1.297881 1.336923 33.941841
v -1.297883 1.336922 33.941841
v 1.297881 1.336923 33.817688
v -1.297883 1.336922 33.817688
v 1.241738 1.272573 32.174433
v 1.251576 1.222751 32.219596
v -1.271254 1.222752 33.753983
v -1.281092 1.272575 33.708823
v 1.271253 1.222751 32.309944
v -1.251578 1.222752 33.844331
v 1.271253 1.222751 32.309944
v 1.281091 1.272573 32.355104
v -1.241739 1.272575 33.889494
v -1.251578 1.222752 33.844331
v 1.271253 1.322395 32.309944
v -1.251578 1.322397 33.844331
v 1.251576 1.322395 32.219596
v -1.271254 1.322397 33.753983
v 1.297881 1.272574 35.458884
v 1.297881 1.208225 35.520961
v -1.297883 1.208225 35.520961
v -1.297883 1.272574 35.458884
v 1.297881 1.208225 35.645114
v -1.297883 1.208225 35.645114
v 1.297881 1.208225 35.645114
v 1.297881 1.272574 35.707194
v -1.297883 1.272574 35.707194
v -1.297883 1.208225 35.645114
v 1.297881 1.336923 35.645114
v -1.297883 1.336922 35.645114
v 1.297881 1.336923 35.520961
v -1.297883 1.336922 35.520961
v 1.241738 1.272573 33.877706
v 1.251576 1.222751 33.922869
v -1.271254 1.222752 35.457256
v -1.281092 1.272575 35.412096
v 1.271253 1.222751 34.013217
v -1.251578 1.222752 35.547579
v 1.271253 1.222751 34.013217
v 1.281091 1.272573 34.058377
v -1.241739 1.272575 35.592767
v -1.251578 1.222752 35.547579
v 1.271253 1.322395 34.013217
v -1.251578 1.322397 35.547579
v 1.251576 1.322395 33.922869
v -1.271254 1.322397 35.457256
v 1.297881 1.272574 37.162156
v 1.297881 1.208225 37.224233
v -1.297883 1.208225 37.224233
v -1.297883 1.272574 37.162156
v 1.297881 1.208225 37.348390
v -1.297883 1.208225 37.348390
v 1.297881 1.208225 37.348390
v 1.297881 1.272574 37.410467
v -1.297883 1.272574 37.410467
v -1.297883 1.208225 37.348390
v 1.297881 1.336923 37.348390
v -1.297883 1.336922 37.348390
v 1.297881 1.336923 37.224233
v -1.297883 1.336922 37.224233
v 1.241738 1.272573 35.580982
v 1.251576 1.222751 35.626142
v -1.271254 1.222752 37.160529
v -1.281092 1.272575 37.115344
v 1.271253 1.222751 35.716465
v -1.251578 1.222752 37.250852
v 1.271253 1.222751 35.716465
v 1.281091 1.272573 35.761650
v -1.241739 1.272575 37.296015
v -1.251578 1.222752 37.250852
v 1.271253 1.322395 35.716465
v -1.251578 1.322397 37.250852
v 1.251576 1.322395 35.626142
v -1.271254 1.322397 37.160529
v 1.297881 1.272574 38.865404
v 1.297881 1.208225 38.927481
v -1.297883 1.208225 38.927481
v -1.297883 1.272574 38.865404
v 1.297881 1.208225 39.051663
v -1.297883 1.208225 39.051663
v 1.297881 1.208225 39.051663
v 1.297881 1.272574 39.113740
v -1.297883 1.272574 39.113740
v -1.297883 1.208225 39.051663
v 1.297881 1.336923 39.051663
v -1.297883 1.336922 39.051663
v 1.297881 1.336923 38.927481
v -1.297883 1.336922 38.927481
v 1.241738 1.272573 37.284230
v 1.251576 1.222751 37.329414
v -1.271254 1.222752 38.863805
v -1.281092 1.272575 38.818617
v 1.271253 1.222751 37.419738
v -1.251578 1.222752 38.954125
v 1.271253 1.222751 37.419738
v 1.281091 1.272573 37.464922
v -1.241739 1.272575 38.999288
v -1.251578 1.222752 38.954125
v 1.271253 1.322395 37.419738
v -1.251578 1.322397 38.954125
v 1.251576 1.322395 37.329414
v -1.271254 1.322397 38.863805
v 1.297881 1.272574 40.568677
v 1.297881 1.208225 40.630754
v -1.297883 1.208225 40.630754
v -1.297883 1.272574 40.568677
v 1.297881 1.208225 40.754911
v -1.297883 1.208225 40.754911
v 1.297881 1.208225 40.754911
v 1.297881 1.272574 40.817012
v -1.297883 1.272574 40.817012
v -1.297883 1.208225 40.754911
v 1.297881 1.336923 40.754911
v -1.297883 1.336922 40.754911
v 1.297881 1.336923 40.630754
v -1.297883 1.336922 40.630754
v 1.241738 1.272573 38.987502
v 1.251576 1.222751 39.032687
v -1.271254 1.222752 40.567053
v -1.281092 1.272575 40.521889
v 1.271253 1.222751 39.123010
v -1.251578 1.222752 40.657400
v 1.271253 1.222751 39.123010
v 1.281091 1.272573 39.168170
v -1.241739 1.272575 40.702561
v -1.251578 1.222752 40.657400
v 1.271253 1.322395 39.123010
v -1.251578 1.322397 40.657400
v 1.251576 1.322395 39.032687
v -1.271254 1.322397 40.567053
v 1.297881 1.272574 42.271950
v 1.297881 1.208225 42.334027
v -1.297883 1.208225 42.334027
v -1.297883 1.272574 42.271950
v 1.297881 1.208225 42.458184
v -1.297883 1.208225 42.458184
v 1.297881 1.208225 42.458184
v 1.297881 1.272574 42.520260
v -1.297883 1.272574 42.520260
v -1.297883 1.208225 42.458184
v 1.297881 1.336923 42.458184
v -1.297883 1.336922 42.458184
v 1.297881 1.336923 42.334027
v -1.297883 1.336922 42.334027
v 1.241738 1.272573 40.690775
v 1.251576 1.222751 40.735935
v -1.271254 1.222752 42.270325
v -1.281092 1.272575 42.225162
v 1.271253 1.222751 40.826283
v -1.251578 1.222752 42.360673
v 1.271253 1.222751 40.826283
v 1.281091 1.272573 40.871446
v -1.241739 1.272575 42.405833
v -1.251578 1.222752 42.360673
v 1.271253 1.322395 40.826283
v -1.251578 1.322397 42.360673
v 1.251576 1.322395 40.735935
v -1.271254 1.322397 42.270325
v 1.188752 1.272573 30.381370
v 1.213758 1.212204 30.381370
v 1.213758 1.213758 42.546727
v 1.188752 1.274127 42.546727
v 1.213758 1.212204 30.381370
v 1.274127 1.187199 30.381370
v 1.274127 1.188752 42.546727
v 1.213758 1.213758 42.546727
v 1.334495 1.212204 30.381370
v 1.334495 1.213758 42.546727
v 1.359502 1.272573 30.381370
v 1.359502 1.274127 42.546727
v 1.334495 1.332942 30.381370
v 1.334495 1.334496 42.546727
v 1.274127 1.357949 30.381370
v 1.274127 1.359502 42.546727
v 1.213758 1.332942 30.381370
v 1.213758 1.334496 42.546727
v 1.297881 1.272573 32.052335
v 1.297881 1.208225 32.114415
v -1.297883 1.208225 32.114415
v -1.297883 1.272574 32.052335
v 1.297881 1.208225 32.238569
v -1.297883 1.208225 32.238569
v 1.297881 1.208225 32.238569
v 1.297881 1.272573 32.300673
v -1.297883 1.272574 32.300673
v -1.297883 1.208225 32.238569
v 1.297881 1.336922 32.238569
v -1.297883 1.336922 32.238569
v 1.297881 1.336922 32.114415
v -1.297883 1.336922 32.114415
v 1.241738 1.272573 30.471160
v 1.281091 1.272573 30.651831
v 1.251576 1.322395 30.516348
v 1.297881 1.272573 33.755611
v 1.297881 1.208225 33.817688
v -1.297883 1.208225 33.817688
v -1.297883 1.272574 33.755611
v 1.297881 1.208225 33.941841
v -1.297883 1.208225 33.941841
v 1.297881 1.208225 33.941841
v 1.297881 1.272573 34.003921
v -1.297883 1.272574 34.003921
v -1.297883 1.208225 33.941841
v 1.297881 1.336922 33.941841
v -1.297883 1.336922 33.941841
v 1.297881 1.336922 33.817688
v -1.297883 1.336922 33.817688
v 1.241738 1.272573 32.174433
v 1.281091 1.272573 32.355104
v 1.251576 1.322395 32.219596
v 1.297881 1.272573 35.458884
v 1.297881 1.208225 35.520961
v -1.297883 1.208225 35.520961
v -1.297883 1.272574 35.458884
v 1.297881 1.208225 35.645114
v -1.297883 1.208225 35.645114
v 1.297881 1.208225 35.645114
v 1.297881 1.272573 35.707194
v -1.297883 1.272574 35.707194
v -1.297883 1.208225 35.645114
v 1.297881 1.336922 35.645114
v -1.297883 1.336922 35.645114
v 1.297881 1.336922 35.520961
v -1.297883 1.336922 35.520961
v 1.241738 1.272573 33.877706
v 1.281091 1.272573 34.058377
v 1.251576 1.322395 33.922869
v 1.297881 1.272573 37.162132
v 1.297881 1.208225 37.224233
v -1.297883 1.208225 37.224233
v -1.297883 1.272574 37.162132
v 1.297881 1.208225 37.348390
v -1.297883 1.208225 37.348390
v 1.297881 1.208225 37.348390
v 1.297881 1.272573 37.410467
v -1.297883 1.272574 37.410467
v -1.297883 1.208225 37.348390
v 1.297881 1.336922 37.348390
v -1.297883 1.336922 37.348390
v 1.297881 1.336922 37.224233
v -1.297883 1.336922 37.224233
v 1.241738 1.272573 35.580982
v 1.281091 1.272573 35.761650
v 1.251576 1.322395 35.626142
v 1.297881 1.272573 38.865404
v 1.297881 1.208225 38.927481
v -1.297883 1.208225 38.927481
v -1.297883 1.272574 38.865404
v 1.297881 1.208225 39.051663
v -1.297883 1.208225 39.051663
v 1.297881 1.208225 39.051663
v 1.297881 1.272573 39.113740
v -1.297883 1.272574 39.113740
v -1.297883 1.208225 39.051663
v 1.297881 1.336922 39.051663
v -1.297883 1.336922 39.051663
v 1.297881 1.336922 38.927481
v -1.297883 1.336922 38.927481
v 1.241738 1.272573 37.284230
v 1.281091 1.272573 37.464922
v 1.251576 1.322395 37.329414
v 1.297881 1.272573 40.568677
v 1.297881 1.208225 40.630754
v -1.297883 1.208225 40.630754
v -1.297883 1.272574 40.568677
v 1.297881 1.208225 40.754911
v -1.297883 1.208225 40.754911
v 1.297881 1.208225 40.754911
v 1.297881 1.272573 40.817012
v -1.297883 1.272574 40.817012
v -1.297883 1.208225 40.754911
v 1.297881 1.336922 40.754911
v -1.297883 1.336922 40.754911
v 1.297881 1.336922 40.630754
v -1.297883 1.336922 40.630754
v 1.241738 1.272573 38.987502
v 1.281091 1.272573 39.168170
v 1.251576 1.322395 39.032687
v 1.297881 1.272573 42.271950
v 1.297881 1.208225 42.334027
v -1.297883 1.208225 42.334027
v -1.297883 1.272574 42.271950
v 1.297881 1.208225 42.458184
v -1.297883 1.208225 42.458184
v 1.297881 1.208225 42.458184
v 1.297881 1.272573 42.520260
v -1.297883 1.272574 42.520260
v -1.297883 1.208225 42.458184
v 1.297881 1.336922 42.458184
v -1.297883 1.336922 42.458184
v 1.297881 1.336922 42.334027
v -1.297883 1.336922 42.334027
v 1.241738 1.272573 40.690775
v 1.281091 1.272573 40.871446
v 1.251576 1.322395 40.735935
v -1.188753 -1.272574 30.381370
v -1.213759 -1.212205 30.381370
v -1.213759 -1.213759 42.546727
v -1.188753 -1.274127 42.546727
v -1.213759 -1.212205 30.381370
v -1.274128 -1.187199 30.381370
v -1.274128 -1.188753 42.546727
v -1.213759 -1.213759 42.546727
v -1.334497 -1.212205 30.381370
v -1.334497 -1.213759 42.546727
v -1.359503 -1.272574 30.381370
v -1.359503 -1.274127 42.546727
v -1.334497 -1.332943 30.381370
v -1.334497 -1.334496 42.546727
v -1.274128 -1.357949 30.381370
v -1.274128 -1.359502 42.546727
v -1.213759 -1.332943 30.381370
v -1.213759 -1.334496 42.546727
v -1.297883 -1.272574 32.052335
v -1.297883 -1.208226 32.114415
v 1.297881 -1.208226 32.114415
v 1.297881 -1.272574 32.052335
v -1.297883 -1.208226 32.238569
v 1.297881 -1.208226 32.238569
v -1.297883 -1.208226 32.238569
v -1.297883 -1.272574 32.300673
v 1.297881 -1.272574 32.300673
v 1.297881 -1.208226 32.238569
v -1.297883 -1.336923 32.238569
v 1.297881 -1.336923 32.238569
v -1.297883 -1.336923 32.114415
v 1.297881 -1.336923 32.114415
v -1.241739 -1.272574 30.471160
v -1.251577 -1.222751 30.516348
v 1.271253 -1.222752 32.050710
v 1.281091 -1.272575 32.005550
v -1.271254 -1.222751 30.606671
v 1.251576 -1.222752 32.141058
v -1.271254 -1.222751 30.606671
v -1.281092 -1.272574 30.651831
v 1.241738 -1.272575 32.186218
v 1.251576 -1.222752 32.141058
v -1.271254 -1.322396 30.606671
v 1.251576 -1.322397 32.141058
v -1.251578 -1.322396 30.516348
v 1.271253 -1.322397 32.050710
v -1.297883 -1.272574 33.755611
v -1.297883 -1.208226 33.817688
v 1.297881 -1.208226 33.817688
v 1.297881 -1.272574 33.755611
v -1.297883 -1.208226 33.941841
v 1.297881 -1.208226 33.941841
v -1.297883 -1.208226 33.941841
v -1.297883 -1.272574 34.003921
v 1.297881 -1.272574 34.003921
v 1.297881 -1.208226 33.941841
v -1.297883 -1.336923 33.941841
v 1.297881 -1.336923 33.941841
v -1.297883 -1.336923 33.817688
v 1.297881 -1.336923 33.817688
v -1.241739 -1.272574 32.174433
v -1.251577 -1.222751 32.219596
v 1.271253 -1.222752 33.753983
v 1.281091 -1.272575 33.708823
v -1.271254 -1.222751 32.309944
v 1.251576 -1.222752 33.844331
v -1.271254 -1.222751 32.309944
v -1.281092 -1.272574 32.355104
v 1.241738 -1.272575 33.889494
v 1.251576 -1.222752 33.844331
v -1.271254 -1.322396 32.309944
v 1.251576 -1.322397 33.844331
v -1.251578 -1.322396 32.219596
v 1.271253 -1.322397 33.753983
v -1.297883 -1.272574 35.458884
v -1.297883 -1.208226 35.520961
v 1.297881 -1.208226 35.520961
v 1.297881 -1.272574 35.458884
v -1.297883 -1.208226 35.645114
v 1.297881 -1.208226 35.645114
v -1.297883 -1.208226 35.645114
v -1.297883 -1.272574 35.707194
v 1.297881 -1.272574 35.707194
v 1.297881 -1.208226 35.645114
v -1.297883 -1.336923 35.645114
v 1.297881 -1.336923 35.645114
v -1.297883 -1.336923 35.520961
v 1.297881 -1.336923 35.520961
v -1.241739 -1.272574 33.877706
v -1.251577 -1.222751 33.922869
v 1.271253 -1.222752 35.457256
v 1.281091 -1.272575 35.412096
v -1.271254 -1.222751 34.013217
v 1.251576 -1.222752 35.547579
v -1.271254 -1.222751 34.013217
v -1.281092 -1.272574 34.058377
v 1.241738 -1.272575 35.592767
v 1.251576 -1.222752 35.547579
v -1.271254 -1.322396 34.013217
v 1.251576 -1.322397 35.547579
v -1.251578 -1.322396 33.922869
v 1.271253 -1.322397 35.457256
v -1.297883 -1.272574 37.162132
v -1.297883 -1.208226 37.224233
v 1.297881 -1.208226 37.224233
v 1.297881 -1.272574 37.162132
v -1.297883 -1.208226 37.348390
v 1.297881 -1.208226 37.348390
v -1.297883 -1.208226 37.348390
v -1.297883 -1.272574 37.410467
v 1.297881 -1.272574 37.410467
v 1.297881 -1.208226 37.348390
v -1.297883 -1.336923 37.348390
v 1.297881 -1.336923 37.348390
v -1.297883 -1.336923 37.224233
v 1.297881 -1.336923 37.224233
v -1.241739 -1.272574 35.580982
v -1.251577 -1.222751 35.626142
v 1.271253 -1.222752 37.160529
v 1.281091 -1.272575 37.115344
v -1.271254 -1.222751 35.716465
v 1.251576 -1.222752 37.250852
v -1.271254 -1.222751 35.716465
v -1.281092 -1.272574 35.761650
v 1.241738 -1.272575 37.296015
v 1.251576 -1.222752 37.250852
v -1.271254 -1.322396 35.716465
v 1.251576 -1.322397 37.250852
v -1.251578 -1.322396 35.626142
v 1.271253 -1.322397 37.160529
v -1.297883 -1.272574 38.865404
v -1.297883 -1.208226 38.927481
v 1.297881 -1.208226 38.927481
v 1.297881 -1.272574 38.865404
v -1.297883 -1.208226 39.051663
v 1.297881 -1.208226 39.051663
v -1.297883 -1.208226 39.051663
v -1.297883 -1.272574 39.113740
v 1.297881 -1.272574 39.113740
v 1.297881 -1.208226 39.051663
v -1.297883 -1.336923 39.051663
v 1.297881 -1.336923 39.051663
v -1.297883 -1.336923 38.927481
v 1.297881 -1.336923 38.927481
v -1.241739 -1.272574 37.284230
v -1.251577 -1.222751 37.329414
v 1.271253 -1.222752 38.863805
v 1.281091 -1.272575 38.818617
v -1.271254 -1.222751 37.419738
v 1.251576 -1.222752 38.954125
v -1.271254 -1.222751 37.419738
v -1.281092 -1.272574 37.464922
v 1.241738 -1.272575 38.999288
v 1.251576 -1.222752 38.954125
v -1.271254 -1.322396 37.419738
v 1.251576 -1.322397 38.954125
v -1.251578 -1.322396 37.329414
v 1.271253 -1.322397 38.863805
v -1.297883 -1.272574 40.568677
v -1.297883 -1.208226 40.630754
v 1.297881 -1.208226 40.630754
v 1.297881 -1.272574 40.568677
v -1.297883 -1.208226 40.754911
v 1.297881 -1.208226 40.754911
v -1.297883 -1.208226 40.754911
v -1.297883 -1.272574 40.817012
v 1.297881 -1.272574 40.817012
v 1.297881 -1.208226 40.754911
v -1.297883 -1.336923 40.754911
v 1.297881 -1.336923 40.754911
v -1.297883 -1.336923 40.630754
v 1.297881 -1.336923 40.630754
v -1.241739 -1.272574 38.987502
v -1.251577 -1.222751 39.032687
v 1.271253 -1.222752 40.567053
v 1.281091 -1.272575 40.521889
v -1.271254 -1.222751 39.123010
v 1.251576 -1.222752 40.657400
v -1.271254 -1.222751 39.123010
v -1.281092 -1.272574 39.168170
v 1.241738 -1.272575 40.702561
v 1.251576 -1.222752 40.657400
v -1.271254 -1.322396 39.123010
v 1.251576 -1.322397 40.657400
v -1.251578 -1.322396 39.032687
v 1.271253 -1.322397 40.567053
v -1.297883 -1.272574 42.271950
v -1.297883 -1.208226 42.334027
v 1.297881 -1.208226 42.334027
v 1.297881 -1.272574 42.271950
v -1.297883 -1.208226 42.458184
v 1.297881 -1.208226 42.458184
v -1.297883 -1.208226 42.458184
v -1.297883 -1.272574 42.520260
v 1.297881 -1.272574 42.520260
v 1.297881 -1.208226 42.458184
v -1.297883 -1.336923 42.458184
v 1.297881 -1.336923 42.458184
v -1.297883 -1.336923 42.334027
v 1.297881 -1.336923 42.334027
v -1.241739 -1.272574 40.690775
v -1.251577 -1.222751 40.735935
v 1.271253 -1.222752 42.270325
v 1.281091 -1.272575 42.225162
v -1.271254 -1.222751 40.826283
v 1.251576 -1.222752 42.360673
v -1.271254 -1.222751 40.826283
v -1.281092 -1.272574 40.871446
v 1.241738 -1.272575 42.405833
v 1.251576 -1.222752 42.360673
v -1.271254 -1.322396 40.826283
v 1.251576 -1.322397 42.360673
v -1.251578 -1.322396 40.735935
v 1.271253 -1.322397 42.270325
v -1.272575 1.188753 30.381370
v -1.212205 1.213758 30.381370
v -1.213759 1.213758 42.546727
v -1.274128 1.188753 42.546727
v -1.212205 1.213758 30.381370
v -1.187200 1.274127 30.381370
v -1.188753 1.274127 42.546727
v -1.213759 1.213758 42.546727
v -1.212205 1.334495 30.381370
v -1.213759 1.334495 42.546727
v -1.272575 1.359502 30.381370
v -1.274128 1.359502 42.546727
v -1.332943 1.334495 30.381370
v -1.334497 1.334495 42.546727
v -1.357949 1.274127 30.381370
v -1.359502 1.274127 42.546727
v -1.332943 1.213758 30.381370
v -1.334497 1.213758 42.546727
v -1.272575 1.297882 32.052335
v -1.208226 1.297882 32.114415
v -1.208226 -1.297883 32.114415
v -1.272575 -1.297883 32.052335
v -1.208226 1.297882 32.238569
v -1.208226 -1.297883 32.238569
v -1.208226 1.297882 32.238569
v -1.272575 1.297882 32.300673
v -1.272575 -1.297883 32.300673
v -1.208226 -1.297883 32.238569
v -1.336923 1.297882 32.238569
v -1.336923 -1.297883 32.238569
v -1.336923 1.297882 32.114415
v -1.336923 -1.297883 32.114415
v -1.272574 1.241738 30.471160
v -1.222751 1.251577 30.516348
v -1.222753 -1.271254 32.050710
v -1.272575 -1.281092 32.005550
v -1.222751 1.271253 30.606671
v -1.222753 -1.251577 32.141058
v -1.222751 1.271253 30.606671
v -1.272574 1.281091 30.651831
v -1.272575 -1.241739 32.186218
v -1.222753 -1.251577 32.141058
v -1.322397 1.271253 30.606671
v -1.322398 -1.251577 32.141058
v -1.322397 1.251577 30.516348
v -1.322398 -1.271254 32.050710
v -1.272575 1.297882 33.755611
v -1.208226 1.297882 33.817688
v -1.208226 -1.297883 33.817688
v -1.272575 -1.297883 33.755611
v -1.208226 1.297882 33.941841
v -1.208226 -1.297883 33.941841
v -1.208226 1.297882 33.941841
v -1.272575 1.297882 34.003921
v -1.272575 -1.297883 34.003921
v -1.208226 -1.297883 33.941841
v -1.336923 1.297882 33.941841
v -1.336923 -1.297883 33.941841
v -1.336923 1.297882 33.817688
v -1.336923 -1.297883 33.817688
v -1.272574 1.241738 32.174433
v -1.222751 1.251577 32.219596
v -1.222753 -1.271254 33.753983
v -1.272575 -1.281092 33.708823
v -1.222751 1.271253 32.309944
v -1.222753 -1.251577 33.844331
v -1.222751 1.271253 32.309944
v -1.272574 1.281091 32.355104
v -1.272575 -1.241739 33.889494
v -1.222753 -1.251577 33.844331
v -1.322397 1.271253 32.309944
v -1.322398 -1.251577 33.844331
v -1.322397 1.251577 32.219596
v -1.322398 -1.271254 33.753983
v -1.272575 1.297882 35.458884
v -1.208226 1.297882 35.520961
v -1.208226 -1.297883 35.520961
v -1.272575 -1.297883 35.458884
v -1.208226 1.297882 35.645114
v -1.208226 -1.297883 35.645114
v -1.208226 1.297882 35.645114
v -1.272575 1.297882 35.707194
v -1.272575 -1.297883 35.707194
v -1.208226 -1.297883 35.645114
v -1.336923 1.297882 35.645114
v -1.336923 -1.297883 35.645114
v -1.336923 1.297882 35.520961
v -1.336923 -1.297883 35.520961
v -1.272574 1.241738 33.877706
v -1.222751 1.251577 33.922869
v -1.222753 -1.271254 35.457256
v -1.272575 -1.281092 35.412096
v -1.222751 1.271253 34.013217
v -1.222753 -1.251577 35.547579
v -1.222751 1.271253 34.013217
v -1.272574 1.281091 34.058377
v -1.272575 -1.241739 35.592767
v -1.222753 -1.251577 35.547579
v -1.322397 1.271253 34.013217
v -1.322398 -1.251577 35.547579
v -1.322397 1.251577 33.922869
v -1.322398 -1.271254 35.457256
v -1.272575 1.297882 37.162132
v -1.208226 1.297882 37.224233
v -1.208226 -1.297883 37.224233
v -1.272575 -1.297883 37.162132
v -1.208226 1.297882 37.348390
v -1.208226 -1.297883 37.348390
v -1.208226 1.297882 37.348390
v -1.272575 1.297882 37.410467
v -1.272575 -1.297883 37.410467
v -1.208226 -1.297883 37.348390
v -1.336923 1.297882 37.348390
v -1.336923 -1.297883 37.348390
v -1.336923 1.297882 37.224233
v -1.336923 -1.297883 37.224233
v -1.272574 1.241738 35.580982
v -1.222751 1.251577 35.626142
v -1.222753 -1.271254 37.160529
v -1.272575 -1.281092 37.115344
v -1.222751 1.271253 35.716465
v -1.222753 -1.251577 37.250852
v -1.222751 1.271253 35.716465
v -1.272574 1.281091 35.761650
v -1.272575 -1.241739 37.296015
v -1.222753 -1.251577 37.250852
v -1.322397 1.271253 35.716465
v -1.322398 -1.251577 37.250852
v -1.322397 1.251577 35.626142
v -1.322398 -1.271254 37.160529
v -1.272575 1.297882 38.865404
v -1.208226 1.297882 38.927481
v -1.208226 -1.297883 38.927481
v -1.272575 -1.297883 38.865404
v -1.208226 1.297882 39.051663
v -1.208226 -1.297883 39.051663
v -1.208226 1.297882 39.051663
v -1.272575 1.297882 39.113740
v -1.272575 -1.297883 39.113740
v -1.208226 -1.297883 39.051663
v -1.336923 1.297882 39.051663
v -1.336923 -1.297883 39.051663
v -1.336923 1.297882 38.927481
v -1.336923 -1.297883 38.927481
v -1.272574 1.241738 37.284230
v -1.222751 1.251577 37.329414
v -1.222753 -1.271254 38.863805
v -1.272575 -1.281092 38.818617
v -1.222751 1.271253 37.419738
v -1.222753 -1.251577 38.954125
v -1.222751 1.271253 37.419738
v -1.272574 1.281091 37.464922
v -1.272575 -1.241739 38.999288
v -1.222753 -1.251577 38.954125
v -1.322397 1.271253 37.419738
v -1.322398 -1.251577 38.954125
v -1.322397 1.251577 37.329414
v -1.322398 -1.271254 38.863805
v -1.272575 1.297882 40.568677
v -1.208226 1.297882 40.630754
v -1.208226 -1.297883 40.630754
v -1.272575 -1.297883 40.568677
v -1.208226 1.297882 40.754911
v -1.208226 -1.297883 40.754911
v -1.208226 1.297882 40.754911
v -1.272575 1.297882 40.817012
v -1.272575 -1.297883 40.817012
v -1.208226 -1.297883 40.754911
v -1.336923 1.297882 40.754911
v -1.336923 -1.297883 40.754911
v -1.336923 1.297882 40.630754
v -1.336923 -1.297883 40.630754
v -1.272574 1.241738 38.987502
v -1.222751 1.251577 39.032687
v -1.222753 -1.271254 40.567053
v -1.272575 -1.281092 40.521889
v -1.222751 1.271253 39.123010
v -1.222753 -1.251577 40.657400
v -1.222751 1.271253 39.123010
v -1.272574 1.281091 39.168170
v -1.272575 -1.241739 40.702561
v -1.222753 -1.251577 40.657400
v -1.322397 1.271253 39.123010
v -1.322398 -1.251577 40.657400
v -1.322397 1.251577 39.032687
v -1.322398 -1.271254 40.567053
v -1.272575 1.297882 42.271950
v -1.208226 1.297882 42.334027
v -1.208226 -1.297883 42.334027
v -1.272575 -1.297883 42.271950
v -1.208226 1.297882 42.458184
v -1.208226 -1.297883 42.458184
v -1.208226 1.297882 42.458184
v -1.272575 1.297882 42.520260
v -1.272575 -1.297883 42.520260
v -1.208226 -1.297883 42.458184
v -1.336923 1.297882 42.458184
v -1.336923 -1.297883 42.458184
v -1.336923 1.297882 42.334027
v -1.336923 -1.297883 42.334027
v -1.272574 1.241738 40.690775
v -1.222751 1.251577 40.735935
v -1.222753 -1.271254 42.270325
v -1.272575 -1.281092 42.225162
v -1.222751 1.271253 40.826283
v -1.222753 -1.251577 42.360673
v -1.222751 1.271253 40.826283
v -1.272574 1.281091 40.871446
v -1.272575 -1.241739 42.405833
v -1.222753 -1.251577 42.360673
v -1.322397 1.271253 40.826283
v -1.322398 -1.251577 42.360673
v -1.322397 1.251577 40.735935
v -1.322398 -1.271254 42.270325
v 1.272573 -1.188753 30.381370
v 1.212204 -1.213759 30.381370
v 1.213757 -1.213759 42.546727
v 1.274126 -1.188753 42.546727
v 1.212204 -1.213759 30.381370
v 1.187198 -1.274128 30.381370
v 1.188751 -1.274128 42.546727
v 1.213757 -1.213759 42.546727
v 1.212204 -1.334496 30.381370
v 1.213757 -1.334496 42.546727
v 1.272573 -1.359502 30.381370
v 1.274126 -1.359502 42.546727
v 1.332942 -1.334496 30.381370
v 1.334495 -1.334496 42.546727
v 1.357948 -1.274128 30.381370
v 1.359502 -1.274128 42.546727
v 1.332942 -1.213759 30.381370
v 1.334495 -1.213759 42.546727
v 1.272573 -1.297882 32.052335
v 1.208224 -1.297882 32.114415
v 1.208224 1.297883 32.114415
v 1.272573 1.297883 32.052335
v 1.208224 -1.297882 32.238569
v 1.208224 1.297883 32.238569
v 1.208224 -1.297882 32.238569
v 1.272573 -1.297882 32.300673
v 1.272573 1.297883 32.300673
v 1.208224 1.297883 32.238569
v 1.336922 -1.297882 32.238569
v 1.336922 1.297883 32.238569
v 1.336922 -1.297882 32.114415
v 1.336922 1.297883 32.114415
v 1.272573 -1.241738 30.471160
v 1.222750 -1.251577 30.516348
v 1.222751 1.271254 32.050710
v 1.272573 1.281092 32.005550
v 1.222750 -1.271253 30.606671
v 1.222751 1.251577 32.141058
v 1.222750 -1.271253 30.606671
v 1.272572 -1.281092 30.651831
v 1.272573 1.241739 32.186218
v 1.222751 1.251577 32.141058
v 1.322395 -1.271253 30.606671
v 1.322397 1.251577 32.141058
v 1.322395 -1.251577 30.516348
v 1.322397 1.271254 32.050710
v 1.272573 -1.297882 33.755611
v 1.208224 -1.297882 33.817688
v 1.208224 1.297883 33.817688
v 1.272573 1.297883 33.755611
v 1.208224 -1.297882 33.941841
v 1.208224 1.297883 33.941841
v 1.208224 -1.297882 33.941841
v 1.272573 -1.297882 34.003921
v 1.272573 1.297883 34.003921
v 1.208224 1.297883 33.941841
v 1.336922 -1.297882 33.941841
v 1.336922 1.297883 33.941841
v 1.336922 -1.297882 33.817688
v 1.336922 1.297883 33.817688
v 1.272573 -1.241738 32.174433
v 1.222750 -1.251577 32.219596
v 1.222751 1.271254 33.753983
v 1.272573 1.281092 33.708823
v 1.222750 -1.271253 32.309944
v 1.222751 1.251577 33.844331
v 1.222750 -1.271253 32.309944
v 1.272572 -1.281092 32.355104
v 1.272573 1.241739 33.889494
v 1.222751 1.251577 33.844331
v 1.322395 -1.271253 32.309944
v 1.322397 1.251577 33.844331
v 1.322395 -1.251577 32.219596
v 1.322397 1.271254 33.753983
v 1.272573 -1.297882 35.458884
v 1.208224 -1.297882 35.520961
v 1.208224 1.297883 35.520961
v 1.272573 1.297883 35.458884
v 1.208224 -1.297882 35.645114
v 1.208224 1.297883 35.645114
v 1.208224 -1.297882 35.645114
v 1.272573 -1.297882 35.707194
v 1.272573 1.297883 35.707194
v 1.208224 1.297883 35.645114
v 1.336922 -1.297882 35.645114
v 1.336922 1.297883 35.645114
v 1.336922 -1.297882 35.520961
v 1.336922 1.297883 35.520961
v 1.272573 -1.241738 33.877706
v 1.222750 -1.251577 33.922869
v 1.222751 1.271254 35.457256
v 1.272573 1.281092 35.412096
v 1.222750 -1.271253 34.013217
v 1.222751 1.251577 35.547579
v 1.222750 -1.271253 34.013217
v 1.272572 -1.281092 34.058377
v 1.272573 1.241739 35.592767
v 1.222751 1.251577 35.547579
v 1.322395 -1.271253 34.013217
v 1.322397 1.251577 35.547579
v 1.322395 -1.251577 33.922869
v 1.322397 1.271254 35.457256
v 1.272573 -1.297882 37.162132
v 1.208224 -1.297882 37.224233
v 1.208224 1.297883 37.224233
v 1.272573 1.297883 37.162132
v 1.208224 -1.297882 37.348390
v 1.208224 1.297883 37.348390
v 1.208224 -1.297882 37.348390
v 1.272573 -1.297882 37.410467
v 1.272573 1.297883 37.410467
v 1.208224 1.297883 37.348390
v 1.336922 -1.297882 37.348390
v 1.336922 1.297883 37.348390
v 1.336922 -1.297882 37.224233
v 1.336922 1.297883 37.224233
v 1.272573 -1.241738 35.580982
v 1.222750 -1.251577 35.626142
v 1.222751 1.271254 37.160529
v 1.272573 1.281092 37.115344
v 1.222750 -1.271253 35.716465
v 1.222751 1.251577 37.250852
v 1.222750 -1.271253 35.716465
v 1.272572 -1.281092 35.761650
v 1.272573 1.241739 37.296015
v 1.222751 1.251577 37.250852
v 1.322395 -1.271253 35.716465
v 1.322397 1.251577 37.250852
v 1.322395 -1.251577 35.626142
v 1.322397 1.271254 37.160529
v 1.272573 -1.297882 38.865404
v 1.208224 -1.297882 38.927481
v 1.208224 1.297883 38.927481
v 1.272573 1.297883 38.865404
v 1.208224 -1.297882 39.051663
v 1.208224 1.297883 39.051663
v 1.208224 -1.297882 39.051663
v 1.272573 -1.297882 39.113740
v 1.272573 1.297883 39.113740
v 1.208224 1.297883 39.051663
v 1.336922 -1.297882 39.051663
v 1.336922 1.297883 39.051663
v 1.336922 -1.297882 38.927481
v 1.336922 1.297883 38.927481
v 1.272573 -1.241738 37.284230
v 1.222750 -1.251577 37.329414
v 1.222751 1.271254 38.863805
v 1.272573 1.281092 38.818617
v 1.222750 -1.271253 37.419738
v 1.222751 1.251577 38.954125
v 1.222750 -1.271253 37.419738
v 1.272572 -1.281092 37.464922
v 1.272573 1.241739 38.999288
v 1.222751 1.251577 38.954125
v 1.322395 -1.271253 37.419738
v 1.322397 1.251577 38.954125
v 1.322395 -1.251577 37.329414
v 1.322397 1.271254 38.863805
v 1.272573 -1.297882 40.568677
v 1.208224 -1.297882 40.630754
v 1.208224 1.297883 40.630754
v 1.272573 1.297883 40.568677
v 1.208224 -1.297882 40.754911
v 1.208224 1.297883 40.754911
v 1.208224 -1.297882 40.754911
v 1.272573 -1.297882 40.817012
v 1.272573 1.297883 40.817012
v 1.208224 1.297883 40.754911
v 1.336922 -1.297882 40.754911
v 1.336922 1.297883 40.754911
v 1.336922 -1.297882 40.630754
v 1.336922 1.297883 40.630754
v 1.272573 -1.241738 38.987502
v 1.222750 -1.251577 39.032687
v 1.222751 1.271254 40.567053
v 1.272573 1.281092 40.521889
v 1.222750 -1.271253 39.123010
v 1.222751 1.251577 40.657400
v 1.222750 -1.271253 39.123010
v 1.272572 -1.281092 39.168170
v 1.272573 1.241739 40.702561
v 1.222751 1.251577 40.657400
v 1.322395 -1.271253 39.123010
v 1.322397 1.251577 40.657400
v 1.322395 -1.251577 39.032687
v 1.322397 1.271254 40.567053
v 1.272573 -1.297882 42.271950
v 1.208224 -1.297882 42.334027
v 1.208224 1.297883 42.334027
v 1.272573 1.297883 42.271950
v 1.208224 -1.297882 42.458184
v 1.208224 1.297883 42.458184
v 1.208224 -1.297882 42.458184
v 1.272573 -1.297882 42.520260
v 1.272573 1.297883 42.520260
v 1.208224 1.297883 42.458184
v 1.336922 -1.297882 42.458184
v 1.336922 1.297883 42.458184
v 1.336922 -1.297882 42.334027
v 1.336922 1.297883 42.334027
v 1.272573 -1.241738 40.690775
v 1.222750 -1.251577 40.735935
v 1.222751 1.271254 42.270325
v 1.272573 1.281092 42.225162
v 1.222750 -1.271253 40.826283
v 1.222751 1.251577 42.360673
v 1.222750 -1.271253 40.826283
v 1.272572 -1.281092 40.871446
v 1.272573 1.241739 42.405833
v 1.222751 1.251577 42.360673
v 1.322395 -1.271253 40.826283
v 1.322397 1.251577 42.360673
v 1.322395 -1.251577 40.735935
v 1.322397 1.271254 42.270325
v 2.078591 -1.111274 42.544237
v 2.058356 -1.111274 42.440123
v 2.058356 -1.361955 42.440123
v 2.078591 -1.361955 42.544237
v 2.183851 -1.111274 42.557167
v 2.183851 -1.361955 42.557167
v 2.228669 -1.111274 42.461052
v 2.183851 -1.111274 42.557167
v 2.183851 -1.361955 42.557167
v 2.228669 -1.361955 42.461052
v 2.151109 -1.111274 42.388715
v 2.151109 -1.361955 42.388715
v 2.355207 -1.131089 42.325392
v 2.161277 -1.131089 42.741292
v 2.000706 -1.131089 42.561687
v 2.114426 -1.131089 42.317823
v 2.355207 -1.078919 42.325392
v 2.114426 -1.078919 42.317823
v 2.000706 -1.078919 42.561687
v 2.161277 -1.078919 42.741292
v 2.355207 -1.131089 42.325392
v 2.114426 -1.131089 42.317823
v 2.114426 -1.078919 42.317823
v 2.355207 -1.078919 42.325392
v 2.114426 -1.131089 42.317823
v 2.000706 -1.131089 42.561687
v 2.000706 -1.078919 42.561687
v 2.114426 -1.078919 42.317823
v 2.000706 -1.131089 42.561687
v 2.161277 -1.131089 42.741292
v 2.161277 -1.078919 42.741292
v 2.000706 -1.078919 42.561687
v 2.355206 -1.342139 42.325392
v 2.114426 -1.342139 42.317823
v 2.000706 -1.342139 42.561687
v 2.161276 -1.342139 42.741292
v 2.355206 -1.394309 42.325392
v 2.161276 -1.394309 42.741292
v 2.000706 -1.394309 42.561687
v 2.114426 -1.394309 42.317823
v 2.355206 -1.342139 42.325392
v 2.355206 -1.394309 42.325392
v 2.114426 -1.394309 42.317823
v 2.114426 -1.342139 42.317823
v 2.114426 -1.342139 42.317823
v 2.114426 -1.394309 42.317823
v 2.000706 -1.394309 42.561687
v 2.000706 -1.342139 42.561687
v 2.000706 -1.342139 42.561687
v 2.000706 -1.394309 42.561687
v 2.161276 -1.394309 42.741292
v 2.161276 -1.342139 42.741292
v 2.190600 -1.572124 43.883377
v 2.369774 -1.610130 44.123431
v 2.348993 -1.236613 44.168008
v 2.171933 -1.236614 43.923406
v 2.245330 -1.884770 43.766005
v 2.430703 -1.958191 43.992775
v 2.332393 -2.153245 43.579312
v 2.527629 -2.257078 43.784927
v 2.445855 -2.359252 43.335981
v 2.653944 -2.486422 43.514035
v 2.577986 -2.488754 43.052643
v 2.801041 -2.630594 43.198566
v 2.719776 -2.532925 42.748557
v 2.958897 -2.679769 42.860063
v 2.861569 -2.488755 42.444491
v 3.116750 -2.630594 42.521556
v 2.993700 -2.359253 42.161129
v 3.263847 -2.486423 42.206087
v 3.107162 -2.153245 41.917798
v 3.390161 -2.257079 41.935223
v 3.194225 -1.884770 41.731109
v 3.487087 -1.958192 41.727348
v 3.248955 -1.572124 41.613736
v 3.548017 -1.610130 41.596692
v 3.267621 -1.236615 41.573704
v 3.568799 -1.236615 41.552115
v 3.248955 -0.901105 41.613736
v 3.548017 -0.863099 41.596692
v 3.194225 -0.588459 41.731109
v 3.487087 -0.515038 41.727348
v 3.107162 -0.319984 41.917798
v 3.390163 -0.216150 41.935223
v 2.993700 -0.113976 42.161129
v 3.263847 0.013194 42.206087
v 2.861569 0.015526 42.444491
v 3.116750 0.157366 42.521556
v 2.719776 0.059697 42.748557
v 2.958897 0.206540 42.860063
v 2.577986 0.015526 43.052643
v 2.801041 0.157367 43.198566
v 2.445856 -0.113975 43.335981
v 2.653944 0.013195 43.514035
v 2.332393 -0.319983 43.579312
v 2.527629 -0.216148 43.784927
v 2.245331 -0.588457 43.766005
v 2.430705 -0.515036 43.992775
v 2.190600 -0.901103 43.883377
v 2.369774 -0.863096 44.123431
v 2.077856 -1.510606 43.577486
v 2.062611 -1.236614 43.610175
v 2.122551 -1.765926 43.481625
v 2.193650 -1.985174 43.329175
v 2.286308 -2.153409 43.130443
v 2.394210 -2.259166 42.899050
v 2.510005 -2.295237 42.650739
v 2.625799 -2.259166 42.402429
v 2.733700 -2.153409 42.171010
v 2.826360 -1.985174 41.972306
v 2.897459 -1.765926 41.819857
v 2.942153 -1.510606 41.723996
v 2.957398 -1.236615 41.691306
v 2.942153 -0.962622 41.723996
v 2.897459 -0.707303 41.819857
v 2.826360 -0.488054 41.972306
v 2.733700 -0.319820 42.171010
v 2.625799 -0.214062 42.402429
v 2.510005 -0.177990 42.650739
v 2.394211 -0.214062 42.899050
v 2.286308 -0.319818 43.130443
v 2.193650 -0.488053 43.329175
v 2.122551 -0.707301 43.481625
v 2.077856 -0.962621 43.577486
v 2.043309 -1.430422 43.231181
v 2.032526 -1.236614 43.254321
v 2.074924 -1.611022 43.163387
v 2.125216 -1.766107 43.055539
v 2.190757 -1.885108 42.915002
v 2.267082 -1.959915 42.751297
v 2.348989 -1.985430 42.575659
v 2.430896 -1.959915 42.400017
v 2.507221 -1.885108 42.236340
v 2.572764 -1.766107 42.095775
v 2.623053 -1.611022 41.987927
v 2.654668 -1.430422 41.920108
v 2.665453 -1.236615 41.896996
v 2.654668 -1.042806 41.920108
v 2.623055 -0.862206 41.987927
v 2.572764 -0.707121 42.095775
v 2.507221 -0.588120 42.236340
v 2.430896 -0.513313 42.400017
v 2.348989 -0.487798 42.575659
v 2.267082 -0.513313 42.751297
v 2.190758 -0.588120 42.914977
v 2.125216 -0.707121 43.055539
v 2.074924 -0.862206 43.163387
v 2.043309 -1.042805 43.231181
v 2.089333 -1.337028 42.868062
v 2.083746 -1.236614 42.880052
v 2.105713 -1.430599 42.832936
v 2.131770 -1.510950 42.777054
v 2.165727 -1.572606 42.704234
v 2.205272 -1.611364 42.619448
v 2.247709 -1.624584 42.528440
v 2.290145 -1.611364 42.437431
v 2.329691 -1.572606 42.352621
v 2.363648 -1.510950 42.279798
v 2.389705 -1.430599 42.223919
v 2.406085 -1.337028 42.188789
v 2.411672 -1.236614 42.176802
v 2.406085 -1.136200 42.188789
v 2.389705 -1.042629 42.223919
v 2.363649 -0.962278 42.279798
v 2.329691 -0.900623 42.352621
v 2.290147 -0.861864 42.437431
v 2.247709 -0.848644 42.528440
v 2.205272 -0.861864 42.619448
v 2.165727 -0.900622 42.704234
v 2.131770 -0.962278 42.777054
v 2.105713 -1.042629 42.832936
v 2.089333 -1.136200 42.868062
v 2.213079 -1.236614 42.512286
v 2.387837 -1.236613 44.125161
v 2.407824 -1.595828 44.082283
v 2.231862 -1.558677 43.847258
v 2.213944 -1.236614 43.885687
v 2.466420 -1.930563 43.956632
v 2.284399 -1.858791 43.734583
v 2.559634 -2.218005 43.756734
v 2.367972 -2.116506 43.555360
v 2.681112 -2.438568 43.496204
v 2.476887 -2.314256 43.321808
v 2.822578 -2.577219 43.192852
v 2.603721 -2.438568 43.049800
v 2.974388 -2.624511 42.867275
v 2.739829 -2.480969 42.757902
v 3.126199 -2.577221 42.541723
v 2.875940 -2.438569 42.466031
v 3.267662 -2.438569 42.238346
v 3.002775 -2.314257 42.194023
v 3.389140 -2.218006 41.977844
v 3.111688 -2.116506 41.960443
v 3.482355 -1.930563 41.777946
v 3.195262 -1.858792 41.781248
v 3.540951 -1.595829 41.652292
v 3.247799 -1.558677 41.668573
v 3.560938 -1.236615 41.609417
v 3.265716 -1.236615 41.630144
v 3.540951 -0.877401 41.652292
v 3.247799 -0.914552 41.668573
v 3.482355 -0.542666 41.777946
v 3.195262 -0.614437 41.781223
v 3.389142 -0.255223 41.977844
v 3.111688 -0.356723 41.960443
v 3.267664 -0.034659 42.238346
v 3.002775 -0.158971 42.194023
v 3.126199 0.103992 42.541723
v 2.875940 -0.034660 42.466031
v 2.974388 0.151283 42.867275
v 2.739829 0.007741 42.757902
v 2.822578 0.103992 43.192852
v 2.603721 -0.034659 43.049800
v 2.681112 -0.034659 43.496204
v 2.476888 -0.158970 43.321808
v 2.559634 -0.255221 43.756734
v 2.367972 -0.356721 43.555360
v 2.466421 -0.542664 43.956632
v 2.284400 -0.614435 43.734583
v 2.407824 -0.877398 44.082283
v 2.231863 -0.914550 43.847258
v 2.123657 -1.499577 43.553431
v 2.109027 -1.236614 43.584800
v 2.166553 -1.744620 43.461431
v 2.234791 -1.955042 43.315102
v 2.323719 -2.116506 43.124400
v 2.427278 -2.218006 42.902327
v 2.538412 -2.252625 42.663973
v 2.649545 -2.218006 42.425671
v 2.753103 -2.116506 42.203573
v 2.842031 -1.955043 42.012871
v 2.910271 -1.744620 41.866539
v 2.953164 -1.499578 41.774542
v 2.967797 -1.236615 41.743173
v 2.953164 -0.973651 41.774542
v 2.910271 -0.728609 41.866539
v 2.842031 -0.518186 42.012871
v 2.753103 -0.356722 42.203573
v 2.649545 -0.255223 42.425671
v 2.538412 -0.220602 42.663973
v 2.427279 -0.255222 42.902327
v 2.323720 -0.356721 43.124400
v 2.234791 -0.518185 43.315102
v 2.166554 -0.728607 43.461431
v 2.123657 -0.973650 43.553431
v 2.090582 -1.422557 43.220844
v 2.080236 -1.236614 43.243044
v 2.120914 -1.595829 43.155794
v 2.169165 -1.744620 43.052340
v 2.232047 -1.858792 42.917464
v 2.305275 -1.930563 42.760444
v 2.383857 -1.955043 42.591915
v 2.462440 -1.930563 42.423411
v 2.535668 -1.858792 42.266363
v 2.598550 -1.744620 42.131512
v 2.646802 -1.595829 42.028033
v 2.677132 -1.422557 41.962986
v 2.687477 -1.236615 41.940811
v 2.677132 -1.050671 41.962986
v 2.646802 -0.877400 42.028033
v 2.598550 -0.728608 42.131512
v 2.535668 -0.614436 42.266363
v 2.462441 -0.542665 42.423386
v 2.383858 -0.518185 42.591915
v 2.305275 -0.542665 42.760444
v 2.232048 -0.614436 42.917464
v 2.169165 -0.728608 43.052340
v 2.120914 -0.877399 43.155794
v 2.090582 -1.050670 43.220844
v 2.134890 -1.332866 42.872177
v 2.129535 -1.236614 42.883658
v 2.150591 -1.422557 42.838498
v 2.175567 -1.499577 42.784954
v 2.208118 -1.558677 42.715129
v 2.246023 -1.595829 42.633850
v 2.286700 -1.608501 42.546600
v 2.327378 -1.595829 42.459377
v 2.365284 -1.558677 42.378095
v 2.397834 -1.499578 42.308298
v 2.422810 -1.422557 42.254729
v 2.438511 -1.332865 42.221048
v 2.443866 -1.236614 42.209566
v 2.438511 -1.140363 42.221048
v 2.422810 -1.050671 42.254729
v 2.397834 -0.973651 42.308298
v 2.365284 -0.914551 42.378095
v 2.327378 -0.877399 42.459377
v 2.286701 -0.864728 42.546600
v 2.246023 -0.877399 42.633850
v 2.208118 -0.914551 42.715129
v 2.175567 -0.973650 42.784930
v 2.150591 -1.050671 42.838498
v 2.134890 -1.140362 42.872177
v 2.253563 -1.236614 42.531156
v 2.348993 -1.236613 44.168008
v 2.369774 -1.610130 44.123431
v 2.407824 -1.595828 44.082283
v 2.387837 -1.236613 44.125161
v 2.430703 -1.958191 43.992775
v 2.466420 -1.930563 43.956632
v 2.527629 -2.257078 43.784927
v 2.559634 -2.218005 43.756734
v 2.653944 -2.486422 43.514035
v 2.681112 -2.438568 43.496204
v 2.801041 -2.630594 43.198566
v 2.822578 -2.577219 43.192852
v 2.958897 -2.679769 42.860063
v 2.974388 -2.624511 42.867275
v 3.116750 -2.630594 42.521556
v 3.126199 -2.577221 42.541723
v 3.263847 -2.486423 42.206087
v 3.267662 -2.438569 42.238346
v 3.390161 -2.257079 41.935223
v 3.389140 -2.218006 41.977844
v 3.487087 -1.958192 41.727348
v 3.482355 -1.930563 41.777946
v 3.548017 -1.610130 41.596692
v 3.540951 -1.595829 41.652292
v 3.568799 -1.236615 41.552115
v 3.560938 -1.236615 41.609417
v 3.548017 -0.863099 41.596692
v 3.540951 -0.877401 41.652292
v 3.487087 -0.515038 41.727348
v 3.482355 -0.542666 41.777946
v 3.390163 -0.216150 41.935223
v 3.389142 -0.255223 41.977844
v 3.263847 0.013194 42.206087
v 3.267664 -0.034659 42.238346
v 3.116750 0.157366 42.521556
v 3.126199 0.103992 42.541723
v 2.958897 0.206540 42.860063
v 2.974388 0.151283 42.867275
v 2.801041 0.157367 43.198566
v 2.822578 0.103992 43.192852
v 2.653944 0.013195 43.514035
v 2.681112 -0.034659 43.496204
v 2.527629 -0.216148 43.784927
v 2.559634 -0.255221 43.756734
v 2.430705 -0.515036 43.992775
v 2.466421 -0.542664 43.956632
v 2.369774 -0.863096 44.123431
v 2.407824 -0.877398 44.082283
v 2.904581 -1.236613 42.912435
v 2.925148 -1.303595 42.868342
v 2.960284 -1.275640 42.874692
v 2.948300 -1.236613 42.900395
v 2.958424 -1.278011 42.796969
v 2.979671 -1.260733 42.833113
v 2.958424 -1.195217 42.796969
v 2.979671 -1.212494 42.833113
v 2.925148 -1.169632 42.868342
v 2.960284 -1.197587 42.874692
v 2.948300 -1.236613 42.900395
v 2.960284 -1.275640 42.874692
v 3.455896 -1.275640 43.105806
v 3.443915 -1.236613 43.131510
v 2.925148 -1.303595 42.868342
v 2.904581 -1.236613 42.912435
v 2.203673 -1.236614 42.585615
v 2.224240 -1.303595 42.541496
v 2.979671 -1.260733 42.833113
v 3.475286 -1.260734 43.064227
v 2.958424 -1.278011 42.796969
v 2.257517 -1.278010 42.470146
v 2.979671 -1.212494 42.833113
v 3.475286 -1.212494 43.064227
v 2.958424 -1.195217 42.796969
v 2.257517 -1.195217 42.470146
v 2.960284 -1.197587 42.874692
v 3.455896 -1.197587 43.105806
v 2.925148 -1.169632 42.868342
v 2.224240 -1.169633 42.541496
v 3.481314 -1.236613 43.177867
v 3.443915 -1.236613 43.131510
v 3.455896 -1.275640 43.105806
v 3.500951 -1.300561 43.135755
v 3.475286 -1.260734 43.064227
v 3.532721 -1.276135 43.067632
v 3.475286 -1.212494 43.064227
v 3.532721 -1.197092 43.067632
v 3.455896 -1.197587 43.105806
v 3.500951 -1.172667 43.135755
v 3.522934 -1.236613 43.178856
v 3.537699 -1.284702 43.147208
v 3.571296 -1.236613 43.145633
v 3.561590 -1.266334 43.095977
v 3.561590 -1.206893 43.095977
v 3.537699 -1.188526 43.147208
v -2.056872 1.139651 42.544237
v -2.036637 1.139651 42.440123
v -2.036636 1.390332 42.440123
v -2.056872 1.390332 42.544237
v -2.162131 1.139651 42.557167
v -2.162131 1.390332 42.557167
v -2.206950 1.139651 42.461052
v -2.162131 1.139651 42.557167
v -2.162131 1.390332 42.557167
v -2.206950 1.390332 42.461052
v -2.129390 1.139651 42.388715
v -2.129390 1.390332 42.388715
v -2.333487 1.159467 42.325392
v -2.139557 1.159467 42.741292
v -1.978987 1.159467 42.561687
v -2.092707 1.159467 42.317823
v -2.333487 1.107297 42.325392
v -2.092707 1.107297 42.317823
v -1.978987 1.107297 42.561687
v -2.139557 1.107297 42.741292
v -2.333487 1.159467 42.325392
v -2.092707 1.159467 42.317823
v -2.092707 1.107297 42.317823
v -2.333487 1.107297 42.325392
v -2.092707 1.159467 42.317823
v -1.978987 1.159467 42.561687
v -1.978987 1.107297 42.561687
v -2.092707 1.107297 42.317823
v -1.978987 1.159467 42.561687
v -2.139557 1.159467 42.741292
v -2.139557 1.107297 42.741292
v -1.978987 1.107297 42.561687
v -2.333487 1.370517 42.325392
v -2.092707 1.370517 42.317823
v -1.978987 1.370517 42.561687
v -2.139557 1.370517 42.741292
v -2.333487 1.422686 42.325392
v -2.139557 1.422686 42.741292
v -1.978987 1.422686 42.561687
v -2.092707 1.422686 42.317823
v -2.333487 1.370517 42.325392
v -2.333487 1.422686 42.325392
v -2.092707 1.422686 42.317823
v -2.092707 1.370517 42.317823
v -2.092707 1.370517 42.317823
v -2.092707 1.422686 42.317823
v -1.978987 1.422686 42.561687
v -1.978987 1.370517 42.561687
v -1.978987 1.370517 42.561687
v -1.978987 1.422686 42.561687
v -2.139557 1.422686 42.741292
v -2.139557 1.370517 42.741292
v -2.168881 1.600502 43.883377
v -2.348055 1.638508 44.123431
v -2.327273 1.264992 44.168008
v -2.150213 1.264992 43.923406
v -2.223610 1.913148 43.766005
v -2.408985 1.986569 43.992775
v -2.310673 2.181622 43.579312
v -2.505910 2.285456 43.784927
v -2.424136 2.387631 43.335981
v -2.632225 2.514801 43.514035
v -2.556266 2.517133 43.052643
v -2.779321 2.658971 43.198566
v -2.698057 2.561303 42.748557
v -2.937177 2.708146 42.860063
v -2.839850 2.517133 42.444491
v -3.095031 2.658974 42.521556
v -2.971980 2.387631 42.161129
v -3.242127 2.514800 42.206087
v -3.085442 2.181623 41.917798
v -3.368444 2.285457 41.935223
v -3.172506 1.913148 41.731109
v -3.465368 1.986568 41.727348
v -3.227235 1.600503 41.613736
v -3.526297 1.638508 41.596692
v -3.245901 1.264992 41.573704
v -3.547080 1.264992 41.552115
v -3.227235 0.929482 41.613736
v -3.526297 0.891476 41.596692
v -3.172506 0.616837 41.731109
v -3.465368 0.543414 41.727348
v -3.085442 0.348362 41.917798
v -3.368444 0.244528 41.935223
v -2.971980 0.142354 42.161129
v -3.242127 0.015183 42.206087
v -2.839850 0.012851 42.444491
v -3.095031 -0.128988 42.521556
v -2.698059 -0.031319 42.748557
v -2.937177 -0.178163 42.860063
v -2.556266 0.012851 43.052643
v -2.779321 -0.128989 43.198566
v -2.424136 0.142353 43.335981
v -2.632225 0.015182 43.514035
v -2.310673 0.348360 43.579312
v -2.505910 0.244526 43.784927
v -2.223610 0.616835 43.766005
v -2.408985 0.543413 43.992775
v -2.168881 0.929480 43.883377
v -2.348055 0.891474 44.123431
v -2.056136 1.538984 43.577486
v -2.040892 1.264992 43.610175
v -2.100831 1.794304 43.481625
v -2.171930 2.013552 43.329175
v -2.264588 2.181787 43.130443
v -2.372491 2.287544 42.899050
v -2.488285 2.323616 42.650739
v -2.604079 2.287544 42.402429
v -2.711981 2.181787 42.171010
v -2.804640 2.013552 41.972306
v -2.875740 1.794304 41.819857
v -2.920434 1.538984 41.723996
v -2.935679 1.264992 41.691306
v -2.920434 0.991001 41.723996
v -2.875740 0.735681 41.819857
v -2.804640 0.516433 41.972306
v -2.711981 0.348197 42.171010
v -2.604079 0.242441 42.402429
v -2.488285 0.206368 42.650739
v -2.372491 0.242440 42.899050
v -2.264588 0.348196 43.130443
v -2.171930 0.516432 43.329175
v -2.100831 0.735679 43.481625
v -2.056136 0.990999 43.577486
v -2.021589 1.458800 43.231181
v -2.010807 1.264992 43.254321
v -2.053205 1.639401 43.163387
v -2.103496 1.794485 43.055539
v -2.169038 1.913486 42.915002
v -2.245363 1.988293 42.751297
v -2.327269 2.013808 42.575659
v -2.409176 1.988293 42.400017
v -2.485501 1.913486 42.236340
v -2.551044 1.794485 42.095775
v -2.601336 1.639401 41.987927
v -2.632949 1.458800 41.920108
v -2.643734 1.264992 41.896996
v -2.632949 1.071184 41.920108
v -2.601333 0.890584 41.987927
v -2.551044 0.735499 42.095775
v -2.485501 0.616498 42.236340
v -2.409176 0.541691 42.400017
v -2.327270 0.516176 42.575659
v -2.245363 0.541691 42.751297
v -2.169038 0.616498 42.914977
v -2.103496 0.735498 43.055539
v -2.053205 0.890583 43.163387
v -2.021590 1.071183 43.231181
v -2.067614 1.365406 42.868062
v -2.062027 1.264992 42.880052
v -2.083994 1.458976 42.832936
v -2.110050 1.539328 42.777054
v -2.144008 1.600984 42.704234
v -2.183553 1.639743 42.619448
v -2.225990 1.652962 42.528440
v -2.268426 1.639743 42.437431
v -2.307971 1.600984 42.352621
v -2.341929 1.539328 42.279798
v -2.367986 1.458978 42.223919
v -2.384366 1.365406 42.188789
v -2.389953 1.264992 42.176802
v -2.384366 1.164578 42.188789
v -2.367986 1.071007 42.223919
v -2.341929 0.990656 42.279798
v -2.307971 0.929001 42.352621
v -2.268426 0.890242 42.437431
v -2.225990 0.877022 42.528440
v -2.183553 0.890242 42.619448
v -2.144008 0.929000 42.704234
v -2.110050 0.990656 42.777054
v -2.083994 1.071007 42.832936
v -2.067614 1.164578 42.868062
v -2.191360 1.264992 42.512286
v -2.366118 1.264992 44.125161
v -2.386104 1.624206 44.082283
v -2.210143 1.587054 43.847258
v -2.192224 1.264992 43.885687
v -2.444700 1.958941 43.956632
v -2.262680 1.887169 43.734583
v -2.537914 2.246383 43.756734
v -2.346253 2.144884 43.555360
v -2.659393 2.466946 43.496204
v -2.455168 2.342635 43.321808
v -2.800858 2.605598 43.192852
v -2.582002 2.466947 43.049800
v -2.952669 2.652890 42.867275
v -2.718110 2.509346 42.757902
v -3.104479 2.605598 42.541723
v -2.854221 2.466947 42.466031
v -3.245942 2.466946 42.238346
v -2.981053 2.342635 42.194023
v -3.367423 2.246384 41.977844
v -3.089968 2.144884 41.960443
v -3.460636 1.958941 41.777946
v -3.173542 1.887169 41.781248
v -3.519234 1.624207 41.652292
v -3.226079 1.587055 41.668573
v -3.539218 1.264992 41.609417
v -3.243997 1.264992 41.630144
v -3.519234 0.905778 41.652292
v -3.226079 0.942929 41.668573
v -3.460636 0.571044 41.777946
v -3.173542 0.642815 41.781223
v -3.367423 0.283600 41.977844
v -3.089968 0.385101 41.960443
v -3.245942 0.063038 42.238346
v -2.981053 0.187349 42.194023
v -3.104479 -0.075614 42.541723
v -2.854221 0.063038 42.466031
v -2.952669 -0.122906 42.867275
v -2.718110 0.020637 42.757902
v -2.800858 -0.075614 43.192852
v -2.582002 0.063037 43.049800
v -2.659393 0.063037 43.496204
v -2.455168 0.187348 43.321808
v -2.537914 0.283599 43.756734
v -2.346253 0.385099 43.555360
v -2.444701 0.571042 43.956632
v -2.262680 0.642813 43.734583
v -2.386104 0.905776 44.082283
v -2.210143 0.942928 43.847258
v -2.101938 1.527955 43.553431
v -2.087307 1.264992 43.584800
v -2.144834 1.772998 43.461431
v -2.213071 1.983421 43.315102
v -2.302000 2.144884 43.124400
v -2.405559 2.246383 42.902327
v -2.516692 2.281004 42.663973
v -2.627826 2.246383 42.425671
v -2.731384 2.144884 42.203573
v -2.820312 1.983421 42.012871
v -2.888549 1.772998 41.866539
v -2.931445 1.527956 41.774542
v -2.946077 1.264992 41.743173
v -2.931445 1.002029 41.774542
v -2.888549 0.756986 41.866539
v -2.820312 0.546564 42.012871
v -2.731384 0.385101 42.203573
v -2.627826 0.283600 42.425671
v -2.516692 0.248980 42.663973
v -2.405559 0.283600 42.902327
v -2.302000 0.385099 43.124400
v -2.213071 0.546563 43.315102
v -2.144834 0.756985 43.461431
v -2.101938 1.002028 43.553431
v -2.068862 1.450935 43.220844
v -2.058517 1.264992 43.243044
v -2.099194 1.624206 43.155794
v -2.147445 1.772998 43.052340
v -2.210327 1.887169 42.917464
v -2.283555 1.958941 42.760444
v -2.362138 1.983421 42.591915
v -2.440721 1.958941 42.423411
v -2.513948 1.887169 42.266363
v -2.576830 1.772999 42.131512
v -2.625080 1.624206 42.028033
v -2.655413 1.450936 41.962986
v -2.665758 1.264992 41.940811
v -2.655413 1.079049 41.962986
v -2.625080 0.905778 42.028033
v -2.576830 0.756986 42.131512
v -2.513948 0.642814 42.266363
v -2.440721 0.571043 42.423386
v -2.362138 0.546563 42.591915
v -2.283555 0.571043 42.760444
v -2.210327 0.642814 42.917464
v -2.147445 0.756985 43.052340
v -2.099195 0.905777 43.155794
v -2.068862 1.079048 43.220844
v -2.113170 1.361244 42.872177
v -2.107815 1.264992 42.883658
v -2.128871 1.450936 42.838498
v -2.153848 1.527956 42.784954
v -2.186398 1.587054 42.715129
v -2.224303 1.624206 42.633850
v -2.264981 1.636878 42.546600
v -2.305658 1.624206 42.459377
v -2.343564 1.587054 42.378095
v -2.376114 1.527956 42.308298
v -2.401090 1.450936 42.254729
v -2.416791 1.361244 42.221048
v -2.422147 1.264992 42.209566
v -2.416792 1.168741 42.221048
v -2.401091 1.079049 42.254729
v -2.376114 1.002029 42.308298
v -2.343564 0.942929 42.378095
v -2.305658 0.905777 42.459377
v -2.264981 0.893106 42.546600
v -2.224304 0.905777 42.633850
v -2.186398 0.942928 42.715129
v -2.153848 1.002028 42.784930
v -2.128871 1.079049 42.838498
v -2.113170 1.168740 42.872177
v -2.231843 1.264992 42.531156
v -2.327273 1.264992 44.168008
v -2.348055 1.638508 44.123431
v -2.386104 1.624206 44.082283
v -2.366118 1.264992 44.125161
v -2.408985 1.986569 43.992775
v -2.444700 1.958941 43.956632
v -2.505910 2.285456 43.784927
v -2.537914 2.246383 43.756734
v -2.632225 2.514801 43.514035
v -2.659393 2.466946 43.496204
v -2.779321 2.658971 43.198566
v -2.800858 2.605598 43.192852
v -2.937177 2.708146 42.860063
v -2.952669 2.652890 42.867275
v -3.095031 2.658974 42.521556
v -3.104479 2.605598 42.541723
v -3.242127 2.514800 42.206087
v -3.245942 2.466946 42.238346
v -3.368444 2.285457 41.935223
v -3.367423 2.246384 41.977844
v -3.465368 1.986568 41.727348
v -3.460636 1.958941 41.777946
v -3.526297 1.638508 41.596692
v -3.519234 1.624207 41.652292
v -3.547080 1.264992 41.552115
v -3.539218 1.264992 41.609417
v -3.526297 0.891476 41.596692
v -3.519234 0.905778 41.652292
v -3.465368 0.543414 41.727348
v -3.460636 0.571044 41.777946
v -3.368444 0.244528 41.935223
v -3.367423 0.283600 41.977844
v -3.242127 0.015183 42.206087
v -3.245942 0.063038 42.238346
v -3.095031 -0.128988 42.521556
v -3.104479 -0.075614 42.541723
v -2.937177 -0.178163 42.860063
v -2.952669 -0.122906 42.867275
v -2.779321 -0.128989 43.198566
v -2.800858 -0.075614 43.192852
v -2.632225 0.015182 43.514035
v -2.659393 0.063037 43.496204
v -2.505910 0.244526 43.784927
v -2.537914 0.283599 43.756734
v -2.408985 0.543413 43.992775
v -2.444701 0.571042 43.956632
v -2.348055 0.891474 44.123431
v -2.386104 0.905776 44.082283
v -2.882862 1.264992 42.912435
v -2.903428 1.331973 42.868342
v -2.938564 1.304018 42.874692
v -2.926580 1.264992 42.900395
v -2.936705 1.306389 42.796969
v -2.957952 1.289112 42.833113
v -2.936705 1.223595 42.796969
v -2.957952 1.240872 42.833113
v -2.903428 1.198011 42.868342
v -2.938564 1.225966 42.874692
v -2.926580 1.264992 42.900395
v -2.938564 1.304018 42.874692
v -3.434176 1.304017 43.105806
v -3.422195 1.264991 43.131510
v -2.903428 1.331973 42.868342
v -2.882862 1.264992 42.912435
v -2.181954 1.264992 42.585615
v -2.202520 1.331973 42.541496
v -2.957952 1.289112 42.833113
v -3.453567 1.289111 43.064227
v -2.936705 1.306389 42.796969
v -2.235798 1.306389 42.470146
v -2.957952 1.240872 42.833113
v -3.453567 1.240871 43.064227
v -2.936705 1.223595 42.796969
v -2.235798 1.223595 42.470146
v -2.938564 1.225966 42.874692
v -3.434176 1.225965 43.105806
v -2.903428 1.198011 42.868342
v -2.202520 1.198011 42.541496
v -3.459594 1.264991 43.177867
v -3.422195 1.264991 43.131510
v -3.434176 1.304017 43.105806
v -3.479231 1.328938 43.135755
v -3.453567 1.289111 43.064227
v -3.510999 1.304512 43.067632
v -3.453567 1.240871 43.064227
v -3.510999 1.225470 43.067632
v -3.434176 1.225965 43.105806
v -3.479231 1.201045 43.135755
v -3.501215 1.264991 43.178856
v -3.515980 1.313080 43.147208
v -3.549576 1.264991 43.145633
v -3.539871 1.294711 43.095977
v -3.539871 1.235271 43.095977
v -3.515980 1.216903 43.147208
v 1.051489 -1.226591 42.615002
v 1.226590 -1.051490 42.615002
v -1.051490 1.226590 42.615002
v -1.226591 1.051490 42.615002
v 1.226590 -1.051490 42.615002
v 1.226590 -1.051490 42.367377
v -1.051490 1.226590 42.367377
v -1.051490 1.226590 42.615002
v 1.226590 -1.051490 42.367377
v 1.051489 -1.226591 42.367377
v -1.226591 1.051489 42.367377
v -1.051490 1.226590 42.367377
v 1.051489 -1.226591 42.367377
v 1.051489 -1.226591 42.615002
v -1.226591 1.051490 42.615002
v -1.226591 1.051489 42.367377
v -1.365393 1.361298 42.647871
v -1.075165 1.075165 42.647871
v 1.075164 1.075165 42.647871
v 1.365391 1.361298 42.647871
v -1.075165 1.075165 42.647871
v -1.075165 1.075165 42.334486
v 1.075164 1.075165 42.334486
v 1.075164 1.075165 42.647871
v -1.075165 1.075165 42.334486
v -1.365393 1.361298 42.334486
v 1.365391 1.361298 42.334486
v 1.075164 1.075165 42.334486
v -1.365393 1.361298 42.334486
v -1.365393 1.361298 42.647871
v 1.365391 1.361298 42.647871
v 1.365391 1.361298 42.334486
v 1.361297 1.365393 42.647871
v 1.075164 1.075165 42.647871
v 1.075165 -1.075165 42.647871
v 1.361297 -1.365391 42.647871
v 1.075164 1.075165 42.647871
v 1.075164 1.075165 42.334486
v 1.075165 -1.075165 42.334486
v 1.075165 -1.075165 42.647871
v 1.075164 1.075165 42.334486
v 1.361297 1.365393 42.334486
v 1.361297 -1.365391 42.334486
v 1.075165 -1.075165 42.334486
v 1.361297 1.365393 42.334486
v 1.361297 1.365393 42.647871
v 1.361297 -1.365391 42.647871
v 1.361297 -1.365391 42.334486
v 1.365391 -1.361298 42.647871
v 1.075165 -1.075165 42.647871
v -1.075165 -1.075165 42.647871
v -1.365392 -1.361298 42.647871
v 1.075165 -1.075165 42.647871
v 1.075165 -1.075165 42.334486
v -1.075165 -1.075165 42.334486
v -1.075165 -1.075165 42.647871
v 1.075165 -1.075165 42.334486
v 1.365391 -1.361298 42.334486
v -1.365392 -1.361298 42.334486
v -1.075165 -1.075165 42.334486
v 1.365391 -1.361298 42.334486
v 1.365391 -1.361298 42.647871
v -1.365392 -1.361298 42.647871
v -1.365392 -1.361298 42.334486
v -1.361298 -1.365392 42.647871
v -1.075165 -1.075165 42.647871
v -1.075165 1.075165 42.647871
v -1.361298 1.365392 42.647871
v -1.075165 -1.075165 42.647871
v -1.075165 -1.075165 42.334486
v -1.075165 1.075165 42.334486
v -1.075165 1.075165 42.647871
v -1.075165 -1.075165 42.334486
v -1.361298 -1.365392 42.334486
v -1.361298 1.365392 42.334486
v -1.075165 1.075165 42.334486
v -1.361298 -1.365392 42.334486
v -1.361298 -1.365392 42.647871
v -1.361298 1.365392 42.647871
v -1.361298 1.365392 42.334486
v 1.261758 -1.173108 42.543654
v 1.261758 -1.173108 42.412844
v 1.261758 -1.303916 42.412844
v 1.261758 -1.303916 42.543654
v 1.261758 -1.173108 42.543654
v 1.261758 -1.303916 42.543654
v 2.122955 -1.303916 42.543654
v 2.122955 -1.173109 42.543654
v 1.261758 -1.303916 42.543654
v 1.261758 -1.303916 42.412844
v 2.122955 -1.303916 42.412844
v 2.122955 -1.303916 42.543654
v 1.261758 -1.303916 42.412844
v 1.261758 -1.173108 42.412844
v 2.122955 -1.173109 42.412844
v 2.122955 -1.303916 42.412844
v 1.261758 -1.173108 42.412844
v 1.261758 -1.173108 42.543654
v 2.122955 -1.173109 42.543654
v 2.122955 -1.173109 42.412844
v 1.475298 2.486674 40.842642
v 1.506415 2.486674 40.746859
v 1.424950 2.486674 40.687675
v 1.343484 2.486674 40.746859
v 1.374601 2.486674 40.842642
v 1.506414 -2.486674 40.746859
v 1.424949 -2.486674 40.687675
v 1.424950 2.486674 40.687675
v 1.506415 2.486674 40.746859
v 1.475297 -2.486674 40.842642
v 1.475298 2.486674 40.842642
v 1.374600 -2.486674 40.842642
v 1.374601 2.486674 40.842642
v 1.343484 -2.486674 40.746859
v 1.343484 2.486674 40.746859
v 1.506414 -2.486674 40.746859
v 1.475297 -2.486674 40.842642
v 1.374600 -2.486674 40.842642
v 1.343484 -2.486674 40.746859
v 1.424949 -2.486674 40.687675
v 1.424949 -2.460252 42.208704
v 1.498566 -2.406765 42.208704
v 1.467841 -2.396783 42.232325
v 1.424949 -2.427946 42.232325
v 1.470447 -2.320223 42.208704
v 1.451458 -2.346359 42.232325
v 1.379451 -2.320223 42.208704
v 1.398439 -2.346359 42.232325
v 1.351331 -2.406765 42.208704
v 1.382055 -2.396783 42.232325
v 1.424949 -2.427946 42.232325
v 1.467841 -2.396783 42.232325
v 1.467842 -2.396782 43.270373
v 1.424949 -2.427946 43.270373
v 1.498566 -2.406765 42.208704
v 1.424949 -2.460252 42.208704
v 1.424949 -2.460252 40.749094
v 1.498566 -2.406766 40.749094
v 1.451458 -2.346359 42.232325
v 1.451458 -2.346359 43.270373
v 1.470447 -2.320223 42.208704
v 1.470447 -2.320223 40.749094
v 1.398439 -2.346359 42.232325
v 1.398439 -2.346359 43.270373
v 1.379451 -2.320223 42.208704
v 1.379451 -2.320223 40.749094
v 1.382055 -2.396783 42.232325
v 1.382056 -2.396782 43.270373
v 1.351331 -2.406765 42.208704
v 1.351332 -2.406766 40.749094
v 1.451458 -2.346359 43.270373
v 1.398439 -2.346359 43.270373
v 1.382056 -2.396782 43.270373
v 1.424949 -2.427946 43.270373
v 1.467842 -2.396782 43.270373
v 1.424949 2.325616 42.208704
v 1.498566 2.379102 42.208704
v 1.467842 2.389086 42.232325
v 1.424949 2.357923 42.232325
v 1.470447 2.465645 42.208704
v 1.451459 2.439510 42.232325
v 1.379451 2.465645 42.208704
v 1.398439 2.439510 42.232325
v 1.351331 2.379103 42.208704
v 1.382056 2.389086 42.232325
v 1.424949 2.357923 42.232325
v 1.467842 2.389086 42.232325
v 1.467842 2.389086 43.270373
v 1.424949 2.357923 43.270373
v 1.498566 2.379102 42.208704
v 1.424949 2.325616 42.208704
v 1.424950 2.325616 40.749094
v 1.498567 2.379102 40.749094
v 1.451459 2.439510 42.232325
v 1.451459 2.439510 43.270373
v 1.470447 2.465645 42.208704
v 1.470448 2.465645 40.749094
v 1.398439 2.439510 42.232325
v 1.398439 2.439510 43.270373
v 1.379451 2.465645 42.208704
v 1.379451 2.465645 40.749094
v 1.382056 2.389086 42.232325
v 1.382056 2.389086 43.270373
v 1.351331 2.379103 42.208704
v 1.351332 2.379102 40.749094
v 1.451459 2.439510 43.270373
v 1.398439 2.439510 43.270373
v 1.382056 2.389086 43.270373
v 1.424949 2.357923 43.270373
v 1.467842 2.389086 43.270373
v -1.379123 2.486674 40.842642
v -1.348006 2.486674 40.746859
v -1.429472 2.486674 40.687675
v -1.510937 2.486674 40.746859
v -1.479820 2.486674 40.842642
v -1.348007 -2.486674 40.746859
v -1.429473 -2.486674 40.687675
v -1.429472 2.486674 40.687675
v -1.348006 2.486674 40.746859
v -1.379124 -2.486674 40.842642
v -1.379123 2.486674 40.842642
v -1.479821 -2.486674 40.842642
v -1.479820 2.486674 40.842642
v -1.510938 -2.486674 40.746859
v -1.510937 2.486674 40.746859
v -1.348007 -2.486674 40.746859
v -1.379124 -2.486674 40.842642
v -1.479821 -2.486674 40.842642
v -1.510938 -2.486674 40.746859
v -1.429473 -2.486674 40.687675
v -1.429472 -2.460252 42.208704
v -1.355855 -2.406766 42.208704
v -1.386579 -2.396783 42.232325
v -1.429473 -2.427947 42.232325
v -1.383974 -2.320223 42.208704
v -1.402963 -2.346359 42.232325
v -1.474970 -2.320223 42.208704
v -1.455982 -2.346359 42.232325
v -1.503090 -2.406766 42.208704
v -1.472365 -2.396783 42.232325
v -1.429473 -2.427947 42.232325
v -1.386579 -2.396783 42.232325
v -1.386579 -2.396783 43.270373
v -1.429472 -2.427946 43.270373
v -1.355855 -2.406766 42.208704
v -1.429472 -2.460252 42.208704
v -1.429472 -2.460253 40.749094
v -1.355854 -2.406767 40.749094
v -1.402963 -2.346359 42.232325
v -1.402963 -2.346359 43.270373
v -1.383974 -2.320223 42.208704
v -1.383974 -2.320224 40.749094
v -1.455982 -2.346359 42.232325
v -1.455982 -2.346359 43.270373
v -1.474970 -2.320223 42.208704
v -1.474970 -2.320224 40.749094
v -1.472365 -2.396783 42.232325
v -1.472365 -2.396783 43.270373
v -1.503090 -2.406766 42.208704
v -1.503089 -2.406767 40.749094
v -1.402963 -2.346359 43.270373
v -1.455982 -2.346359 43.270373
v -1.472365 -2.396783 43.270373
v -1.429472 -2.427946 43.270373
v -1.386579 -2.396783 43.270373
v -1.429472 2.325616 42.208704
v -1.355855 2.379102 42.208704
v -1.386579 2.389085 42.232325
v -1.429473 2.357922 42.232325
v -1.383974 2.465644 42.208704
v -1.402963 2.439509 42.232325
v -1.474970 2.465644 42.208704
v -1.455982 2.439509 42.232325
v -1.503090 2.379103 42.208704
v -1.472366 2.389085 42.232325
v -1.429473 2.357922 42.232325
v -1.386579 2.389085 42.232325
v -1.386579 2.389085 43.270373
v -1.429472 2.357922 43.270373
v -1.355855 2.379102 42.208704
v -1.429472 2.325616 42.208704
v -1.429472 2.325615 40.749094
v -1.355855 2.379102 40.749094
v -1.402963 2.439509 42.232325
v -1.402963 2.439509 43.270373
v -1.383974 2.465644 42.208704
v -1.383974 2.465644 40.749094
v -1.455982 2.439509 42.232325
v -1.455982 2.439509 43.270373
v -1.474970 2.465644 42.208704
v -1.474970 2.465644 40.749094
v -1.472366 2.389085 42.232325
v -1.472365 2.389085 43.270373
v -1.503090 2.379103 42.208704
v -1.503089 2.379102 40.749094
v -1.402963 2.439509 43.270373
v -1.455982 2.439509 43.270373
v -1.472365 2.389085 43.270373
v -1.429472 2.357922 43.270373
v -1.386579 2.389085 43.270373
v 1.226590 1.051489 42.615002
v 1.051489 1.226590 42.615002
v -1.226590 -1.051490 42.615002
v -1.051490 -1.226591 42.615002
v 1.051489 1.226590 42.615002
v 1.051489 1.226590 42.367377
v -1.226590 -1.051490 42.367377
v -1.226590 -1.051490 42.615002
v 1.051489 1.226590 42.367377
v 1.226590 1.051489 42.367377
v -1.051490 -1.226591 42.367377
v -1.226590 -1.051490 42.367377
v 1.226590 1.051489 42.367377
v 1.226590 1.051489 42.615002
v -1.051490 -1.226591 42.615002
v -1.051490 -1.226591 42.367377
v 2.389582 2.048458 30.434127
v 2.048458 2.389582 30.434127
v -2.389582 -2.048460 30.434127
v -2.048460 -2.389583 30.434127
v 2.048458 2.389582 30.434127
v 2.048458 2.389582 29.951707
v -2.389582 -2.048460 29.951707
v -2.389582 -2.048460 30.434127
v 2.048458 2.389582 29.951707
v 2.389582 2.048458 29.951707
v -2.048459 -2.389583 29.951707
v -2.389582 -2.048460 29.951707
v 2.389582 2.048458 29.951707
v 2.389582 2.048458 30.434127
v -2.048460 -2.389583 30.434127
v -2.048459 -2.389583 29.951707
v -1.379123 2.486674 32.894956
v -1.348006 2.486674 32.799198
v -1.429472 2.486674 32.740017
v -1.510937 2.486674 32.799198
v -1.479820 2.486674 32.894956
v -1.348007 -2.486674 32.799198
v -1.429473 -2.486674 32.740017
v -1.429472 2.486674 32.740017
v -1.348006 2.486674 32.799198
v -1.379124 -2.486674 32.894956
v -1.379123 2.486674 32.894956
v -1.479821 -2.486674 32.894956
v -1.479820 2.486674 32.894956
v -1.510938 -2.486674 32.799198
v -1.510937 2.486674 32.799198
v -1.348007 -2.486674 32.799198
v -1.379124 -2.486674 32.894956
v -1.479821 -2.486674 32.894956
v -1.510938 -2.486674 32.799198
v -1.429473 -2.486674 32.740017
v -1.429472 -2.460252 34.261044
v -1.355855 -2.406766 34.261044
v -1.386579 -2.396783 34.284667
v -1.429473 -2.427947 34.284667
v -1.383974 -2.320223 34.261044
v -1.402963 -2.346359 34.284667
v -1.474970 -2.320223 34.261044
v -1.455982 -2.346359 34.284667
v -1.503090 -2.406766 34.261044
v -1.472365 -2.396783 34.284667
v -1.429473 -2.427947 34.284667
v -1.386579 -2.396783 34.284667
v -1.386579 -2.396783 35.322712
v -1.429472 -2.427946 35.322712
v -1.355855 -2.406766 34.261044
v -1.429472 -2.460252 34.261044
v -1.429472 -2.460253 32.801433
v -1.355854 -2.406767 32.801433
v -1.402963 -2.346359 34.284667
v -1.402963 -2.346359 35.322712
v -1.383974 -2.320223 34.261044
v -1.383974 -2.320224 32.801433
v -1.455982 -2.346359 34.284667
v -1.455982 -2.346359 35.322712
v -1.474970 -2.320223 34.261044
v -1.474970 -2.320224 32.801433
v -1.472365 -2.396783 34.284667
v -1.472365 -2.396783 35.322712
v -1.503090 -2.406766 34.261044
v -1.503089 -2.406767 32.801433
v -1.402963 -2.346359 35.322712
v -1.455982 -2.346359 35.322712
v -1.472365 -2.396783 35.322712
v -1.429472 -2.427946 35.322712
v -1.386579 -2.396783 35.322712
v -1.429472 2.325616 34.261044
v -1.355855 2.379102 34.261044
v -1.386579 2.389085 34.284667
v -1.429473 2.357922 34.284667
v -1.383974 2.465644 34.261044
v -1.402963 2.439509 34.284667
v -1.474970 2.465644 34.261044
v -1.455982 2.439509 34.284667
v -1.503090 2.379103 34.261044
v -1.472366 2.389085 34.284667
v -1.429473 2.357922 34.284667
v -1.386579 2.389085 34.284667
v -1.386579 2.389085 35.322712
v -1.429472 2.357922 35.322712
v -1.355855 2.379102 34.261044
v -1.429472 2.325616 34.261044
v -1.429472 2.325615 32.801433
v -1.355855 2.379102 32.801433
v -1.402963 2.439509 34.284667
v -1.402963 2.439509 35.322712
v -1.383974 2.465644 34.261044
v -1.383974 2.465644 32.801433
v -1.455982 2.439509 34.284667
v -1.455982 2.439509 35.322712
v -1.474970 2.465644 34.261044
v -1.474970 2.465644 32.801433
v -1.472366 2.389085 34.284667
v -1.472365 2.389085 35.322712
v -1.503090 2.379103 34.261044
v -1.503089 2.379102 32.801433
v -1.402963 2.439509 35.322712
v -1.455982 2.439509 35.322712
v -1.472365 2.389085 35.322712
v -1.429472 2.357922 35.322712
v -1.386579 2.389085 35.322712
v 2.484412 -1.477560 38.370917
v 2.484412 -1.508676 38.275158
v 2.484412 -1.427211 38.215977
v 2.484412 -1.345746 38.275158
v 2.484412 -1.376863 38.370917
v -2.488935 -1.508675 38.275158
v -2.488935 -1.427209 38.215977
v 2.484412 -1.427211 38.215977
v 2.484412 -1.508676 38.275158
v -2.488935 -1.477558 38.370917
v 2.484412 -1.477560 38.370917
v -2.488935 -1.376861 38.370917
v 2.484412 -1.376863 38.370917
v -2.488935 -1.345744 38.275158
v 2.484412 -1.345746 38.275158
v -2.488935 -1.508675 38.275158
v -2.488935 -1.477558 38.370917
v -2.488935 -1.376861 38.370917
v -2.488935 -1.345744 38.275158
v -2.488935 -1.427209 38.215977
v -2.462513 -1.427210 39.737004
v -2.409027 -1.500828 39.737004
v -2.399044 -1.470103 39.760627
v -2.430207 -1.427209 39.760627
v -2.322484 -1.472708 39.737004
v -2.348620 -1.453719 39.760627
v -2.322484 -1.381711 39.737004
v -2.348620 -1.400700 39.760627
v -2.409027 -1.353592 39.737004
v -2.399044 -1.384316 39.760627
v -2.430207 -1.427209 39.760627
v -2.399044 -1.470103 39.760627
v -2.399044 -1.470103 40.798672
v -2.430207 -1.427210 40.798672
v -2.409027 -1.500828 39.737004
v -2.462513 -1.427210 39.737004
v -2.462514 -1.427210 38.277394
v -2.409028 -1.500828 38.277394
v -2.348620 -1.453719 39.760627
v -2.348620 -1.453719 40.798672
v -2.322484 -1.472708 39.737004
v -2.322485 -1.472708 38.277394
v -2.348620 -1.400700 39.760627
v -2.348620 -1.400700 40.798672
v -2.322484 -1.381711 39.737004
v -2.322485 -1.381712 38.277394
v -2.399044 -1.384316 39.760627
v -2.399044 -1.384317 40.798672
v -2.409027 -1.353592 39.737004
v -2.409028 -1.353593 38.277394
v -2.348620 -1.453719 40.798672
v -2.348620 -1.400700 40.798672
v -2.399044 -1.384317 40.798672
v -2.430207 -1.427210 40.798672
v -2.399044 -1.470103 40.798672
v 2.323355 -1.427211 39.737004
v 2.376841 -1.500829 39.737004
v 2.386824 -1.470103 39.760627
v 2.355660 -1.427210 39.760627
v 2.463384 -1.472709 39.737004
v 2.437248 -1.453720 39.760627
v 2.463384 -1.381712 39.737004
v 2.437248 -1.400701 39.760627
v 2.376841 -1.353593 39.737004
v 2.386824 -1.384317 39.760627
v 2.355660 -1.427210 39.760627
v 2.386824 -1.470103 39.760627
v 2.386825 -1.470103 40.798672
v 2.355660 -1.427211 40.798672
v 2.376841 -1.500829 39.737004
v 2.323355 -1.427211 39.737004
v 2.323354 -1.427212 38.277394
v 2.376841 -1.500829 38.277394
v 2.437248 -1.453720 39.760627
v 2.437248 -1.453720 40.798672
v 2.463384 -1.472709 39.737004
v 2.463384 -1.472709 38.277394
v 2.437248 -1.400701 39.760627
v 2.437248 -1.400701 40.798672
v 2.463384 -1.381712 39.737004
v 2.463384 -1.381713 38.277394
v 2.386824 -1.384317 39.760627
v 2.386825 -1.384318 40.798672
v 2.376841 -1.353593 39.737004
v 2.376841 -1.353593 38.277394
v 2.437248 -1.453720 40.798672
v 2.437248 -1.400701 40.798672
v 2.386825 -1.384318 40.798672
v 2.355660 -1.427211 40.798672
v 2.386825 -1.470103 40.798672
v 2.484412 1.376862 38.370917
v 2.484412 1.345745 38.275158
v 2.484412 1.427209 38.215977
v 2.484412 1.508675 38.275158
v 2.484412 1.477558 38.370917
v -2.488936 1.345747 38.275158
v -2.488936 1.427212 38.215977
v 2.484412 1.427209 38.215977
v 2.484412 1.345745 38.275158
v -2.488936 1.376864 38.370917
v 2.484412 1.376862 38.370917
v -2.488936 1.477560 38.370917
v 2.484412 1.477558 38.370917
v -2.488936 1.508677 38.275158
v 2.484412 1.508675 38.275158
v -2.488936 1.345747 38.275158
v -2.488936 1.376864 38.370917
v -2.488936 1.477560 38.370917
v -2.488936 1.508677 38.275158
v -2.488936 1.427212 38.215977
v -2.462514 1.427212 39.737004
v -2.409028 1.353593 39.737004
v -2.399045 1.384319 39.760627
v -2.430208 1.427212 39.760627
v -2.322485 1.381714 39.737004
v -2.348621 1.400702 39.760627
v -2.322485 1.472709 39.737004
v -2.348621 1.453721 39.760627
v -2.409028 1.500830 39.737004
v -2.399045 1.470106 39.760627
v -2.430208 1.427212 39.760627
v -2.399045 1.384319 39.760627
v -2.399044 1.384319 40.798672
v -2.430207 1.427212 40.798672
v -2.409028 1.353593 39.737004
v -2.462514 1.427212 39.737004
v -2.462514 1.427211 38.277394
v -2.409028 1.353593 38.277394
v -2.348621 1.400702 39.760627
v -2.348621 1.400702 40.798672
v -2.322485 1.381714 39.737004
v -2.322485 1.381713 38.277394
v -2.348621 1.453721 39.760627
v -2.348621 1.453721 40.798672
v -2.322485 1.472709 39.737004
v -2.322485 1.472709 38.277394
v -2.399045 1.470106 39.760627
v -2.399044 1.470105 40.798672
v -2.409028 1.500830 39.737004
v -2.409028 1.500829 38.277394
v -2.348621 1.400702 40.798672
v -2.348621 1.453721 40.798672
v -2.399044 1.470105 40.798672
v -2.430207 1.427212 40.798672
v -2.399044 1.384319 40.798672
v 2.323355 1.427210 39.737004
v 2.376841 1.353592 39.737004
v 2.386823 1.384317 39.760627
v 2.355660 1.427210 39.760627
v 2.463383 1.381712 39.737004
v 2.437248 1.400701 39.760627
v 2.463383 1.472709 39.737004
v 2.437248 1.453720 39.760627
v 2.376841 1.500828 39.737004
v 2.386823 1.470104 39.760627
v 2.355660 1.427210 39.760627
v 2.386823 1.384317 39.760627
v 2.386824 1.384317 40.798672
v 2.355660 1.427210 40.798672
v 2.376841 1.353592 39.737004
v 2.323355 1.427210 39.737004
v 2.323353 1.427209 38.277394
v 2.376840 1.353592 38.277394
v 2.437248 1.400701 39.760627
v 2.437248 1.400701 40.798672
v 2.463383 1.381712 39.737004
v 2.463383 1.381711 38.277394
v 2.437248 1.453720 39.760627
v 2.437248 1.453720 40.798672
v 2.463383 1.472709 39.737004
v 2.463383 1.472708 38.277394
v 2.386823 1.470104 39.760627
v 2.386824 1.470103 40.798672
v 2.376841 1.500828 39.737004
v 2.376840 1.500827 38.277394
v 2.437248 1.400701 40.798672
v 2.437248 1.453720 40.798672
v 2.386824 1.470103 40.798672
v 2.355660 1.427210 40.798672
v 2.386824 1.384317 40.798672
v -1.240039 1.201486 42.543654
v -1.240039 1.201486 42.412844
v -1.240039 1.332294 42.412844
v -1.240039 1.332294 42.543654
v -1.240039 1.201486 42.543654
v -1.240039 1.332294 42.543654
v -2.101235 1.332294 42.543654
v -2.101235 1.201486 42.543654
v -1.240039 1.332294 42.543654
v -1.240039 1.332294 42.412844
v -2.101235 1.332294 42.412844
v -2.101235 1.332294 42.543654
v -1.240039 1.332294 42.412844
v -1.240039 1.201486 42.412844
v -2.101235 1.201486 42.412844
v -2.101235 1.332294 42.412844
v -1.240039 1.201486 42.412844
v -1.240039 1.201486 42.543654
v -2.101235 1.201486 42.543654
v -2.101235 1.201486 42.412844
vt 0.184584 -0.201905
vt 0.210449 -0.201905
vt 0.210449 2.182731
vt 0.184584 2.182731
vt 0.003511 -0.201905
vt 0.029376 -0.201905
vt 0.029376 2.182731
vt 0.003510 2.182731
vt 0.055243 -0.201905
vt 0.055243 2.182731
vt 0.081111 -0.201905
vt 0.081111 2.182731
vt 0.106980 -0.201905
vt 0.106980 2.182731
vt 0.132849 -0.201905
vt 0.132849 2.182731
vt 0.158717 -0.201905
vt 0.158717 2.182731
vt 0.142272 0.010974
vt 0.175303 0.010974
vt 0.175303 0.961675
vt 0.142272 0.961675
vt 0.208334 0.010974
vt 0.208334 0.961675
vt 0.010146 0.010974
vt 0.043176 0.010974
vt 0.043176 0.961675
vt 0.010146 0.961675
vt 0.076207 0.010974
vt 0.076207 0.961675
vt 0.109239 0.010974
vt 0.109239 0.961675
vt 0.142272 0.010974
vt 0.175303 0.010974
vt 0.175303 0.961675
vt 0.142272 0.961675
vt 0.208334 0.010974
vt 0.208334 0.961675
vt 0.010146 0.010974
vt 0.043176 0.010974
vt 0.043176 0.961675
vt 0.010146 0.961675
vt 0.076207 0.010974
vt 0.076207 0.961675
vt 0.109239 0.010974
vt 0.109239 0.961675
vt 0.142272 0.010974
vt 0.175303 0.010974
vt 0.175303 0.961675
vt 0.142272 0.961675
vt 0.208334 0.010974
vt 0.208334 0.961675
vt 0.010146 0.010974
vt 0.043176 0.010974
vt 0.043176 0.961675
vt 0.010146 0.961675
vt 0.076207 0.010974
vt 0.076207 0.961675
vt 0.109239 0.010974
vt 0.109239 0.961675
vt 0.142272 0.010974
vt 0.175303 0.010974
vt 0.175303 0.961675
vt 0.142272 0.961675
vt 0.208334 0.010974
vt 0.208334 0.961675
vt 0.010146 0.010974
vt 0.043176 0.010974
vt 0.043176 0.961675
vt 0.010146 0.961675
vt 0.076207 0.010974
vt 0.076207 0.961675
vt 0.109239 0.010974
vt 0.109239 0.961675
vt 0.142272 0.010974
vt 0.175303 0.010974
vt 0.175303 0.961675
vt 0.142272 0.961675
vt 0.208334 0.010974
vt 0.208334 0.961675
vt 0.010146 0.010974
vt 0.043176 0.010974
vt 0.043176 0.961675
vt 0.010146 0.961675
vt 0.076207 0.010974
vt 0.076207 0.961675
vt 0.109239 0.010974
vt 0.109239 0.961675
vt 0.142272 0.010974
vt 0.175303 0.010974
vt 0.175303 0.961675
vt 0.142272 0.961675
vt 0.208334 0.010974
vt 0.208334 0.961675
vt 0.010146 0.010974
vt 0.043176 0.010974
vt 0.043176 0.961675
vt 0.010146 0.961675
vt 0.076207 0.010974
vt 0.076207 0.961675
vt 0.109239 0.010974
vt 0.109239 0.961675
vt 0.142272 0.010974
vt 0.175303 0.010974
vt 0.175303 0.961675
vt 0.142272 0.961675
vt 0.208334 0.010974
vt 0.208334 0.961675
vt 0.010146 0.010974
vt 0.043176 0.010974
vt 0.043176 0.961675
vt 0.010146 0.961675
vt 0.076207 0.010974
vt 0.076207 0.961675
vt 0.109239 0.010974
vt 0.109239 0.961675
vt 0.142272 0.010974
vt 0.175303 0.010974
vt 0.175303 0.961675
vt 0.142272 0.961675
vt 0.208334 0.010974
vt 0.208334 0.961675
vt 0.010146 0.010974
vt 0.043176 0.010974
vt 0.043176 0.961675
vt 0.010146 0.961675
vt 0.076207 0.010974
vt 0.076207 0.961675
vt 0.109239 0.010974
vt 0.109239 0.961675
vt 0.142272 0.010974
vt 0.175303 0.010974
vt 0.175303 0.961675
vt 0.142272 0.961675
vt 0.208334 0.010974
vt 0.208334 0.961675
vt 0.010146 0.010974
vt 0.043176 0.010974
vt 0.043176 0.961675
vt 0.010146 0.961675
vt 0.076207 0.010974
vt 0.076207 0.961675
vt 0.109239 0.010974
vt 0.109239 0.961675
vt 0.142272 0.010974
vt 0.175303 0.010974
vt 0.175303 0.961675
vt 0.142272 0.961675
vt 0.208334 0.010974
vt 0.208334 0.961675
vt 0.010146 0.010974
vt 0.043176 0.010974
vt 0.043176 0.961675
vt 0.010146 0.961675
vt 0.076207 0.010974
vt 0.076207 0.961675
vt 0.109239 0.010974
vt 0.109239 0.961675
vt 0.142272 0.010974
vt 0.175303 0.010974
vt 0.175303 0.961675
vt 0.142272 0.961675
vt 0.208334 0.010974
vt 0.208334 0.961675
vt 0.010146 0.010974
vt 0.043176 0.010974
vt 0.043176 0.961675
vt 0.010146 0.961675
vt 0.076207 0.010974
vt 0.076207 0.961675
vt 0.109239 0.010974
vt 0.109239 0.961675
vt 0.142272 0.010974
vt 0.175303 0.010974
vt 0.175303 0.961675
vt 0.142272 0.961675
vt 0.208334 0.010974
vt 0.208334 0.961675
vt 0.010146 0.010974
vt 0.043176 0.010974
vt 0.043176 0.961675
vt 0.010146 0.961675
vt 0.076207 0.010974
vt 0.076207 0.961675
vt 0.109239 0.010974
vt 0.109239 0.961675
vt 0.142272 0.010974
vt 0.175303 0.010974
vt 0.175303 0.961675
vt 0.142272 0.961675
vt 0.208334 0.010974
vt 0.208334 0.961675
vt 0.010146 0.010974
vt 0.043176 0.010974
vt 0.043176 0.961675
vt 0.010146 0.961675
vt 0.076207 0.010974
vt 0.076207 0.961675
vt 0.109239 0.010974
vt 0.109239 0.961675
vt 0.142272 0.010974
vt 0.175303 0.010974
vt 0.175303 0.961675
vt 0.142272 0.961675
vt 0.208334 0.010974
vt 0.208334 0.961675
vt 0.010146 0.010974
vt 0.043176 0.010974
vt 0.043176 0.961675
vt 0.010146 0.961675
vt 0.076207 0.010974
vt 0.076207 0.961675
vt 0.109239 0.010974
vt 0.109239 0.961675
vt 0.184584 -0.618098
vt 0.210449 -0.618098
vt 0.210449 2.598924
vt 0.184584 2.598924
vt 0.003511 -0.618098
vt 0.029376 -0.618098
vt 0.029376 2.598924
vt 0.003510 2.598924
vt 0.055243 -0.618098
vt 0.055243 2.598924
vt 0.081111 -0.618098
vt 0.081111 2.598924
vt 0.106980 -0.618098
vt 0.106980 2.598924
vt 0.132849 -0.618098
vt 0.132849 2.598924
vt 0.158717 -0.618098
vt 0.158717 2.598924
vt 0.142272 0.010974
vt 0.208334 0.010974
vt 0.010146 0.010974
vt 0.076207 0.010974
vt 0.142272 0.010974
vt 0.175303 0.010974
vt 0.175303 0.961675
vt 0.142272 0.961675
vt 0.208334 0.010974
vt 0.010146 0.010974
vt 0.076207 0.010974
vt 0.109239 0.010974
vt 0.109239 0.961675
vt 0.142272 0.010974
vt 0.175303 0.010974
vt 0.175303 0.961675
vt 0.142272 0.961675
vt 0.208334 0.010974
vt 0.208334 0.961675
vt 0.010146 0.010974
vt 0.010146 0.961675
vt 0.076207 0.010974
vt 0.076207 0.961675
vt 0.109239 0.010974
vt 0.109239 0.961675
vt 0.175303 0.961675
vt 0.208334 0.010974
vt 0.010146 0.010974
vt 0.043176 0.010974
vt 0.076207 0.010974
vt 0.109239 0.010974
vt 0.109239 0.961675
vt 0.208334 0.961675
vt 0.043176 0.010974
vt 0.043176 0.961675
vt 0.010146 0.961675
vt 0.076207 0.010974
vt 0.076207 0.961675
vt 0.109239 0.961675
vt 0.208334 0.961675
vt 0.043176 0.010974
vt 0.043176 0.961675
vt 0.010146 0.961675
vt 0.076207 0.010974
vt 0.076207 0.961675
vt 0.109239 0.010974
vt 0.109239 0.961675
vt 0.142272 0.010974
vt 0.175303 0.010974
vt 0.175303 0.961675
vt 0.142272 0.961675
vt 0.043176 0.010974
vt 0.043176 0.961675
vt 0.076207 0.010974
vt 0.109239 0.010974
vt 0.109239 0.961675
vt 0.142272 0.010974
vt 0.175303 0.010974
vt 0.142272 0.961675
vt 0.208334 0.961675
vt 0.043176 0.961675
vt 0.010146 0.961675
vt 0.076207 0.010974
vt 0.076207 0.961675
vt 0.109239 0.010974
vt 0.142272 0.010974
vt 0.175303 0.010974
vt 0.175303 0.961675
vt 0.142272 0.961675
vt 0.208334 0.010974
vt 0.208334 0.961675
vt 0.010146 0.010974
vt 0.043176 0.010974
vt 0.010146 0.961675
vt 0.076207 0.010974
vt 0.076207 0.961675
vt 0.109239 0.010974
vt 0.109239 0.961675
vt 0.142272 0.010974
vt 0.175303 0.010974
vt 0.142272 0.961675
vt 0.208334 0.010974
vt 0.208334 0.961675
vt 0.010146 0.010974
vt 0.043176 0.010974
vt 0.043176 0.961675
vt 0.010146 0.961675
vt 0.076207 0.010974
vt 0.076207 0.961675
vt 0.109239 0.010974
vt 0.175303 0.010974
vt 0.043176 0.010974
vt 0.043176 0.961675
vt 0.076207 0.010974
vt 0.109239 0.010974
vt 0.142272 0.010974
vt 0.142272 0.961675
vt 0.208334 0.010974
vt 0.010146 0.010974
vt 0.043176 0.010974
vt 0.109239 0.010974
vt 0.208334 0.010974
vt 0.010146 0.010974
vt 0.043176 0.010974
vt 0.076207 0.010974
vt 0.142272 0.961675
vt 0.208334 0.961675
vt 0.010146 0.961675
vt 0.076207 0.010974
vt 0.076207 0.961675
vt 0.184584 -0.618098
vt 0.210449 -0.618098
vt 0.210449 2.598924
vt 0.184584 2.598924
vt 0.003511 -0.618098
vt 0.029376 -0.618098
vt 0.029376 2.598924
vt 0.003510 2.598924
vt 0.055243 -0.618098
vt 0.055243 2.598924
vt 0.081111 -0.618098
vt 0.081111 2.598924
vt 0.106980 -0.618098
vt 0.106980 2.598924
vt 0.132849 -0.618098
vt 0.132849 2.598924
vt 0.158717 -0.618098
vt 0.158717 2.598924
vt 0.142272 0.010974
vt 0.175303 0.010974
vt 0.175303 0.961675
vt 0.142272 0.961675
vt 0.208334 0.010974
vt 0.208334 0.961675
vt 0.010146 0.010974
vt 0.043176 0.010974
vt 0.043176 0.961675
vt 0.010146 0.961675
vt 0.076207 0.010974
vt 0.076207 0.961675
vt 0.109239 0.010974
vt 0.109239 0.961675
vt 0.142272 0.010974
vt 0.175303 0.010974
vt 0.175303 0.961675
vt 0.142272 0.961675
vt 0.208334 0.010974
vt 0.208334 0.961675
vt 0.010146 0.010974
vt 0.043176 0.010974
vt 0.043176 0.961675
vt 0.010146 0.961675
vt 0.076207 0.010974
vt 0.076207 0.961675
vt 0.109239 0.010974
vt 0.109239 0.961675
vt 0.142272 0.010974
vt 0.175303 0.010974
vt 0.175303 0.961675
vt 0.142272 0.961675
vt 0.208334 0.010974
vt 0.208334 0.961675
vt 0.010146 0.010974
vt 0.043176 0.010974
vt 0.043176 0.961675
vt 0.010146 0.961675
vt 0.076207 0.010974
vt 0.076207 0.961675
vt 0.109239 0.010974
vt 0.109239 0.961675
vt 0.142272 0.010974
vt 0.175303 0.010974
vt 0.175303 0.961675
vt 0.142272 0.961675
vt 0.208334 0.010974
vt 0.208334 0.961675
vt 0.010146 0.010974
vt 0.043176 0.010974
vt 0.043176 0.961675
vt 0.010146 0.961675
vt 0.076207 0.010974
vt 0.076207 0.961675
vt 0.109239 0.010974
vt 0.109239 0.961675
vt 0.142272 0.010974
vt 0.175303 0.010974
vt 0.175303 0.961675
vt 0.142272 0.961675
vt 0.208334 0.010974
vt 0.208334 0.961675
vt 0.010146 0.010974
vt 0.043176 0.010974
vt 0.043176 0.961675
vt 0.010146 0.961675
vt 0.076207 0.010974
vt 0.076207 0.961675
vt 0.109239 0.010974
vt 0.109239 0.961675
vt 0.142272 0.010974
vt 0.175303 0.010974
vt 0.175303 0.961675
vt 0.142272 0.961675
vt 0.208334 0.010974
vt 0.208334 0.961675
vt 0.010146 0.010974
vt 0.043176 0.010974
vt 0.043176 0.961675
vt 0.010146 0.961675
vt 0.076207 0.010974
vt 0.076207 0.961675
vt 0.109239 0.010974
vt 0.109239 0.961675
vt 0.142272 0.010974
vt 0.175303 0.010974
vt 0.175303 0.961675
vt 0.142272 0.961675
vt 0.208334 0.010974
vt 0.208334 0.961675
vt 0.010146 0.010974
vt 0.043176 0.010974
vt 0.043176 0.961675
vt 0.010146 0.961675
vt 0.076207 0.010974
vt 0.076207 0.961675
vt 0.109239 0.010974
vt 0.109239 0.961675
vt 0.142272 0.010974
vt 0.175303 0.010974
vt 0.175303 0.961675
vt 0.142272 0.961675
vt 0.208334 0.010974
vt 0.208334 0.961675
vt 0.010146 0.010974
vt 0.043176 0.010974
vt 0.043176 0.961675
vt 0.010146 0.961675
vt 0.076207 0.010974
vt 0.076207 0.961675
vt 0.109239 0.010974
vt 0.109239 0.961675
vt 0.142272 0.010974
vt 0.175303 0.010974
vt 0.175303 0.961675
vt 0.142272 0.961675
vt 0.208334 0.010974
vt 0.208334 0.961675
vt 0.010146 0.010974
vt 0.043176 0.010974
vt 0.043176 0.961675
vt 0.010146 0.961675
vt 0.076207 0.010974
vt 0.076207 0.961675
vt 0.109239 0.010974
vt 0.109239 0.961675
vt 0.142272 0.010974
vt 0.175303 0.010974
vt 0.175303 0.961675
vt 0.142272 0.961675
vt 0.208334 0.010974
vt 0.208334 0.961675
vt 0.010146 0.010974
vt 0.043176 0.010974
vt 0.043176 0.961675
vt 0.010146 0.961675
vt 0.076207 0.010974
vt 0.076207 0.961675
vt 0.109239 0.010974
vt 0.109239 0.961675
vt 0.142272 0.010974
vt 0.175303 0.010974
vt 0.175303 0.961675
vt 0.142272 0.961675
vt 0.208334 0.010974
vt 0.208334 0.961675
vt 0.010146 0.010974
vt 0.043176 0.010974
vt 0.043176 0.961675
vt 0.010146 0.961675
vt 0.076207 0.010974
vt 0.076207 0.961675
vt 0.109239 0.010974
vt 0.109239 0.961675
vt 0.142272 0.010974
vt 0.175303 0.010974
vt 0.175303 0.961675
vt 0.142272 0.961675
vt 0.208334 0.010974
vt 0.208334 0.961675
vt 0.010146 0.010974
vt 0.043176 0.010974
vt 0.043176 0.961675
vt 0.010146 0.961675
vt 0.076207 0.010974
vt 0.076207 0.961675
vt 0.109239 0.010974
vt 0.109239 0.961675
vt 0.142272 0.010974
vt 0.175303 0.010974
vt 0.175303 0.961675
vt 0.142272 0.961675
vt 0.208334 0.010974
vt 0.208334 0.961675
vt 0.010146 0.010974
vt 0.043176 0.010974
vt 0.043176 0.961675
vt 0.010146 0.961675
vt 0.076207 0.010974
vt 0.076207 0.961675
vt 0.109239 0.010974
vt 0.109239 0.961675
vt 0.142272 0.010974
vt 0.175303 0.010974
vt 0.175303 0.961675
vt 0.142272 0.961675
vt 0.208334 0.010974
vt 0.208334 0.961675
vt 0.010146 0.010974
vt 0.043176 0.010974
vt 0.043176 0.961675
vt 0.010146 0.961675
vt 0.076207 0.010974
vt 0.076207 0.961675
vt 0.109239 0.010974
vt 0.109239 0.961675
vt 0.184584 -0.618098
vt 0.210449 -0.618098
vt 0.210449 2.598924
vt 0.184584 2.598924
vt 0.003511 -0.618098
vt 0.029376 -0.618098
vt 0.029376 2.598924
vt 0.003510 2.598924
vt 0.055243 -0.618098
vt 0.055243 2.598924
vt 0.081111 -0.618098
vt 0.081111 2.598924
vt 0.106980 -0.618098
vt 0.106980 2.598924
vt 0.132849 -0.618098
vt 0.132849 2.598924
vt 0.158717 -0.618098
vt 0.158717 2.598924
vt 0.142272 0.010974
vt 0.175303 0.010974
vt 0.175303 0.961675
vt 0.142272 0.961675
vt 0.208334 0.010974
vt 0.208334 0.961675
vt 0.010146 0.010974
vt 0.043176 0.010974
vt 0.043176 0.961675
vt 0.010146 0.961675
vt 0.076207 0.010974
vt 0.076207 0.961675
vt 0.109239 0.010974
vt 0.109239 0.961675
vt 0.142272 0.010974
vt 0.175303 0.010974
vt 0.175303 0.961675
vt 0.142272 0.961675
vt 0.208334 0.010974
vt 0.208334 0.961675
vt 0.010146 0.010974
vt 0.043176 0.010974
vt 0.043176 0.961675
vt 0.010146 0.961675
vt 0.076207 0.010974
vt 0.076207 0.961675
vt 0.109239 0.010974
vt 0.109239 0.961675
vt 0.142272 0.010974
vt 0.175303 0.010974
vt 0.175303 0.961675
vt 0.142272 0.961675
vt 0.208334 0.010974
vt 0.208334 0.961675
vt 0.010146 0.010974
vt 0.043176 0.010974
vt 0.043176 0.961675
vt 0.010146 0.961675
vt 0.076207 0.010974
vt 0.076207 0.961675
vt 0.109239 0.010974
vt 0.109239 0.961675
vt 0.142272 0.010974
vt 0.175303 0.010974
vt 0.175303 0.961675
vt 0.142272 0.961675
vt 0.208334 0.010974
vt 0.208334 0.961675
vt 0.010146 0.010974
vt 0.043176 0.010974
vt 0.043176 0.961675
vt 0.010146 0.961675
vt 0.076207 0.010974
vt 0.076207 0.961675
vt 0.109239 0.010974
vt 0.109239 0.961675
vt 0.142272 0.010974
vt 0.175303 0.010974
vt 0.175303 0.961675
vt 0.142272 0.961675
vt 0.208334 0.010974
vt 0.208334 0.961675
vt 0.010146 0.010974
vt 0.043176 0.010974
vt 0.043176 0.961675
vt 0.010146 0.961675
vt 0.076207 0.010974
vt 0.076207 0.961675
vt 0.109239 0.010974
vt 0.109239 0.961675
vt 0.142272 0.010974
vt 0.175303 0.010974
vt 0.175303 0.961675
vt 0.142272 0.961675
vt 0.208334 0.010974
vt 0.208334 0.961675
vt 0.010146 0.010974
vt 0.043176 0.010974
vt 0.043176 0.961675
vt 0.010146 0.961675
vt 0.076207 0.010974
vt 0.076207 0.961675
vt 0.109239 0.010974
vt 0.109239 0.961675
vt 0.142272 0.010974
vt 0.175303 0.010974
vt 0.175303 0.961675
vt 0.142272 0.961675
vt 0.208334 0.010974
vt 0.208334 0.961675
vt 0.010146 0.010974
vt 0.043176 0.010974
vt 0.043176 0.961675
vt 0.010146 0.961675
vt 0.076207 0.010974
vt 0.076207 0.961675
vt 0.109239 0.010974
vt 0.109239 0.961675
vt 0.142272 0.010974
vt 0.175303 0.010974
vt 0.175303 0.961675
vt 0.142272 0.961675
vt 0.208334 0.010974
vt 0.208334 0.961675
vt 0.010146 0.010974
vt 0.043176 0.010974
vt 0.043176 0.961675
vt 0.010146 0.961675
vt 0.076207 0.010974
vt 0.076207 0.961675
vt 0.109239 0.010974
vt 0.109239 0.961675
vt 0.142272 0.010974
vt 0.175303 0.010974
vt 0.175303 0.961675
vt 0.142272 0.961675
vt 0.208334 0.010974
vt 0.208334 0.961675
vt 0.010146 0.010974
vt 0.043176 0.010974
vt 0.043176 0.961675
vt 0.010146 0.961675
vt 0.076207 0.010974
vt 0.076207 0.961675
vt 0.109239 0.010974
vt 0.109239 0.961675
vt 0.142272 0.010974
vt 0.175303 0.010974
vt 0.175303 0.961675
vt 0.142272 0.961675
vt 0.208334 0.010974
vt 0.208334 0.961675
vt 0.010146 0.010974
vt 0.043176 0.010974
vt 0.043176 0.961675
vt 0.010146 0.961675
vt 0.076207 0.010974
vt 0.076207 0.961675
vt 0.109239 0.010974
vt 0.109239 0.961675
vt 0.142272 0.010974
vt 0.175303 0.010974
vt 0.175303 0.961675
vt 0.142272 0.961675
vt 0.208334 0.010974
vt 0.208334 0.961675
vt 0.010146 0.010974
vt 0.043176 0.010974
vt 0.043176 0.961675
vt 0.010146 0.961675
vt 0.076207 0.010974
vt 0.076207 0.961675
vt 0.109239 0.010974
vt 0.109239 0.961675
vt 0.142272 0.010974
vt 0.175303 0.010974
vt 0.175303 0.961675
vt 0.142272 0.961675
vt 0.208334 0.010974
vt 0.208334 0.961675
vt 0.010146 0.010974
vt 0.043176 0.010974
vt 0.043176 0.961675
vt 0.010146 0.961675
vt 0.076207 0.010974
vt 0.076207 0.961675
vt 0.109239 0.010974
vt 0.109239 0.961675
vt 0.142272 0.010974
vt 0.175303 0.010974
vt 0.175303 0.961675
vt 0.142272 0.961675
vt 0.208334 0.010974
vt 0.208334 0.961675
vt 0.010146 0.010974
vt 0.043176 0.010974
vt 0.043176 0.961675
vt 0.010146 0.961675
vt 0.076207 0.010974
vt 0.076207 0.961675
vt 0.109239 0.010974
vt 0.109239 0.961675
vt 0.142272 0.010974
vt 0.175303 0.010974
vt 0.175303 0.961675
vt 0.142272 0.961675
vt 0.208334 0.010974
vt 0.208334 0.961675
vt 0.010146 0.010974
vt 0.043176 0.010974
vt 0.043176 0.961675
vt 0.010146 0.961675
vt 0.076207 0.010974
vt 0.076207 0.961675
vt 0.109239 0.010974
vt 0.109239 0.961675
vt 0.184584 -0.618098
vt 0.210449 -0.618098
vt 0.210449 2.598924
vt 0.184584 2.598924
vt 0.003511 -0.618098
vt 0.029376 -0.618098
vt 0.029376 2.598924
vt 0.003510 2.598924
vt 0.055243 -0.618098
vt 0.055243 2.598924
vt 0.081111 -0.618098
vt 0.081111 2.598924
vt 0.106980 -0.618098
vt 0.106980 2.598924
vt 0.132849 -0.618098
vt 0.132849 2.598924
vt 0.158717 -0.618098
vt 0.158717 2.598924
vt 0.142272 0.010974
vt 0.175303 0.010974
vt 0.175303 0.961675
vt 0.142272 0.961675
vt 0.208334 0.010974
vt 0.208334 0.961675
vt 0.010146 0.010974
vt 0.043176 0.010974
vt 0.043176 0.961675
vt 0.010146 0.961675
vt 0.076207 0.010974
vt 0.076207 0.961675
vt 0.109239 0.010974
vt 0.109239 0.961675
vt 0.142272 0.010974
vt 0.175303 0.010974
vt 0.175303 0.961675
vt 0.142272 0.961675
vt 0.208334 0.010974
vt 0.208334 0.961675
vt 0.010146 0.010974
vt 0.043176 0.010974
vt 0.043176 0.961675
vt 0.010146 0.961675
vt 0.076207 0.010974
vt 0.076207 0.961675
vt 0.109239 0.010974
vt 0.109239 0.961675
vt 0.142272 0.010974
vt 0.175303 0.010974
vt 0.175303 0.961675
vt 0.142272 0.961675
vt 0.208334 0.010974
vt 0.208334 0.961675
vt 0.010146 0.010974
vt 0.043176 0.010974
vt 0.043176 0.961675
vt 0.010146 0.961675
vt 0.076207 0.010974
vt 0.076207 0.961675
vt 0.109239 0.010974
vt 0.109239 0.961675
vt 0.142272 0.010974
vt 0.175303 0.010974
vt 0.175303 0.961675
vt 0.142272 0.961675
vt 0.208334 0.010974
vt 0.208334 0.961675
vt 0.010146 0.010974
vt 0.043176 0.010974
vt 0.043176 0.961675
vt 0.010146 0.961675
vt 0.076207 0.010974
vt 0.076207 0.961675
vt 0.109239 0.010974
vt 0.109239 0.961675
vt 0.142272 0.010974
vt 0.175303 0.010974
vt 0.175303 0.961675
vt 0.142272 0.961675
vt 0.208334 0.010974
vt 0.208334 0.961675
vt 0.010146 0.010974
vt 0.043176 0.010974
vt 0.043176 0.961675
vt 0.010146 0.961675
vt 0.076207 0.010974
vt 0.076207 0.961675
vt 0.109239 0.010974
vt 0.109239 0.961675
vt 0.142272 0.010974
vt 0.175303 0.010974
vt 0.175303 0.961675
vt 0.142272 0.961675
vt 0.208334 0.010974
vt 0.208334 0.961675
vt 0.010146 0.010974
vt 0.043176 0.010974
vt 0.043176 0.961675
vt 0.010146 0.961675
vt 0.076207 0.010974
vt 0.076207 0.961675
vt 0.109239 0.010974
vt 0.109239 0.961675
vt 0.142272 0.010974
vt 0.175303 0.010974
vt 0.175303 0.961675
vt 0.142272 0.961675
vt 0.208334 0.010974
vt 0.208334 0.961675
vt 0.010146 0.010974
vt 0.043176 0.010974
vt 0.043176 0.961675
vt 0.010146 0.961675
vt 0.076207 0.010974
vt 0.076207 0.961675
vt 0.109239 0.010974
vt 0.109239 0.961675
vt 0.142272 0.010974
vt 0.175303 0.010974
vt 0.175303 0.961675
vt 0.142272 0.961675
vt 0.208334 0.010974
vt 0.208334 0.961675
vt 0.010146 0.010974
vt 0.043176 0.010974
vt 0.043176 0.961675
vt 0.010146 0.961675
vt 0.076207 0.010974
vt 0.076207 0.961675
vt 0.109239 0.010974
vt 0.109239 0.961675
vt 0.142272 0.010974
vt 0.175303 0.010974
vt 0.175303 0.961675
vt 0.142272 0.961675
vt 0.208334 0.010974
vt 0.208334 0.961675
vt 0.010146 0.010974
vt 0.043176 0.010974
vt 0.043176 0.961675
vt 0.010146 0.961675
vt 0.076207 0.010974
vt 0.076207 0.961675
vt 0.109239 0.010974
vt 0.109239 0.961675
vt 0.142272 0.010974
vt 0.175303 0.010974
vt 0.175303 0.961675
vt 0.142272 0.961675
vt 0.208334 0.010974
vt 0.208334 0.961675
vt 0.010146 0.010974
vt 0.043176 0.010974
vt 0.043176 0.961675
vt 0.010146 0.961675
vt 0.076207 0.010974
vt 0.076207 0.961675
vt 0.109239 0.010974
vt 0.109239 0.961675
vt 0.142272 0.010974
vt 0.175303 0.010974
vt 0.175303 0.961675
vt 0.142272 0.961675
vt 0.208334 0.010974
vt 0.208334 0.961675
vt 0.010146 0.010974
vt 0.043176 0.010974
vt 0.043176 0.961675
vt 0.010146 0.961675
vt 0.076207 0.010974
vt 0.076207 0.961675
vt 0.109239 0.010974
vt 0.109239 0.961675
vt 0.142272 0.010974
vt 0.175303 0.010974
vt 0.175303 0.961675
vt 0.142272 0.961675
vt 0.208334 0.010974
vt 0.208334 0.961675
vt 0.010146 0.010974
vt 0.043176 0.010974
vt 0.043176 0.961675
vt 0.010146 0.961675
vt 0.076207 0.010974
vt 0.076207 0.961675
vt 0.109239 0.010974
vt 0.109239 0.961675
vt 0.142272 0.010974
vt 0.175303 0.010974
vt 0.175303 0.961675
vt 0.142272 0.961675
vt 0.208334 0.010974
vt 0.208334 0.961675
vt 0.010146 0.010974
vt 0.043176 0.010974
vt 0.043176 0.961675
vt 0.010146 0.961675
vt 0.076207 0.010974
vt 0.076207 0.961675
vt 0.109239 0.010974
vt 0.109239 0.961675
vt 0.142272 0.010974
vt 0.175303 0.010974
vt 0.175303 0.961675
vt 0.142272 0.961675
vt 0.208334 0.010974
vt 0.208334 0.961675
vt 0.010146 0.010974
vt 0.043176 0.010974
vt 0.043176 0.961675
vt 0.010146 0.961675
vt 0.076207 0.010974
vt 0.076207 0.961675
vt 0.109239 0.010974
vt 0.109239 0.961675
vt 0.775737 0.095994
vt 0.775737 0.069827
vt 0.775737 0.085083
vt 0.775737 0.120679
vt 0.775737 0.127422
vt 0.833333 0.069827
vt 0.833333 0.085083
vt 0.775737 0.085083
vt 0.775737 0.069827
vt 0.833333 0.095994
vt 0.775737 0.095994
vt 0.833333 0.127422
vt 0.775737 0.127422
vt 0.833333 0.120679
vt 0.775737 0.120679
vt 0.833333 0.069827
vt 0.833333 0.095994
vt 0.833333 0.127422
vt 0.833333 0.120679
vt 0.833333 0.085083
vt 0.693417 0.141981
vt 0.650207 0.108971
vt 0.668241 0.102810
vt 0.693417 0.122043
vt 0.666712 0.055561
vt 0.677857 0.071691
vt 0.720122 0.055561
vt 0.708977 0.071691
vt 0.736627 0.108971
vt 0.718593 0.102810
vt 0.693417 0.122043
vt 0.668241 0.102810
vt 0.668241 0.102810
vt 0.693417 0.122043
vt 0.650207 0.108971
vt 0.693417 0.141981
vt 0.693417 0.141981
vt 0.650207 0.108971
vt 0.677857 0.071691
vt 0.677857 0.071691
vt 0.666712 0.055561
vt 0.666712 0.055561
vt 0.708977 0.071691
vt 0.708976 0.071691
vt 0.720122 0.055561
vt 0.720122 0.055561
vt 0.718593 0.102810
vt 0.718593 0.102810
vt 0.736627 0.108971
vt 0.736627 0.108971
vt 0.677857 0.071691
vt 0.708976 0.071691
vt 0.718593 0.102810
vt 0.693417 0.122043
vt 0.668241 0.102810
vt 0.693417 0.141981
vt 0.650207 0.108971
vt 0.668241 0.102810
vt 0.693417 0.122043
vt 0.666712 0.055561
vt 0.677857 0.071691
vt 0.720122 0.055561
vt 0.708977 0.071691
vt 0.736627 0.108971
vt 0.718593 0.102810
vt 0.693417 0.122043
vt 0.668241 0.102810
vt 0.668241 0.102810
vt 0.693417 0.122043
vt 0.650207 0.108971
vt 0.693417 0.141981
vt 0.693417 0.141981
vt 0.650207 0.108971
vt 0.677857 0.071691
vt 0.677857 0.071691
vt 0.666712 0.055561
vt 0.666712 0.055561
vt 0.708977 0.071691
vt 0.708976 0.071691
vt 0.720122 0.055561
vt 0.720122 0.055561
vt 0.718593 0.102810
vt 0.718593 0.102810
vt 0.736627 0.108971
vt 0.736627 0.108971
vt 0.677857 0.071691
vt 0.708976 0.071691
vt 0.718593 0.102810
vt 0.693417 0.122043
vt 0.668241 0.102810
vt 0.100495 0.515877
vt 0.006344 0.421539
vt 0.006344 0.085429
vt 0.100495 -0.008910
vt 0.098364 0.468341
vt 0.004213 0.468341
vt 0.004213 0.038626
vt 0.098364 0.038626
vt 0.100495 0.515877
vt 0.006344 0.421539
vt 0.006344 0.085429
vt 0.100495 -0.008910
vt 0.098364 0.563412
vt 0.004213 0.563412
vt 0.004213 -0.056445
vt 0.098364 -0.056445
vt 0.100495 0.515877
vt 0.006344 0.421539
vt 0.006344 0.085429
vt 0.100495 -0.008910
vt 0.098364 0.468341
vt 0.004213 0.468341
vt 0.004213 0.038626
vt 0.098364 0.038626
vt 0.100495 0.515877
vt 0.006344 0.421539
vt 0.006344 0.085429
vt 0.100495 -0.008910
vt 0.098364 0.563412
vt 0.004213 0.563412
vt 0.004213 -0.056445
vt 0.098364 -0.056445
vt 0.100495 0.515877
vt 0.006344 0.421539
vt 0.006344 0.085429
vt 0.100495 -0.008910
vt 0.098364 0.468341
vt 0.004213 0.468341
vt 0.004213 0.038626
vt 0.098364 0.038626
vt 0.100495 0.515877
vt 0.006344 0.421539
vt 0.006344 0.085429
vt 0.100495 -0.008910
vt 0.098364 0.563412
vt 0.004213 0.563412
vt 0.004213 -0.056445
vt 0.098364 -0.056445
vt 0.100495 0.515877
vt 0.006344 0.421539
vt 0.006344 0.085429
vt 0.100495 -0.008910
vt 0.098364 0.468341
vt 0.004213 0.468341
vt 0.004213 0.038626
vt 0.098364 0.038626
vt 0.100495 0.515877
vt 0.006344 0.421539
vt 0.006344 0.085429
vt 0.100495 -0.008910
vt 0.098364 0.563412
vt 0.004213 0.563412
vt 0.004213 -0.056445
vt 0.098364 -0.056445
vt 0.094204 0.571006
vt 0.008373 0.571006
vt 0.008373 0.005920
vt 0.094204 0.005920
vt 0.008373 0.571006
vt 0.094204 0.571006
vt 0.094204 0.005920
vt 0.008373 0.005920
vt 0.094204 0.571006
vt 0.008373 0.571006
vt 0.008373 0.005920
vt 0.094204 0.005920
vt 0.008373 0.571006
vt 0.094204 0.571006
vt 0.094204 0.005920
vt 0.008373 0.005920
vt 0.157151 0.118422
vt 0.120542 0.118422
vt 0.120542 0.000000
vt 0.157151 0.000000
vt 0.193760 0.118422
vt 0.193760 0.000000
vt 0.047324 0.118422
vt 0.010715 0.118422
vt 0.010715 0.000000
vt 0.047324 0.000000
vt 0.083933 0.118422
vt 0.083933 0.000000
vt 0.238952 0.026828
vt 0.606196 0.026828
vt 0.530249 0.204033
vt 0.314899 0.204033
vt 0.606196 0.026828
vt 0.530249 0.204033
vt 0.314899 0.204033
vt 0.238952 0.026828
vt 0.198690 -0.283375
vt 0.198690 0.534113
vt 0.021653 0.534113
vt 0.021653 -0.283375
vt 0.198690 -0.349676
vt 0.198690 0.563455
vt 0.021653 0.563455
vt 0.021653 -0.349677
vt 0.198690 -0.278286
vt 0.198690 0.539201
vt 0.021653 0.539201
vt 0.021653 -0.278286
vt 0.238952 0.026828
vt 0.314899 0.204033
vt 0.530249 0.204033
vt 0.606196 0.026828
vt 0.606196 0.026828
vt 0.238952 0.026828
vt 0.314899 0.204033
vt 0.530249 0.204033
vt 0.198690 -0.283375
vt 0.021653 -0.283375
vt 0.021653 0.534113
vt 0.198690 0.534113
vt 0.198690 -0.349676
vt 0.021653 -0.349677
vt 0.021653 0.563455
vt 0.198690 0.563455
vt 0.198690 -0.278286
vt 0.021653 -0.278286
vt 0.021653 0.539201
vt 0.198690 0.539201
vt 0.703723 0.943564
vt 0.714051 0.982106
vt 0.614198 0.995252
vt 0.614198 0.955350
vt 0.787148 0.909008
vt 0.807099 0.943564
vt 0.858787 0.854038
vt 0.887001 0.882253
vt 0.913757 0.782400
vt 0.948312 0.802350
vt 0.948312 0.698975
vt 0.986854 0.709302
vt 0.960099 0.609449
vt 1.000000 0.609449
vt 0.948312 0.519924
vt 0.986854 0.509596
vt 0.913757 0.436499
vt 0.948312 0.416548
vt 0.858787 0.364860
vt 0.887001 0.336646
vt 0.787148 0.309890
vt 0.807099 0.275335
vt 0.703723 0.275335
vt 0.714051 0.236793
vt 0.614198 0.263548
vt 0.614198 0.223647
vt 0.524672 0.275335
vt 0.514345 0.236793
vt 0.441247 0.309890
vt 0.421297 0.275334
vt 0.369609 0.364860
vt 0.341394 0.336646
vt 0.314639 0.436498
vt 0.280083 0.416548
vt 0.280083 0.519923
vt 0.241541 0.509596
vt 0.268297 0.609449
vt 0.228395 0.609449
vt 0.280083 0.698975
vt 0.241541 0.709302
vt 0.314638 0.782399
vt 0.280083 0.802350
vt 0.369608 0.854038
vt 0.341394 0.882253
vt 0.441247 0.909008
vt 0.421296 0.943564
vt 0.524671 0.943564
vt 0.514344 0.982106
vt 0.687295 0.882253
vt 0.614198 0.891876
vt 0.755411 0.854038
vt 0.813904 0.809155
vt 0.858787 0.750663
vt 0.887001 0.682547
vt 0.896625 0.609449
vt 0.887001 0.536352
vt 0.858787 0.468236
vt 0.813904 0.409743
vt 0.755411 0.364860
vt 0.687295 0.336646
vt 0.614198 0.327022
vt 0.541100 0.336646
vt 0.472984 0.364860
vt 0.414492 0.409743
vt 0.369609 0.468236
vt 0.341394 0.536352
vt 0.331771 0.609449
vt 0.341394 0.682546
vt 0.369608 0.750663
vt 0.414491 0.809155
vt 0.472984 0.854038
vt 0.541100 0.882253
vt 0.665885 0.802351
vt 0.614198 0.809155
vt 0.714051 0.782400
vt 0.755411 0.750663
vt 0.787148 0.709302
vt 0.807099 0.661137
vt 0.813904 0.609449
vt 0.807099 0.557761
vt 0.787148 0.509596
vt 0.755411 0.468236
vt 0.714051 0.436499
vt 0.665885 0.416548
vt 0.614198 0.409743
vt 0.562510 0.416548
vt 0.514345 0.436499
vt 0.472984 0.468236
vt 0.441247 0.509596
vt 0.421296 0.557761
vt 0.414491 0.609449
vt 0.421296 0.661137
vt 0.441247 0.709302
vt 0.472984 0.750663
vt 0.514344 0.782400
vt 0.562510 0.802351
vt 0.640953 0.709302
vt 0.614198 0.712825
vt 0.665885 0.698975
vt 0.687295 0.682547
vt 0.703723 0.661137
vt 0.714051 0.636205
vt 0.717573 0.609449
vt 0.714051 0.582694
vt 0.703723 0.557761
vt 0.687295 0.536352
vt 0.665885 0.519923
vt 0.640953 0.509596
vt 0.614198 0.506074
vt 0.587442 0.509596
vt 0.562510 0.519923
vt 0.541100 0.536352
vt 0.524672 0.557761
vt 0.514345 0.582694
vt 0.510822 0.609449
vt 0.514344 0.636205
vt 0.524672 0.661137
vt 0.541100 0.682547
vt 0.562510 0.698975
vt 0.587442 0.709302
vt 0.614198 0.609449
vt 0.614198 0.995252
vt 0.714051 0.982106
vt 0.703723 0.943564
vt 0.614198 0.955350
vt 0.807099 0.943564
vt 0.787148 0.909008
vt 0.887001 0.882253
vt 0.858787 0.854038
vt 0.948312 0.802350
vt 0.913757 0.782400
vt 0.986854 0.709302
vt 0.948312 0.698975
vt 1.000000 0.609449
vt 0.960099 0.609449
vt 0.986854 0.509596
vt 0.948312 0.519924
vt 0.948312 0.416548
vt 0.913757 0.436499
vt 0.887001 0.336646
vt 0.858787 0.364860
vt 0.807099 0.275335
vt 0.787148 0.309890
vt 0.714051 0.236793
vt 0.703723 0.275335
vt 0.614198 0.223647
vt 0.614198 0.263548
vt 0.514345 0.236793
vt 0.524672 0.275335
vt 0.421297 0.275334
vt 0.441247 0.309890
vt 0.341394 0.336646
vt 0.369609 0.364860
vt 0.280083 0.416548
vt 0.314639 0.436498
vt 0.241541 0.509596
vt 0.280083 0.519923
vt 0.228395 0.609449
vt 0.268297 0.609449
vt 0.241541 0.709302
vt 0.280083 0.698975
vt 0.280083 0.802350
vt 0.314638 0.782399
vt 0.341394 0.882253
vt 0.369608 0.854038
vt 0.421296 0.943564
vt 0.441247 0.909008
vt 0.514344 0.982106
vt 0.524671 0.943564
vt 0.687295 0.882253
vt 0.614198 0.891876
vt 0.755411 0.854038
vt 0.813904 0.809155
vt 0.858787 0.750663
vt 0.887001 0.682547
vt 0.896625 0.609449
vt 0.887001 0.536352
vt 0.858787 0.468236
vt 0.813904 0.409743
vt 0.755411 0.364860
vt 0.687295 0.336646
vt 0.614198 0.327022
vt 0.541100 0.336646
vt 0.472984 0.364860
vt 0.414492 0.409743
vt 0.369609 0.468236
vt 0.341394 0.536352
vt 0.331771 0.609449
vt 0.341394 0.682546
vt 0.369608 0.750663
vt 0.414491 0.809155
vt 0.472984 0.854038
vt 0.541100 0.882253
vt 0.665885 0.802351
vt 0.614198 0.809155
vt 0.714051 0.782400
vt 0.755411 0.750663
vt 0.787148 0.709302
vt 0.807099 0.661137
vt 0.813904 0.609449
vt 0.807099 0.557761
vt 0.787148 0.509596
vt 0.755411 0.468236
vt 0.714051 0.436499
vt 0.665885 0.416548
vt 0.614198 0.409743
vt 0.562510 0.416548
vt 0.514345 0.436499
vt 0.472984 0.468236
vt 0.441247 0.509596
vt 0.421296 0.557761
vt 0.414491 0.609449
vt 0.421296 0.661137
vt 0.441247 0.709302
vt 0.472984 0.750663
vt 0.514344 0.782400
vt 0.562510 0.802351
vt 0.640953 0.709302
vt 0.614198 0.712825
vt 0.665885 0.698975
vt 0.687295 0.682547
vt 0.703723 0.661137
vt 0.714051 0.636205
vt 0.717573 0.609449
vt 0.714051 0.582694
vt 0.703723 0.557761
vt 0.687295 0.536352
vt 0.665885 0.519923
vt 0.640953 0.509596
vt 0.614198 0.506074
vt 0.587442 0.509596
vt 0.562510 0.519923
vt 0.541100 0.536352
vt 0.524672 0.557761
vt 0.514345 0.582694
vt 0.510822 0.609449
vt 0.514344 0.636205
vt 0.524672 0.661137
vt 0.541100 0.682547
vt 0.562510 0.698975
vt 0.587442 0.709302
vt 0.614198 0.609449
vt 0.613974 0.989813
vt 0.515124 0.976799
vt 0.518909 0.962674
vt 0.613974 0.975189
vt 0.423011 0.938645
vt 0.430323 0.925980
vt 0.343911 0.877949
vt 0.354252 0.867609
vt 0.283216 0.798850
vt 0.295881 0.791538
vt 0.245062 0.706736
vt 0.259187 0.702952
vt 0.232048 0.607887
vt 0.246671 0.607887
vt 0.245061 0.509037
vt 0.259187 0.512822
vt 0.283216 0.416923
vt 0.295881 0.424235
vt 0.343911 0.337824
vt 0.354252 0.348164
vt 0.423011 0.277128
vt 0.430323 0.289793
vt 0.515124 0.238974
vt 0.518909 0.253099
vt 0.613974 0.225960
vt 0.613974 0.240584
vt 0.712824 0.238974
vt 0.709039 0.253099
vt 0.804937 0.277128
vt 0.797625 0.289793
vt 0.884037 0.337824
vt 0.873696 0.348164
vt 0.944732 0.416923
vt 0.932068 0.424235
vt 0.982887 0.509036
vt 0.968762 0.512821
vt 0.995901 0.607886
vt 0.981277 0.607886
vt 0.982887 0.706736
vt 0.968762 0.702951
vt 0.944732 0.798850
vt 0.932068 0.791538
vt 0.884037 0.877949
vt 0.873697 0.867609
vt 0.804938 0.938644
vt 0.797626 0.925980
vt 0.712825 0.976799
vt 0.709040 0.962674
vt 0.693417 0.141981
vt 0.650207 0.108971
vt 0.668241 0.102810
vt 0.693417 0.122043
vt 0.666712 0.055561
vt 0.677857 0.071691
vt 0.720122 0.055561
vt 0.708977 0.071691
vt 0.736627 0.108971
vt 0.718593 0.102810
vt 0.693417 0.122043
vt 0.668241 0.102810
vt 0.668241 0.102810
vt 0.693417 0.122043
vt 0.650207 0.108971
vt 0.693417 0.141981
vt 0.693417 0.141981
vt 0.650207 0.108971
vt 0.677857 0.071691
vt 0.677857 0.071691
vt 0.666712 0.055561
vt 0.666712 0.055561
vt 0.708977 0.071691
vt 0.708976 0.071691
vt 0.720122 0.055561
vt 0.720122 0.055561
vt 0.718593 0.102810
vt 0.718593 0.102810
vt 0.736627 0.108971
vt 0.736627 0.108971
vt 0.802994 0.139816
vt 0.802994 0.122043
vt 0.777818 0.102810
vt 0.761742 0.108303
vt 0.787434 0.071691
vt 0.777499 0.057312
vt 0.818553 0.071691
vt 0.828489 0.057312
vt 0.828170 0.102810
vt 0.844246 0.108303
vt 0.802994 0.128506
vt 0.771972 0.104808
vt 0.802994 0.094209
vt 0.783821 0.066462
vt 0.822166 0.066462
vt 0.834016 0.104808
vt 0.157151 0.118422
vt 0.120542 0.118422
vt 0.120542 0.000000
vt 0.157151 0.000000
vt 0.193760 0.118422
vt 0.193760 0.000000
vt 0.047324 0.118422
vt 0.010715 0.118422
vt 0.010715 0.000000
vt 0.047324 0.000000
vt 0.083933 0.118422
vt 0.083933 0.000000
vt 0.238952 0.026828
vt 0.606196 0.026828
vt 0.530249 0.204033
vt 0.314899 0.204033
vt 0.606196 0.026828
vt 0.530249 0.204033
vt 0.314899 0.204033
vt 0.238952 0.026828
vt 0.198690 -0.283375
vt 0.198690 0.534113
vt 0.021653 0.534113
vt 0.021653 -0.283375
vt 0.198690 -0.349676
vt 0.198690 0.563455
vt 0.021653 0.563455
vt 0.021653 -0.349677
vt 0.198690 -0.278286
vt 0.198690 0.539201
vt 0.021653 0.539201
vt 0.021653 -0.278286
vt 0.238952 0.026828
vt 0.314899 0.204033
vt 0.530249 0.204033
vt 0.606196 0.026828
vt 0.606196 0.026828
vt 0.238952 0.026828
vt 0.314899 0.204033
vt 0.530249 0.204033
vt 0.198690 -0.283375
vt 0.021653 -0.283375
vt 0.021653 0.534113
vt 0.198690 0.534113
vt 0.198690 -0.349676
vt 0.021653 -0.349677
vt 0.021653 0.563455
vt 0.198690 0.563455
vt 0.198690 -0.278286
vt 0.021653 -0.278286
vt 0.021653 0.539201
vt 0.198690 0.539201
vt 0.703723 0.943564
vt 0.714051 0.982106
vt 0.614198 0.995252
vt 0.614198 0.955350
vt 0.787148 0.909008
vt 0.807099 0.943564
vt 0.858787 0.854038
vt 0.887001 0.882253
vt 0.913757 0.782400
vt 0.948312 0.802350
vt 0.948312 0.698975
vt 0.986854 0.709302
vt 0.960099 0.609449
vt 1.000000 0.609449
vt 0.948312 0.519924
vt 0.986854 0.509596
vt 0.913757 0.436499
vt 0.948312 0.416548
vt 0.858787 0.364860
vt 0.887001 0.336646
vt 0.787148 0.309890
vt 0.807099 0.275335
vt 0.703723 0.275335
vt 0.714051 0.236793
vt 0.614198 0.263548
vt 0.614198 0.223647
vt 0.524672 0.275335
vt 0.514345 0.236793
vt 0.441247 0.309890
vt 0.421297 0.275334
vt 0.369609 0.364860
vt 0.341394 0.336646
vt 0.314639 0.436498
vt 0.280083 0.416548
vt 0.280083 0.519923
vt 0.241541 0.509596
vt 0.268297 0.609449
vt 0.228395 0.609449
vt 0.280083 0.698975
vt 0.241541 0.709302
vt 0.314638 0.782399
vt 0.280083 0.802350
vt 0.369608 0.854038
vt 0.341394 0.882253
vt 0.441247 0.909008
vt 0.421296 0.943564
vt 0.524671 0.943564
vt 0.514344 0.982106
vt 0.687295 0.882253
vt 0.614198 0.891876
vt 0.755411 0.854038
vt 0.813904 0.809155
vt 0.858787 0.750663
vt 0.887001 0.682547
vt 0.896625 0.609449
vt 0.887001 0.536352
vt 0.858787 0.468236
vt 0.813904 0.409743
vt 0.755411 0.364860
vt 0.687295 0.336646
vt 0.614198 0.327022
vt 0.541100 0.336646
vt 0.472984 0.364860
vt 0.414492 0.409743
vt 0.369609 0.468236
vt 0.341394 0.536352
vt 0.331771 0.609449
vt 0.341394 0.682546
vt 0.369608 0.750663
vt 0.414491 0.809155
vt 0.472984 0.854038
vt 0.541100 0.882253
vt 0.665885 0.802351
vt 0.614198 0.809155
vt 0.714051 0.782400
vt 0.755411 0.750663
vt 0.787148 0.709302
vt 0.807099 0.661137
vt 0.813904 0.609449
vt 0.807099 0.557761
vt 0.787148 0.509596
vt 0.755411 0.468236
vt 0.714051 0.436499
vt 0.665885 0.416548
vt 0.614198 0.409743
vt 0.562510 0.416548
vt 0.514345 0.436499
vt 0.472984 0.468236
vt 0.441247 0.509596
vt 0.421296 0.557761
vt 0.414491 0.609449
vt 0.421296 0.661137
vt 0.441247 0.709302
vt 0.472984 0.750663
vt 0.514344 0.782400
vt 0.562510 0.802351
vt 0.640953 0.709302
vt 0.614198 0.712825
vt 0.665885 0.698975
vt 0.687295 0.682547
vt 0.703723 0.661137
vt 0.714051 0.636205
vt 0.717573 0.609449
vt 0.714051 0.582694
vt 0.703723 0.557761
vt 0.687295 0.536352
vt 0.665885 0.519923
vt 0.640953 0.509596
vt 0.614198 0.506074
vt 0.587442 0.509596
vt 0.562510 0.519923
vt 0.541100 0.536352
vt 0.524672 0.557761
vt 0.514345 0.582694
vt 0.510822 0.609449
vt 0.514344 0.636205
vt 0.524672 0.661137
vt 0.541100 0.682547
vt 0.562510 0.698975
vt 0.587442 0.709302
vt 0.614198 0.609449
vt 0.614198 0.995252
vt 0.714051 0.982106
vt 0.703723 0.943564
vt 0.614198 0.955350
vt 0.807099 0.943564
vt 0.787148 0.909008
vt 0.887001 0.882253
vt 0.858787 0.854038
vt 0.948312 0.802350
vt 0.913757 0.782400
vt 0.986854 0.709302
vt 0.948312 0.698975
vt 1.000000 0.609449
vt 0.960099 0.609449
vt 0.986854 0.509596
vt 0.948312 0.519924
vt 0.948312 0.416548
vt 0.913757 0.436499
vt 0.887001 0.336646
vt 0.858787 0.364860
vt 0.807099 0.275335
vt 0.787148 0.309890
vt 0.714051 0.236793
vt 0.703723 0.275335
vt 0.614198 0.223647
vt 0.614198 0.263548
vt 0.514345 0.236793
vt 0.524672 0.275335
vt 0.421297 0.275334
vt 0.441247 0.309890
vt 0.341394 0.336646
vt 0.369609 0.364860
vt 0.280083 0.416548
vt 0.314639 0.436498
vt 0.241541 0.509596
vt 0.280083 0.519923
vt 0.228395 0.609449
vt 0.268297 0.609449
vt 0.241541 0.709302
vt 0.280083 0.698975
vt 0.280083 0.802350
vt 0.314638 0.782399
vt 0.341394 0.882253
vt 0.369608 0.854038
vt 0.421296 0.943564
vt 0.441247 0.909008
vt 0.514344 0.982106
vt 0.524671 0.943564
vt 0.687295 0.882253
vt 0.614198 0.891876
vt 0.755411 0.854038
vt 0.813904 0.809155
vt 0.858787 0.750663
vt 0.887001 0.682547
vt 0.896625 0.609449
vt 0.887001 0.536352
vt 0.858787 0.468236
vt 0.813904 0.409743
vt 0.755411 0.364860
vt 0.687295 0.336646
vt 0.614198 0.327022
vt 0.541100 0.336646
vt 0.472984 0.364860
vt 0.414492 0.409743
vt 0.369609 0.468236
vt 0.341394 0.536352
vt 0.331771 0.609449
vt 0.341394 0.682546
vt 0.369608 0.750663
vt 0.414491 0.809155
vt 0.472984 0.854038
vt 0.541100 0.882253
vt 0.665885 0.802351
vt 0.614198 0.809155
vt 0.714051 0.782400
vt 0.755411 0.750663
vt 0.787148 0.709302
vt 0.807099 0.661137
vt 0.813904 0.609449
vt 0.807099 0.557761
vt 0.787148 0.509596
vt 0.755411 0.468236
vt 0.714051 0.436499
vt 0.665885 0.416548
vt 0.614198 0.409743
vt 0.562510 0.416548
vt 0.514345 0.436499
vt 0.472984 0.468236
vt 0.441247 0.509596
vt 0.421296 0.557761
vt 0.414491 0.609449
vt 0.421296 0.661137
vt 0.441247 0.709302
vt 0.472984 0.750663
vt 0.514344 0.782400
vt 0.562510 0.802351
vt 0.640953 0.709302
vt 0.614198 0.712825
vt 0.665885 0.698975
vt 0.687295 0.682547
vt 0.703723 0.661137
vt 0.714051 0.636205
vt 0.717573 0.609449
vt 0.714051 0.582694
vt 0.703723 0.557761
vt 0.687295 0.536352
vt 0.665885 0.519923
vt 0.640953 0.509596
vt 0.614198 0.506074
vt 0.587442 0.509596
vt 0.562510 0.519923
vt 0.541100 0.536352
vt 0.524672 0.557761
vt 0.514345 0.582694
vt 0.510822 0.609449
vt 0.514344 0.636205
vt 0.524672 0.661137
vt 0.541100 0.682547
vt 0.562510 0.698975
vt 0.587442 0.709302
vt 0.614198 0.609449
vt 0.613974 0.989813
vt 0.515124 0.976799
vt 0.518909 0.962674
vt 0.613974 0.975189
vt 0.423011 0.938645
vt 0.430323 0.925980
vt 0.343911 0.877949
vt 0.354252 0.867609
vt 0.283216 0.798850
vt 0.295881 0.791538
vt 0.245062 0.706736
vt 0.259187 0.702952
vt 0.232048 0.607887
vt 0.246671 0.607887
vt 0.245061 0.509037
vt 0.259187 0.512822
vt 0.283216 0.416923
vt 0.295881 0.424235
vt 0.343911 0.337824
vt 0.354252 0.348164
vt 0.423011 0.277128
vt 0.430323 0.289793
vt 0.515124 0.238974
vt 0.518909 0.253099
vt 0.613974 0.225960
vt 0.613974 0.240584
vt 0.712824 0.238974
vt 0.709039 0.253099
vt 0.804937 0.277128
vt 0.797625 0.289793
vt 0.884037 0.337824
vt 0.873696 0.348164
vt 0.944732 0.416923
vt 0.932068 0.424235
vt 0.982887 0.509036
vt 0.968762 0.512821
vt 0.995901 0.607886
vt 0.981277 0.607886
vt 0.982887 0.706736
vt 0.968762 0.702951
vt 0.944732 0.798850
vt 0.932068 0.791538
vt 0.884037 0.877949
vt 0.873697 0.867609
vt 0.804938 0.938644
vt 0.797626 0.925980
vt 0.712825 0.976799
vt 0.709040 0.962674
vt 0.693417 0.141981
vt 0.650207 0.108971
vt 0.668241 0.102810
vt 0.693417 0.122043
vt 0.666712 0.055561
vt 0.677857 0.071691
vt 0.720122 0.055561
vt 0.708977 0.071691
vt 0.736627 0.108971
vt 0.718593 0.102810
vt 0.693417 0.122043
vt 0.668241 0.102810
vt 0.668241 0.102810
vt 0.693417 0.122043
vt 0.650207 0.108971
vt 0.693417 0.141981
vt 0.693417 0.141981
vt 0.650207 0.108971
vt 0.677857 0.071691
vt 0.677857 0.071691
vt 0.666712 0.055561
vt 0.666712 0.055561
vt 0.708977 0.071691
vt 0.708976 0.071691
vt 0.720122 0.055561
vt 0.720122 0.055561
vt 0.718593 0.102810
vt 0.718593 0.102810
vt 0.736627 0.108971
vt 0.736627 0.108971
vt 0.802994 0.139816
vt 0.802994 0.122043
vt 0.777818 0.102810
vt 0.761742 0.108303
vt 0.787434 0.071691
vt 0.777499 0.057312
vt 0.818553 0.071691
vt 0.828489 0.057312
vt 0.828170 0.102810
vt 0.844246 0.108303
vt 0.802994 0.128506
vt 0.771972 0.104808
vt 0.802994 0.094209
vt 0.783821 0.066462
vt 0.822166 0.066462
vt 0.834016 0.104808
vt 0.775737 0.095994
vt 0.775737 0.069827
vt 0.775737 0.085083
vt 0.775737 0.120679
vt 0.775737 0.127422
vt 0.833333 0.069827
vt 0.833333 0.085083
vt 0.775737 0.085083
vt 0.775737 0.069827
vt 0.833333 0.095994
vt 0.775737 0.095994
vt 0.833333 0.127422
vt 0.775737 0.127422
vt 0.833333 0.120679
vt 0.775737 0.120679
vt 0.833333 0.069827
vt 0.833333 0.095994
vt 0.833333 0.127422
vt 0.833333 0.120679
vt 0.833333 0.085083
vt 0.693417 0.141981
vt 0.650207 0.108971
vt 0.668241 0.102810
vt 0.693417 0.122043
vt 0.666712 0.055561
vt 0.677857 0.071691
vt 0.720122 0.055561
vt 0.708977 0.071691
vt 0.736627 0.108971
vt 0.718593 0.102810
vt 0.693417 0.122043
vt 0.668241 0.102810
vt 0.668241 0.102810
vt 0.693417 0.122043
vt 0.650207 0.108971
vt 0.693417 0.141981
vt 0.693417 0.141981
vt 0.650207 0.108971
vt 0.677857 0.071691
vt 0.677857 0.071691
vt 0.666712 0.055561
vt 0.666712 0.055561
vt 0.708977 0.071691
vt 0.708976 0.071691
vt 0.720122 0.055561
vt 0.720122 0.055561
vt 0.718593 0.102810
vt 0.718593 0.102810
vt 0.736627 0.108971
vt 0.736627 0.108971
vt 0.677857 0.071691
vt 0.708976 0.071691
vt 0.718593 0.102810
vt 0.693417 0.122043
vt 0.668241 0.102810
vt 0.693417 0.141981
vt 0.650207 0.108971
vt 0.668241 0.102810
vt 0.693417 0.122043
vt 0.666712 0.055561
vt 0.677857 0.071691
vt 0.720122 0.055561
vt 0.708977 0.071691
vt 0.736627 0.108971
vt 0.718593 0.102810
vt 0.693417 0.122043
vt 0.668241 0.102810
vt 0.668241 0.102810
vt 0.693417 0.122043
vt 0.650207 0.108971
vt 0.693417 0.141981
vt 0.693417 0.141981
vt 0.650207 0.108971
vt 0.677857 0.071691
vt 0.677857 0.071691
vt 0.666712 0.055561
vt 0.666712 0.055561
vt 0.708977 0.071691
vt 0.708976 0.071691
vt 0.720122 0.055561
vt 0.720122 0.055561
vt 0.718593 0.102810
vt 0.718593 0.102810
vt 0.736627 0.108971
vt 0.736627 0.108971
vt 0.677857 0.071691
vt 0.708976 0.071691
vt 0.718593 0.102810
vt 0.693417 0.122043
vt 0.668241 0.102810
vt 0.093164 0.571006
vt 0.007332 0.571006
vt 0.007332 0.485175
vt 0.093164 0.485175
vt 0.094204 0.571006
vt 0.008373 0.571006
vt 0.008373 0.005920
vt 0.094204 0.005920
vt 0.008373 0.571006
vt 0.094204 0.571006
vt 0.094204 0.005920
vt 0.008373 0.005920
vt 0.094204 0.571006
vt 0.008373 0.571006
vt 0.008373 0.005920
vt 0.094204 0.005920
vt 0.008373 0.571006
vt 0.094204 0.571006
vt 0.094204 0.005920
vt 0.008373 0.005920
vt 0.775737 0.095994
vt 0.775737 0.069827
vt 0.775737 0.085083
vt 0.775737 0.120679
vt 0.775737 0.127422
vt 0.833333 0.069827
vt 0.833333 0.085083
vt 0.775737 0.085083
vt 0.775737 0.069827
vt 0.833333 0.095994
vt 0.775737 0.095994
vt 0.833333 0.127422
vt 0.775737 0.127422
vt 0.833333 0.120679
vt 0.775737 0.120679
vt 0.833333 0.069827
vt 0.833333 0.095994
vt 0.833333 0.127422
vt 0.833333 0.120679
vt 0.833333 0.085083
vt 0.693417 0.141981
vt 0.650207 0.108971
vt 0.668241 0.102810
vt 0.693417 0.122043
vt 0.666712 0.055561
vt 0.677857 0.071691
vt 0.720122 0.055561
vt 0.708977 0.071691
vt 0.736627 0.108971
vt 0.718593 0.102810
vt 0.693417 0.122043
vt 0.668241 0.102810
vt 0.668241 0.102810
vt 0.693417 0.122043
vt 0.650207 0.108971
vt 0.693417 0.141981
vt 0.693417 0.141981
vt 0.650207 0.108971
vt 0.677857 0.071691
vt 0.677857 0.071691
vt 0.666712 0.055561
vt 0.666712 0.055561
vt 0.708977 0.071691
vt 0.708976 0.071691
vt 0.720122 0.055561
vt 0.720122 0.055561
vt 0.718593 0.102810
vt 0.718593 0.102810
vt 0.736627 0.108971
vt 0.736627 0.108971
vt 0.677857 0.071691
vt 0.708976 0.071691
vt 0.718593 0.102810
vt 0.693417 0.122043
vt 0.668241 0.102810
vt 0.693417 0.141981
vt 0.650207 0.108971
vt 0.668241 0.102810
vt 0.693417 0.122043
vt 0.666712 0.055561
vt 0.677857 0.071691
vt 0.720122 0.055561
vt 0.708977 0.071691
vt 0.736627 0.108971
vt 0.718593 0.102810
vt 0.693417 0.122043
vt 0.668241 0.102810
vt 0.668241 0.102810
vt 0.693417 0.122043
vt 0.650207 0.108971
vt 0.693417 0.141981
vt 0.693417 0.141981
vt 0.650207 0.108971
vt 0.677857 0.071691
vt 0.677857 0.071691
vt 0.666712 0.055561
vt 0.666712 0.055561
vt 0.708977 0.071691
vt 0.708976 0.071691
vt 0.720122 0.055561
vt 0.720122 0.055561
vt 0.718593 0.102810
vt 0.718593 0.102810
vt 0.736627 0.108971
vt 0.736627 0.108971
vt 0.677857 0.071691
vt 0.708976 0.071691
vt 0.718593 0.102810
vt 0.693417 0.122043
vt 0.668241 0.102810
vt 0.093164 0.571006
vt 0.007332 0.571006
vt 0.007332 0.485175
vt 0.093164 0.485175
vt 0.094204 0.571006
vt 0.008373 0.571006
vt 0.008373 0.005920
vt 0.094204 0.005920
vt 0.008373 0.571006
vt 0.094204 0.571006
vt 0.094204 0.005920
vt 0.008373 0.005920
vt 0.094204 0.571006
vt 0.008373 0.571006
vt 0.008373 0.005920
vt 0.094204 0.005920
vt 0.008373 0.571006
vt 0.094204 0.571006
vt 0.094204 0.005920
vt 0.008373 0.005920
vt 0.184584 -0.201905
vt 0.210449 -0.201905
vt 0.210449 2.182731
vt 0.184584 2.182731
vt 0.003511 -0.201905
vt 0.029376 -0.201905
vt 0.029376 2.182731
vt 0.003510 2.182731
vt 0.055243 -0.201905
vt 0.055243 2.182731
vt 0.081111 -0.201905
vt 0.081111 2.182731
vt 0.106980 -0.201905
vt 0.106980 2.182731
vt 0.132849 -0.201905
vt 0.132849 2.182731
vt 0.158717 -0.201905
vt 0.158717 2.182731
vt 0.142272 0.010974
vt 0.175303 0.010974
vt 0.175303 0.961675
vt 0.142272 0.961675
vt 0.208334 0.010974
vt 0.208334 0.961675
vt 0.010146 0.010974
vt 0.043176 0.010974
vt 0.043176 0.961675
vt 0.010146 0.961675
vt 0.076207 0.010974
vt 0.076207 0.961675
vt 0.109239 0.010974
vt 0.109239 0.961675
vt 0.142272 0.010974
vt 0.175303 0.010974
vt 0.175303 0.961675
vt 0.142272 0.961675
vt 0.208334 0.010974
vt 0.208334 0.961675
vt 0.010146 0.010974
vt 0.043176 0.010974
vt 0.043176 0.961675
vt 0.010146 0.961675
vt 0.076207 0.010974
vt 0.076207 0.961675
vt 0.109239 0.010974
vt 0.109239 0.961675
vt 0.142272 0.010974
vt 0.175303 0.010974
vt 0.175303 0.961675
vt 0.142272 0.961675
vt 0.208334 0.010974
vt 0.208334 0.961675
vt 0.010146 0.010974
vt 0.043176 0.010974
vt 0.043176 0.961675
vt 0.010146 0.961675
vt 0.076207 0.010974
vt 0.076207 0.961675
vt 0.109239 0.010974
vt 0.109239 0.961675
vt 0.142272 0.010974
vt 0.175303 0.010974
vt 0.175303 0.961675
vt 0.142272 0.961675
vt 0.208334 0.010974
vt 0.208334 0.961675
vt 0.010146 0.010974
vt 0.043176 0.010974
vt 0.043176 0.961675
vt 0.010146 0.961675
vt 0.076207 0.010974
vt 0.076207 0.961675
vt 0.109239 0.010974
vt 0.109239 0.961675
vt 0.142272 0.010974
vt 0.175303 0.010974
vt 0.175303 0.961675
vt 0.142272 0.961675
vt 0.208334 0.010974
vt 0.208334 0.961675
vt 0.010146 0.010974
vt 0.043176 0.010974
vt 0.043176 0.961675
vt 0.010146 0.961675
vt 0.076207 0.010974
vt 0.076207 0.961675
vt 0.109239 0.010974
vt 0.109239 0.961675
vt 0.142272 0.010974
vt 0.175303 0.010974
vt 0.175303 0.961675
vt 0.142272 0.961675
vt 0.208334 0.010974
vt 0.208334 0.961675
vt 0.010146 0.010974
vt 0.043176 0.010974
vt 0.043176 0.961675
vt 0.010146 0.961675
vt 0.076207 0.010974
vt 0.076207 0.961675
vt 0.109239 0.010974
vt 0.109239 0.961675
vt 0.142272 0.010974
vt 0.175303 0.010974
vt 0.175303 0.961675
vt 0.142272 0.961675
vt 0.208334 0.010974
vt 0.208334 0.961675
vt 0.010146 0.010974
vt 0.043176 0.010974
vt 0.043176 0.961675
vt 0.010146 0.961675
vt 0.076207 0.010974
vt 0.076207 0.961675
vt 0.109239 0.010974
vt 0.109239 0.961675
vt 0.142272 0.010974
vt 0.175303 0.010974
vt 0.175303 0.961675
vt 0.142272 0.961675
vt 0.208334 0.010974
vt 0.208334 0.961675
vt 0.010146 0.010974
vt 0.043176 0.010974
vt 0.043176 0.961675
vt 0.010146 0.961675
vt 0.076207 0.010974
vt 0.076207 0.961675
vt 0.109239 0.010974
vt 0.109239 0.961675
vt 0.142272 0.010974
vt 0.175303 0.010974
vt 0.175303 0.961675
vt 0.142272 0.961675
vt 0.208334 0.010974
vt 0.208334 0.961675
vt 0.010146 0.010974
vt 0.043176 0.010974
vt 0.043176 0.961675
vt 0.010146 0.961675
vt 0.076207 0.010974
vt 0.076207 0.961675
vt 0.109239 0.010974
vt 0.109239 0.961675
vt 0.142272 0.010974
vt 0.175303 0.010974
vt 0.175303 0.961675
vt 0.142272 0.961675
vt 0.208334 0.010974
vt 0.208334 0.961675
vt 0.010146 0.010974
vt 0.043176 0.010974
vt 0.043176 0.961675
vt 0.010146 0.961675
vt 0.076207 0.010974
vt 0.076207 0.961675
vt 0.109239 0.010974
vt 0.109239 0.961675
vt 0.142272 0.010974
vt 0.175303 0.010974
vt 0.175303 0.961675
vt 0.142272 0.961675
vt 0.208334 0.010974
vt 0.208334 0.961675
vt 0.010146 0.010974
vt 0.043176 0.010974
vt 0.043176 0.961675
vt 0.010146 0.961675
vt 0.076207 0.010974
vt 0.076207 0.961675
vt 0.109239 0.010974
vt 0.109239 0.961675
vt 0.142272 0.010974
vt 0.175303 0.010974
vt 0.175303 0.961675
vt 0.142272 0.961675
vt 0.208334 0.010974
vt 0.208334 0.961675
vt 0.010146 0.010974
vt 0.043176 0.010974
vt 0.043176 0.961675
vt 0.010146 0.961675
vt 0.076207 0.010974
vt 0.076207 0.961675
vt 0.109239 0.010974
vt 0.109239 0.961675
vt 0.142272 0.010974
vt 0.175303 0.010974
vt 0.175303 0.961675
vt 0.142272 0.961675
vt 0.208334 0.010974
vt 0.208334 0.961675
vt 0.010146 0.010974
vt 0.043176 0.010974
vt 0.043176 0.961675
vt 0.010146 0.961675
vt 0.076207 0.010974
vt 0.076207 0.961675
vt 0.109239 0.010974
vt 0.109239 0.961675
vt 0.142272 0.010974
vt 0.175303 0.010974
vt 0.175303 0.961675
vt 0.142272 0.961675
vt 0.208334 0.010974
vt 0.208334 0.961675
vt 0.010146 0.010974
vt 0.043176 0.010974
vt 0.043176 0.961675
vt 0.010146 0.961675
vt 0.076207 0.010974
vt 0.076207 0.961675
vt 0.109239 0.010974
vt 0.109239 0.961675
vt 0.184584 -1.460172
vt 0.210449 -1.460172
vt 0.210449 3.440999
vt 0.184584 3.440999
vt 0.003511 -1.460172
vt 0.029376 -1.460172
vt 0.029376 3.440999
vt 0.003510 3.440999
vt 0.055243 -1.460172
vt 0.055243 3.440999
vt 0.081111 -1.460172
vt 0.081111 3.440999
vt 0.106980 -1.460172
vt 0.106980 3.440999
vt 0.132849 -1.460172
vt 0.132849 3.440999
vt 0.158717 -1.460172
vt 0.158717 3.440999
vt 0.142272 0.010974
vt 0.175303 0.010974
vt 0.175303 0.961675
vt 0.142272 0.961675
vt 0.208334 0.010974
vt 0.208334 0.961675
vt 0.010146 0.010974
vt 0.043176 0.010974
vt 0.043176 0.961675
vt 0.010146 0.961675
vt 0.076207 0.010974
vt 0.076207 0.961675
vt 0.109239 0.010974
vt 0.109239 0.961675
vt 0.142272 0.010974
vt 0.043176 0.010974
vt 0.109239 0.010974
vt 0.142272 0.010974
vt 0.175303 0.010974
vt 0.175303 0.961675
vt 0.142272 0.961675
vt 0.208334 0.010974
vt 0.208334 0.961675
vt 0.010146 0.010974
vt 0.043176 0.010974
vt 0.043176 0.961675
vt 0.010146 0.961675
vt 0.076207 0.010974
vt 0.076207 0.961675
vt 0.109239 0.010974
vt 0.109239 0.961675
vt 0.142272 0.010974
vt 0.043176 0.010974
vt 0.109239 0.010974
vt 0.142272 0.010974
vt 0.175303 0.010974
vt 0.175303 0.961675
vt 0.142272 0.961675
vt 0.208334 0.010974
vt 0.208334 0.961675
vt 0.010146 0.010974
vt 0.043176 0.010974
vt 0.043176 0.961675
vt 0.010146 0.961675
vt 0.076207 0.010974
vt 0.076207 0.961675
vt 0.109239 0.010974
vt 0.109239 0.961675
vt 0.142272 0.010974
vt 0.043176 0.010974
vt 0.109239 0.010974
vt 0.142272 0.010974
vt 0.175303 0.010974
vt 0.175303 0.961675
vt 0.142272 0.961675
vt 0.208334 0.010974
vt 0.208334 0.961675
vt 0.010146 0.010974
vt 0.043176 0.010974
vt 0.043176 0.961675
vt 0.010146 0.961675
vt 0.076207 0.010974
vt 0.076207 0.961675
vt 0.109239 0.010974
vt 0.109239 0.961675
vt 0.142272 0.010974
vt 0.043176 0.010974
vt 0.109239 0.010974
vt 0.142272 0.010974
vt 0.175303 0.010974
vt 0.175303 0.961675
vt 0.142272 0.961675
vt 0.208334 0.010974
vt 0.208334 0.961675
vt 0.010146 0.010974
vt 0.043176 0.010974
vt 0.043176 0.961675
vt 0.010146 0.961675
vt 0.076207 0.010974
vt 0.076207 0.961675
vt 0.109239 0.010974
vt 0.109239 0.961675
vt 0.142272 0.010974
vt 0.043176 0.010974
vt 0.109239 0.010974
vt 0.142272 0.010974
vt 0.175303 0.010974
vt 0.175303 0.961675
vt 0.142272 0.961675
vt 0.208334 0.010974
vt 0.208334 0.961675
vt 0.010146 0.010974
vt 0.043176 0.010974
vt 0.043176 0.961675
vt 0.010146 0.961675
vt 0.076207 0.010974
vt 0.076207 0.961675
vt 0.109239 0.010974
vt 0.109239 0.961675
vt 0.142272 0.010974
vt 0.043176 0.010974
vt 0.109239 0.010974
vt 0.142272 0.010974
vt 0.175303 0.010974
vt 0.175303 0.961675
vt 0.142272 0.961675
vt 0.208334 0.010974
vt 0.208334 0.961675
vt 0.010146 0.010974
vt 0.043176 0.010974
vt 0.043176 0.961675
vt 0.010146 0.961675
vt 0.076207 0.010974
vt 0.076207 0.961675
vt 0.109239 0.010974
vt 0.109239 0.961675
vt 0.142272 0.010974
vt 0.043176 0.010974
vt 0.109239 0.010974
vt 0.184584 -1.460172
vt 0.210449 -1.460172
vt 0.210449 3.440999
vt 0.184584 3.440999
vt 0.003511 -1.460172
vt 0.029376 -1.460172
vt 0.029376 3.440999
vt 0.003510 3.440999
vt 0.055243 -1.460172
vt 0.055243 3.440999
vt 0.081111 -1.460172
vt 0.081111 3.440999
vt 0.106980 -1.460172
vt 0.106980 3.440999
vt 0.132849 -1.460172
vt 0.132849 3.440999
vt 0.158717 -1.460172
vt 0.158717 3.440999
vt 0.142272 0.010974
vt 0.175303 0.010974
vt 0.175303 0.961675
vt 0.142272 0.961675
vt 0.208334 0.010974
vt 0.208334 0.961675
vt 0.010146 0.010974
vt 0.043176 0.010974
vt 0.043176 0.961675
vt 0.010146 0.961675
vt 0.076207 0.010974
vt 0.076207 0.961675
vt 0.109239 0.010974
vt 0.109239 0.961675
vt 0.142272 0.010974
vt 0.175303 0.010974
vt 0.175303 0.961675
vt 0.142272 0.961675
vt 0.208334 0.010974
vt 0.208334 0.961675
vt 0.010146 0.010974
vt 0.043176 0.010974
vt 0.043176 0.961675
vt 0.010146 0.961675
vt 0.076207 0.010974
vt 0.076207 0.961675
vt 0.109239 0.010974
vt 0.109239 0.961675
vt 0.142272 0.010974
vt 0.175303 0.010974
vt 0.175303 0.961675
vt 0.142272 0.961675
vt 0.208334 0.010974
vt 0.208334 0.961675
vt 0.010146 0.010974
vt 0.043176 0.010974
vt 0.043176 0.961675
vt 0.010146 0.961675
vt 0.076207 0.010974
vt 0.076207 0.961675
vt 0.109239 0.010974
vt 0.109239 0.961675
vt 0.142272 0.010974
vt 0.175303 0.010974
vt 0.175303 0.961675
vt 0.142272 0.961675
vt 0.208334 0.010974
vt 0.208334 0.961675
vt 0.010146 0.010974
vt 0.043176 0.010974
vt 0.043176 0.961675
vt 0.010146 0.961675
vt 0.076207 0.010974
vt 0.076207 0.961675
vt 0.109239 0.010974
vt 0.109239 0.961675
vt 0.142272 0.010974
vt 0.175303 0.010974
vt 0.175303 0.961675
vt 0.142272 0.961675
vt 0.208334 0.010974
vt 0.208334 0.961675
vt 0.010146 0.010974
vt 0.043176 0.010974
vt 0.043176 0.961675
vt 0.010146 0.961675
vt 0.076207 0.010974
vt 0.076207 0.961675
vt 0.109239 0.010974
vt 0.109239 0.961675
vt 0.142272 0.010974
vt 0.175303 0.010974
vt 0.175303 0.961675
vt 0.142272 0.961675
vt 0.208334 0.010974
vt 0.208334 0.961675
vt 0.010146 0.010974
vt 0.043176 0.010974
vt 0.043176 0.961675
vt 0.010146 0.961675
vt 0.076207 0.010974
vt 0.076207 0.961675
vt 0.109239 0.010974
vt 0.109239 0.961675
vt 0.142272 0.010974
vt 0.175303 0.010974
vt 0.175303 0.961675
vt 0.142272 0.961675
vt 0.208334 0.010974
vt 0.208334 0.961675
vt 0.010146 0.010974
vt 0.043176 0.010974
vt 0.043176 0.961675
vt 0.010146 0.961675
vt 0.076207 0.010974
vt 0.076207 0.961675
vt 0.109239 0.010974
vt 0.109239 0.961675
vt 0.142272 0.010974
vt 0.175303 0.010974
vt 0.175303 0.961675
vt 0.142272 0.961675
vt 0.208334 0.010974
vt 0.208334 0.961675
vt 0.010146 0.010974
vt 0.043176 0.010974
vt 0.043176 0.961675
vt 0.010146 0.961675
vt 0.076207 0.010974
vt 0.076207 0.961675
vt 0.109239 0.010974
vt 0.109239 0.961675
vt 0.142272 0.010974
vt 0.175303 0.010974
vt 0.175303 0.961675
vt 0.142272 0.961675
vt 0.208334 0.010974
vt 0.208334 0.961675
vt 0.010146 0.010974
vt 0.043176 0.010974
vt 0.043176 0.961675
vt 0.010146 0.961675
vt 0.076207 0.010974
vt 0.076207 0.961675
vt 0.109239 0.010974
vt 0.109239 0.961675
vt 0.142272 0.010974
vt 0.175303 0.010974
vt 0.175303 0.961675
vt 0.142272 0.961675
vt 0.208334 0.010974
vt 0.208334 0.961675
vt 0.010146 0.010974
vt 0.043176 0.010974
vt 0.043176 0.961675
vt 0.010146 0.961675
vt 0.076207 0.010974
vt 0.076207 0.961675
vt 0.109239 0.010974
vt 0.109239 0.961675
vt 0.142272 0.010974
vt 0.175303 0.010974
vt 0.175303 0.961675
vt 0.142272 0.961675
vt 0.208334 0.010974
vt 0.208334 0.961675
vt 0.010146 0.010974
vt 0.043176 0.010974
vt 0.043176 0.961675
vt 0.010146 0.961675
vt 0.076207 0.010974
vt 0.076207 0.961675
vt 0.109239 0.010974
vt 0.109239 0.961675
vt 0.142272 0.010974
vt 0.175303 0.010974
vt 0.175303 0.961675
vt 0.142272 0.961675
vt 0.208334 0.010974
vt 0.208334 0.961675
vt 0.010146 0.010974
vt 0.043176 0.010974
vt 0.043176 0.961675
vt 0.010146 0.961675
vt 0.076207 0.010974
vt 0.076207 0.961675
vt 0.109239 0.010974
vt 0.109239 0.961675
vt 0.142272 0.010974
vt 0.175303 0.010974
vt 0.175303 0.961675
vt 0.142272 0.961675
vt 0.208334 0.010974
vt 0.208334 0.961675
vt 0.010146 0.010974
vt 0.043176 0.010974
vt 0.043176 0.961675
vt 0.010146 0.961675
vt 0.076207 0.010974
vt 0.076207 0.961675
vt 0.109239 0.010974
vt 0.109239 0.961675
vt 0.142272 0.010974
vt 0.175303 0.010974
vt 0.175303 0.961675
vt 0.142272 0.961675
vt 0.208334 0.010974
vt 0.208334 0.961675
vt 0.010146 0.010974
vt 0.043176 0.010974
vt 0.043176 0.961675
vt 0.010146 0.961675
vt 0.076207 0.010974
vt 0.076207 0.961675
vt 0.109239 0.010974
vt 0.109239 0.961675
vt 0.184584 -1.460172
vt 0.210449 -1.460172
vt 0.210449 3.440999
vt 0.184584 3.440999
vt 0.003511 -1.460172
vt 0.029376 -1.460172
vt 0.029376 3.440999
vt 0.003510 3.440999
vt 0.055243 -1.460172
vt 0.055243 3.440999
vt 0.081111 -1.460172
vt 0.081111 3.440999
vt 0.106980 -1.460172
vt 0.106980 3.440999
vt 0.132849 -1.460172
vt 0.132849 3.440999
vt 0.158717 -1.460172
vt 0.158717 3.440999
vt 0.142272 0.010974
vt 0.175303 0.010974
vt 0.175303 0.961675
vt 0.142272 0.961675
vt 0.208334 0.010974
vt 0.208334 0.961675
vt 0.010146 0.010974
vt 0.043176 0.010974
vt 0.043176 0.961675
vt 0.010146 0.961675
vt 0.076207 0.010974
vt 0.076207 0.961675
vt 0.109239 0.010974
vt 0.109239 0.961675
vt 0.142272 0.010974
vt 0.175303 0.010974
vt 0.175303 0.961675
vt 0.142272 0.961675
vt 0.208334 0.010974
vt 0.208334 0.961675
vt 0.010146 0.010974
vt 0.043176 0.010974
vt 0.043176 0.961675
vt 0.010146 0.961675
vt 0.076207 0.010974
vt 0.076207 0.961675
vt 0.109239 0.010974
vt 0.109239 0.961675
vt 0.142272 0.010974
vt 0.175303 0.010974
vt 0.175303 0.961675
vt 0.142272 0.961675
vt 0.208334 0.010974
vt 0.208334 0.961675
vt 0.010146 0.010974
vt 0.043176 0.010974
vt 0.043176 0.961675
vt 0.010146 0.961675
vt 0.076207 0.010974
vt 0.076207 0.961675
vt 0.109239 0.010974
vt 0.109239 0.961675
vt 0.142272 0.010974
vt 0.175303 0.010974
vt 0.175303 0.961675
vt 0.142272 0.961675
vt 0.208334 0.010974
vt 0.208334 0.961675
vt 0.010146 0.010974
vt 0.043176 0.010974
vt 0.043176 0.961675
vt 0.010146 0.961675
vt 0.076207 0.010974
vt 0.076207 0.961675
vt 0.109239 0.010974
vt 0.109239 0.961675
vt 0.142272 0.010974
vt 0.175303 0.010974
vt 0.175303 0.961675
vt 0.142272 0.961675
vt 0.208334 0.010974
vt 0.208334 0.961675
vt 0.010146 0.010974
vt 0.043176 0.010974
vt 0.043176 0.961675
vt 0.010146 0.961675
vt 0.076207 0.010974
vt 0.076207 0.961675
vt 0.109239 0.010974
vt 0.109239 0.961675
vt 0.142272 0.010974
vt 0.175303 0.010974
vt 0.175303 0.961675
vt 0.142272 0.961675
vt 0.208334 0.010974
vt 0.208334 0.961675
vt 0.010146 0.010974
vt 0.043176 0.010974
vt 0.043176 0.961675
vt 0.010146 0.961675
vt 0.076207 0.010974
vt 0.076207 0.961675
vt 0.109239 0.010974
vt 0.109239 0.961675
vt 0.142272 0.010974
vt 0.175303 0.010974
vt 0.175303 0.961675
vt 0.142272 0.961675
vt 0.208334 0.010974
vt 0.208334 0.961675
vt 0.010146 0.010974
vt 0.043176 0.010974
vt 0.043176 0.961675
vt 0.010146 0.961675
vt 0.076207 0.010974
vt 0.076207 0.961675
vt 0.109239 0.010974
vt 0.109239 0.961675
vt 0.142272 0.010974
vt 0.175303 0.010974
vt 0.175303 0.961675
vt 0.142272 0.961675
vt 0.208334 0.010974
vt 0.208334 0.961675
vt 0.010146 0.010974
vt 0.043176 0.010974
vt 0.043176 0.961675
vt 0.010146 0.961675
vt 0.076207 0.010974
vt 0.076207 0.961675
vt 0.109239 0.010974
vt 0.109239 0.961675
vt 0.142272 0.010974
vt 0.175303 0.010974
vt 0.175303 0.961675
vt 0.142272 0.961675
vt 0.208334 0.010974
vt 0.208334 0.961675
vt 0.010146 0.010974
vt 0.043176 0.010974
vt 0.043176 0.961675
vt 0.010146 0.961675
vt 0.076207 0.010974
vt 0.076207 0.961675
vt 0.109239 0.010974
vt 0.109239 0.961675
vt 0.142272 0.010974
vt 0.175303 0.010974
vt 0.175303 0.961675
vt 0.142272 0.961675
vt 0.208334 0.010974
vt 0.208334 0.961675
vt 0.010146 0.010974
vt 0.043176 0.010974
vt 0.043176 0.961675
vt 0.010146 0.961675
vt 0.076207 0.010974
vt 0.076207 0.961675
vt 0.109239 0.010974
vt 0.109239 0.961675
vt 0.142272 0.010974
vt 0.175303 0.010974
vt 0.175303 0.961675
vt 0.142272 0.961675
vt 0.208334 0.010974
vt 0.208334 0.961675
vt 0.010146 0.010974
vt 0.043176 0.010974
vt 0.043176 0.961675
vt 0.010146 0.961675
vt 0.076207 0.010974
vt 0.076207 0.961675
vt 0.109239 0.010974
vt 0.109239 0.961675
vt 0.142272 0.010974
vt 0.175303 0.010974
vt 0.175303 0.961675
vt 0.142272 0.961675
vt 0.208334 0.010974
vt 0.208334 0.961675
vt 0.010146 0.010974
vt 0.043176 0.010974
vt 0.043176 0.961675
vt 0.010146 0.961675
vt 0.076207 0.010974
vt 0.076207 0.961675
vt 0.109239 0.010974
vt 0.109239 0.961675
vt 0.142272 0.010974
vt 0.175303 0.010974
vt 0.175303 0.961675
vt 0.142272 0.961675
vt 0.208334 0.010974
vt 0.208334 0.961675
vt 0.010146 0.010974
vt 0.043176 0.010974
vt 0.043176 0.961675
vt 0.010146 0.961675
vt 0.076207 0.010974
vt 0.076207 0.961675
vt 0.109239 0.010974
vt 0.109239 0.961675
vt 0.142272 0.010974
vt 0.175303 0.010974
vt 0.175303 0.961675
vt 0.142272 0.961675
vt 0.208334 0.010974
vt 0.208334 0.961675
vt 0.010146 0.010974
vt 0.043176 0.010974
vt 0.043176 0.961675
vt 0.010146 0.961675
vt 0.076207 0.010974
vt 0.076207 0.961675
vt 0.109239 0.010974
vt 0.109239 0.961675
vt 0.184584 -1.460172
vt 0.210449 -1.460172
vt 0.210449 3.440999
vt 0.184584 3.440999
vt 0.003511 -1.460172
vt 0.029376 -1.460172
vt 0.029376 3.440999
vt 0.003510 3.440999
vt 0.055243 -1.460172
vt 0.055243 3.440999
vt 0.081111 -1.460172
vt 0.081111 3.440999
vt 0.106980 -1.460172
vt 0.106980 3.440999
vt 0.132849 -1.460172
vt 0.132849 3.440999
vt 0.158717 -1.460172
vt 0.158717 3.440999
vt 0.142272 0.010974
vt 0.175303 0.010974
vt 0.175303 0.961675
vt 0.142272 0.961675
vt 0.208334 0.010974
vt 0.208334 0.961675
vt 0.010146 0.010974
vt 0.043176 0.010974
vt 0.043176 0.961675
vt 0.010146 0.961675
vt 0.076207 0.010974
vt 0.076207 0.961675
vt 0.109239 0.010974
vt 0.109239 0.961675
vt 0.142272 0.010974
vt 0.175303 0.010974
vt 0.175303 0.961675
vt 0.142272 0.961675
vt 0.208334 0.010974
vt 0.208334 0.961675
vt 0.010146 0.010974
vt 0.043176 0.010974
vt 0.043176 0.961675
vt 0.010146 0.961675
vt 0.076207 0.010974
vt 0.076207 0.961675
vt 0.109239 0.010974
vt 0.109239 0.961675
vt 0.142272 0.010974
vt 0.175303 0.010974
vt 0.175303 0.961675
vt 0.142272 0.961675
vt 0.208334 0.010974
vt 0.208334 0.961675
vt 0.010146 0.010974
vt 0.043176 0.010974
vt 0.043176 0.961675
vt 0.010146 0.961675
vt 0.076207 0.010974
vt 0.076207 0.961675
vt 0.109239 0.010974
vt 0.109239 0.961675
vt 0.142272 0.010974
vt 0.175303 0.010974
vt 0.175303 0.961675
vt 0.142272 0.961675
vt 0.208334 0.010974
vt 0.208334 0.961675
vt 0.010146 0.010974
vt 0.043176 0.010974
vt 0.043176 0.961675
vt 0.010146 0.961675
vt 0.076207 0.010974
vt 0.076207 0.961675
vt 0.109239 0.010974
vt 0.109239 0.961675
vt 0.142272 0.010974
vt 0.175303 0.010974
vt 0.175303 0.961675
vt 0.142272 0.961675
vt 0.208334 0.010974
vt 0.208334 0.961675
vt 0.010146 0.010974
vt 0.043176 0.010974
vt 0.043176 0.961675
vt 0.010146 0.961675
vt 0.076207 0.010974
vt 0.076207 0.961675
vt 0.109239 0.010974
vt 0.109239 0.961675
vt 0.142272 0.010974
vt 0.175303 0.010974
vt 0.175303 0.961675
vt 0.142272 0.961675
vt 0.208334 0.010974
vt 0.208334 0.961675
vt 0.010146 0.010974
vt 0.043176 0.010974
vt 0.043176 0.961675
vt 0.010146 0.961675
vt 0.076207 0.010974
vt 0.076207 0.961675
vt 0.109239 0.010974
vt 0.109239 0.961675
vt 0.142272 0.010974
vt 0.175303 0.010974
vt 0.175303 0.961675
vt 0.142272 0.961675
vt 0.208334 0.010974
vt 0.208334 0.961675
vt 0.010146 0.010974
vt 0.043176 0.010974
vt 0.043176 0.961675
vt 0.010146 0.961675
vt 0.076207 0.010974
vt 0.076207 0.961675
vt 0.109239 0.010974
vt 0.109239 0.961675
vt 0.142272 0.010974
vt 0.175303 0.010974
vt 0.175303 0.961675
vt 0.142272 0.961675
vt 0.208334 0.010974
vt 0.208334 0.961675
vt 0.010146 0.010974
vt 0.043176 0.010974
vt 0.043176 0.961675
vt 0.010146 0.961675
vt 0.076207 0.010974
vt 0.076207 0.961675
vt 0.109239 0.010974
vt 0.109239 0.961675
vt 0.142272 0.010974
vt 0.175303 0.010974
vt 0.175303 0.961675
vt 0.142272 0.961675
vt 0.208334 0.010974
vt 0.208334 0.961675
vt 0.010146 0.010974
vt 0.043176 0.010974
vt 0.043176 0.961675
vt 0.010146 0.961675
vt 0.076207 0.010974
vt 0.076207 0.961675
vt 0.109239 0.010974
vt 0.109239 0.961675
vt 0.142272 0.010974
vt 0.175303 0.010974
vt 0.175303 0.961675
vt 0.142272 0.961675
vt 0.208334 0.010974
vt 0.208334 0.961675
vt 0.010146 0.010974
vt 0.043176 0.010974
vt 0.043176 0.961675
vt 0.010146 0.961675
vt 0.076207 0.010974
vt 0.076207 0.961675
vt 0.109239 0.010974
vt 0.109239 0.961675
vt 0.142272 0.010974
vt 0.175303 0.010974
vt 0.175303 0.961675
vt 0.142272 0.961675
vt 0.208334 0.010974
vt 0.208334 0.961675
vt 0.010146 0.010974
vt 0.043176 0.010974
vt 0.043176 0.961675
vt 0.010146 0.961675
vt 0.076207 0.010974
vt 0.076207 0.961675
vt 0.109239 0.010974
vt 0.109239 0.961675
vt 0.142272 0.010974
vt 0.175303 0.010974
vt 0.175303 0.961675
vt 0.142272 0.961675
vt 0.208334 0.010974
vt 0.208334 0.961675
vt 0.010146 0.010974
vt 0.043176 0.010974
vt 0.043176 0.961675
vt 0.010146 0.961675
vt 0.076207 0.010974
vt 0.076207 0.961675
vt 0.109239 0.010974
vt 0.109239 0.961675
vt 0.142272 0.010974
vt 0.175303 0.010974
vt 0.175303 0.961675
vt 0.142272 0.961675
vt 0.208334 0.010974
vt 0.208334 0.961675
vt 0.010146 0.010974
vt 0.043176 0.010974
vt 0.043176 0.961675
vt 0.010146 0.961675
vt 0.076207 0.010974
vt 0.076207 0.961675
vt 0.109239 0.010974
vt 0.109239 0.961675
vt 0.142272 0.010974
vt 0.175303 0.010974
vt 0.175303 0.961675
vt 0.142272 0.961675
vt 0.208334 0.010974
vt 0.208334 0.961675
vt 0.010146 0.010974
vt 0.043176 0.010974
vt 0.043176 0.961675
vt 0.010146 0.961675
vt 0.076207 0.010974
vt 0.076207 0.961675
vt 0.109239 0.010974
vt 0.109239 0.961675
vt 0.157151 0.118422
vt 0.120542 0.118422
vt 0.120542 0.000000
vt 0.157151 0.000000
vt 0.193760 0.118422
vt 0.193760 0.000000
vt 0.047324 0.118422
vt 0.010715 0.118422
vt 0.010715 0.000000
vt 0.047324 0.000000
vt 0.083933 0.118422
vt 0.083933 0.000000
vt 0.238952 0.026828
vt 0.606196 0.026828
vt 0.530249 0.204033
vt 0.314899 0.204033
vt 0.606196 0.026828
vt 0.530249 0.204033
vt 0.314899 0.204033
vt 0.238952 0.026828
vt 0.198690 -0.283375
vt 0.198690 0.534113
vt 0.021653 0.534113
vt 0.021653 -0.283375
vt 0.198690 -0.349676
vt 0.198690 0.563455
vt 0.021653 0.563455
vt 0.021653 -0.349677
vt 0.198690 -0.278286
vt 0.198690 0.539201
vt 0.021653 0.539201
vt 0.021653 -0.278286
vt 0.238952 0.026828
vt 0.314899 0.204033
vt 0.530249 0.204033
vt 0.606196 0.026828
vt 0.606196 0.026828
vt 0.238952 0.026828
vt 0.314899 0.204033
vt 0.530249 0.204033
vt 0.198690 -0.283375
vt 0.021653 -0.283375
vt 0.021653 0.534113
vt 0.198690 0.534113
vt 0.198690 -0.349676
vt 0.021653 -0.349677
vt 0.021653 0.563455
vt 0.198690 0.563455
vt 0.198690 -0.278286
vt 0.021653 -0.278286
vt 0.021653 0.539201
vt 0.198690 0.539201
vt 0.703723 0.943564
vt 0.714051 0.982106
vt 0.614198 0.995252
vt 0.614198 0.955350
vt 0.787148 0.909008
vt 0.807099 0.943564
vt 0.858787 0.854038
vt 0.887001 0.882253
vt 0.913757 0.782400
vt 0.948312 0.802350
vt 0.948312 0.698975
vt 0.986854 0.709302
vt 0.960099 0.609449
vt 1.000000 0.609449
vt 0.948312 0.519924
vt 0.986854 0.509596
vt 0.913757 0.436499
vt 0.948312 0.416548
vt 0.858787 0.364860
vt 0.887001 0.336646
vt 0.787148 0.309890
vt 0.807099 0.275335
vt 0.703723 0.275335
vt 0.714051 0.236793
vt 0.614198 0.263548
vt 0.614198 0.223647
vt 0.524672 0.275335
vt 0.514345 0.236793
vt 0.441247 0.309890
vt 0.421297 0.275334
vt 0.369609 0.364860
vt 0.341394 0.336646
vt 0.314639 0.436498
vt 0.280083 0.416548
vt 0.280083 0.519923
vt 0.241541 0.509596
vt 0.268297 0.609449
vt 0.228395 0.609449
vt 0.280083 0.698975
vt 0.241541 0.709302
vt 0.314638 0.782399
vt 0.280083 0.802350
vt 0.369608 0.854038
vt 0.341394 0.882253
vt 0.441247 0.909008
vt 0.421296 0.943564
vt 0.524671 0.943564
vt 0.514344 0.982106
vt 0.687295 0.882253
vt 0.614198 0.891876
vt 0.755411 0.854038
vt 0.813904 0.809155
vt 0.858787 0.750663
vt 0.887001 0.682547
vt 0.896625 0.609449
vt 0.887001 0.536352
vt 0.858787 0.468236
vt 0.813904 0.409743
vt 0.755411 0.364860
vt 0.687295 0.336646
vt 0.614198 0.327022
vt 0.541100 0.336646
vt 0.472984 0.364860
vt 0.414492 0.409743
vt 0.369609 0.468236
vt 0.341394 0.536352
vt 0.331771 0.609449
vt 0.341394 0.682546
vt 0.369608 0.750663
vt 0.414491 0.809155
vt 0.472984 0.854038
vt 0.541100 0.882253
vt 0.665885 0.802351
vt 0.614198 0.809155
vt 0.714051 0.782400
vt 0.755411 0.750663
vt 0.787148 0.709302
vt 0.807099 0.661137
vt 0.813904 0.609449
vt 0.807099 0.557761
vt 0.787148 0.509596
vt 0.755411 0.468236
vt 0.714051 0.436499
vt 0.665885 0.416548
vt 0.614198 0.409743
vt 0.562510 0.416548
vt 0.514345 0.436499
vt 0.472984 0.468236
vt 0.441247 0.509596
vt 0.421296 0.557761
vt 0.414491 0.609449
vt 0.421296 0.661137
vt 0.441247 0.709302
vt 0.472984 0.750663
vt 0.514344 0.782400
vt 0.562510 0.802351
vt 0.640953 0.709302
vt 0.614198 0.712825
vt 0.665885 0.698975
vt 0.687295 0.682547
vt 0.703723 0.661137
vt 0.714051 0.636205
vt 0.717573 0.609449
vt 0.714051 0.582694
vt 0.703723 0.557761
vt 0.687295 0.536352
vt 0.665885 0.519923
vt 0.640953 0.509596
vt 0.614198 0.506074
vt 0.587442 0.509596
vt 0.562510 0.519923
vt 0.541100 0.536352
vt 0.524672 0.557761
vt 0.514345 0.582694
vt 0.510822 0.609449
vt 0.514344 0.636205
vt 0.524672 0.661137
vt 0.541100 0.682547
vt 0.562510 0.698975
vt 0.587442 0.709302
vt 0.614198 0.609449
vt 0.614198 0.995252
vt 0.714051 0.982106
vt 0.703723 0.943564
vt 0.614198 0.955350
vt 0.807099 0.943564
vt 0.787148 0.909008
vt 0.887001 0.882253
vt 0.858787 0.854038
vt 0.948312 0.802350
vt 0.913757 0.782400
vt 0.986854 0.709302
vt 0.948312 0.698975
vt 1.000000 0.609449
vt 0.960099 0.609449
vt 0.986854 0.509596
vt 0.948312 0.519924
vt 0.948312 0.416548
vt 0.913757 0.436499
vt 0.887001 0.336646
vt 0.858787 0.364860
vt 0.807099 0.275335
vt 0.787148 0.309890
vt 0.714051 0.236793
vt 0.703723 0.275335
vt 0.614198 0.223647
vt 0.614198 0.263548
vt 0.514345 0.236793
vt 0.524672 0.275335
vt 0.421297 0.275334
vt 0.441247 0.309890
vt 0.341394 0.336646
vt 0.369609 0.364860
vt 0.280083 0.416548
vt 0.314639 0.436498
vt 0.241541 0.509596
vt 0.280083 0.519923
vt 0.228395 0.609449
vt 0.268297 0.609449
vt 0.241541 0.709302
vt 0.280083 0.698975
vt 0.280083 0.802350
vt 0.314638 0.782399
vt 0.341394 0.882253
vt 0.369608 0.854038
vt 0.421296 0.943564
vt 0.441247 0.909008
vt 0.514344 0.982106
vt 0.524671 0.943564
vt 0.687295 0.882253
vt 0.614198 0.891876
vt 0.755411 0.854038
vt 0.813904 0.809155
vt 0.858787 0.750663
vt 0.887001 0.682547
vt 0.896625 0.609449
vt 0.887001 0.536352
vt 0.858787 0.468236
vt 0.813904 0.409743
vt 0.755411 0.364860
vt 0.687295 0.336646
vt 0.614198 0.327022
vt 0.541100 0.336646
vt 0.472984 0.364860
vt 0.414492 0.409743
vt 0.369609 0.468236
vt 0.341394 0.536352
vt 0.331771 0.609449
vt 0.341394 0.682546
vt 0.369608 0.750663
vt 0.414491 0.809155
vt 0.472984 0.854038
vt 0.541100 0.882253
vt 0.665885 0.802351
vt 0.614198 0.809155
vt 0.714051 0.782400
vt 0.755411 0.750663
vt 0.787148 0.709302
vt 0.807099 0.661137
vt 0.813904 0.609449
vt 0.807099 0.557761
vt 0.787148 0.509596
vt 0.755411 0.468236
vt 0.714051 0.436499
vt 0.665885 0.416548
vt 0.614198 0.409743
vt 0.562510 0.416548
vt 0.514345 0.436499
vt 0.472984 0.468236
vt 0.441247 0.509596
vt 0.421296 0.557761
vt 0.414491 0.609449
vt 0.421296 0.661137
vt 0.441247 0.709302
vt 0.472984 0.750663
vt 0.514344 0.782400
vt 0.562510 0.802351
vt 0.640953 0.709302
vt 0.614198 0.712825
vt 0.665885 0.698975
vt 0.687295 0.682547
vt 0.703723 0.661137
vt 0.714051 0.636205
vt 0.717573 0.609449
vt 0.714051 0.582694
vt 0.703723 0.557761
vt 0.687295 0.536352
vt 0.665885 0.519923
vt 0.640953 0.509596
vt 0.614198 0.506074
vt 0.587442 0.509596
vt 0.562510 0.519923
vt 0.541100 0.536352
vt 0.524672 0.557761
vt 0.514345 0.582694
vt 0.510822 0.609449
vt 0.514344 0.636205
vt 0.524672 0.661137
vt 0.541100 0.682547
vt 0.562510 0.698975
vt 0.587442 0.709302
vt 0.614198 0.609449
vt 0.613974 0.989813
vt 0.515124 0.976799
vt 0.518909 0.962674
vt 0.613974 0.975189
vt 0.423011 0.938645
vt 0.430323 0.925980
vt 0.343911 0.877949
vt 0.354252 0.867609
vt 0.283216 0.798850
vt 0.295881 0.791538
vt 0.245062 0.706736
vt 0.259187 0.702952
vt 0.232048 0.607887
vt 0.246671 0.607887
vt 0.245061 0.509037
vt 0.259187 0.512822
vt 0.283216 0.416923
vt 0.295881 0.424235
vt 0.343911 0.337824
vt 0.354252 0.348164
vt 0.423011 0.277128
vt 0.430323 0.289793
vt 0.515124 0.238974
vt 0.518909 0.253099
vt 0.613974 0.225960
vt 0.613974 0.240584
vt 0.712824 0.238974
vt 0.709039 0.253099
vt 0.804937 0.277128
vt 0.797625 0.289793
vt 0.884037 0.337824
vt 0.873696 0.348164
vt 0.944732 0.416923
vt 0.932068 0.424235
vt 0.982887 0.509036
vt 0.968762 0.512821
vt 0.995901 0.607886
vt 0.981277 0.607886
vt 0.982887 0.706736
vt 0.968762 0.702951
vt 0.944732 0.798850
vt 0.932068 0.791538
vt 0.884037 0.877949
vt 0.873697 0.867609
vt 0.804938 0.938644
vt 0.797626 0.925980
vt 0.712825 0.976799
vt 0.709040 0.962674
vt 0.693417 0.141981
vt 0.650207 0.108971
vt 0.668241 0.102810
vt 0.693417 0.122043
vt 0.666712 0.055561
vt 0.677857 0.071691
vt 0.720122 0.055561
vt 0.708977 0.071691
vt 0.736627 0.108971
vt 0.718593 0.102810
vt 0.693417 0.122043
vt 0.668241 0.102810
vt 0.668241 0.102810
vt 0.693417 0.122043
vt 0.650207 0.108971
vt 0.693417 0.141981
vt 0.693417 0.141981
vt 0.650207 0.108971
vt 0.677857 0.071691
vt 0.677857 0.071691
vt 0.666712 0.055561
vt 0.666712 0.055561
vt 0.708977 0.071691
vt 0.708976 0.071691
vt 0.720122 0.055561
vt 0.720122 0.055561
vt 0.718593 0.102810
vt 0.718593 0.102810
vt 0.736627 0.108971
vt 0.736627 0.108971
vt 0.802994 0.139816
vt 0.802994 0.122043
vt 0.777818 0.102810
vt 0.761742 0.108303
vt 0.787434 0.071691
vt 0.777499 0.057312
vt 0.818553 0.071691
vt 0.828489 0.057312
vt 0.828170 0.102810
vt 0.844246 0.108303
vt 0.802994 0.128506
vt 0.771972 0.104808
vt 0.802994 0.094209
vt 0.783821 0.066462
vt 0.822166 0.066462
vt 0.834016 0.104808
vt 0.157151 0.118422
vt 0.120542 0.118422
vt 0.120542 0.000000
vt 0.157151 0.000000
vt 0.193760 0.118422
vt 0.193760 0.000000
vt 0.047324 0.118422
vt 0.010715 0.118422
vt 0.010715 0.000000
vt 0.047324 0.000000
vt 0.083933 0.118422
vt 0.083933 0.000000
vt 0.238952 0.026828
vt 0.606196 0.026828
vt 0.530249 0.204033
vt 0.314899 0.204033
vt 0.606196 0.026828
vt 0.530249 0.204033
vt 0.314899 0.204033
vt 0.238952 0.026828
vt 0.198690 -0.283375
vt 0.198690 0.534113
vt 0.021653 0.534113
vt 0.021653 -0.283375
vt 0.198690 -0.349676
vt 0.198690 0.563455
vt 0.021653 0.563455
vt 0.021653 -0.349677
vt 0.198690 -0.278286
vt 0.198690 0.539201
vt 0.021653 0.539201
vt 0.021653 -0.278286
vt 0.238952 0.026828
vt 0.314899 0.204033
vt 0.530249 0.204033
vt 0.606196 0.026828
vt 0.606196 0.026828
vt 0.238952 0.026828
vt 0.314899 0.204033
vt 0.530249 0.204033
vt 0.198690 -0.283375
vt 0.021653 -0.283375
vt 0.021653 0.534113
vt 0.198690 0.534113
vt 0.198690 -0.349676
vt 0.021653 -0.349677
vt 0.021653 0.563455
vt 0.198690 0.563455
vt 0.198690 -0.278286
vt 0.021653 -0.278286
vt 0.021653 0.539201
vt 0.198690 0.539201
vt 0.703723 0.943564
vt 0.714051 0.982106
vt 0.614198 0.995252
vt 0.614198 0.955350
vt 0.787148 0.909008
vt 0.807099 0.943564
vt 0.858787 0.854038
vt 0.887001 0.882253
vt 0.913757 0.782400
vt 0.948312 0.802350
vt 0.948312 0.698975
vt 0.986854 0.709302
vt 0.960099 0.609449
vt 1.000000 0.609449
vt 0.948312 0.519924
vt 0.986854 0.509596
vt 0.913757 0.436499
vt 0.948312 0.416548
vt 0.858787 0.364860
vt 0.887001 0.336646
vt 0.787148 0.309890
vt 0.807099 0.275335
vt 0.703723 0.275335
vt 0.714051 0.236793
vt 0.614198 0.263548
vt 0.614198 0.223647
vt 0.524672 0.275335
vt 0.514345 0.236793
vt 0.441247 0.309890
vt 0.421297 0.275334
vt 0.369609 0.364860
vt 0.341394 0.336646
vt 0.314639 0.436498
vt 0.280083 0.416548
vt 0.280083 0.519923
vt 0.241541 0.509596
vt 0.268297 0.609449
vt 0.228395 0.609449
vt 0.280083 0.698975
vt 0.241541 0.709302
vt 0.314638 0.782399
vt 0.280083 0.802350
vt 0.369608 0.854038
vt 0.341394 0.882253
vt 0.441247 0.909008
vt 0.421296 0.943564
vt 0.524671 0.943564
vt 0.514344 0.982106
vt 0.687295 0.882253
vt 0.614198 0.891876
vt 0.755411 0.854038
vt 0.813904 0.809155
vt 0.858787 0.750663
vt 0.887001 0.682547
vt 0.896625 0.609449
vt 0.887001 0.536352
vt 0.858787 0.468236
vt 0.813904 0.409743
vt 0.755411 0.364860
vt 0.687295 0.336646
vt 0.614198 0.327022
vt 0.541100 0.336646
vt 0.472984 0.364860
vt 0.414492 0.409743
vt 0.369609 0.468236
vt 0.341394 0.536352
vt 0.331771 0.609449
vt 0.341394 0.682546
vt 0.369608 0.750663
vt 0.414491 0.809155
vt 0.472984 0.854038
vt 0.541100 0.882253
vt 0.665885 0.802351
vt 0.614198 0.809155
vt 0.714051 0.782400
vt 0.755411 0.750663
vt 0.787148 0.709302
vt 0.807099 0.661137
vt 0.813904 0.609449
vt 0.807099 0.557761
vt 0.787148 0.509596
vt 0.755411 0.468236
vt 0.714051 0.436499
vt 0.665885 0.416548
vt 0.614198 0.409743
vt 0.562510 0.416548
vt 0.514345 0.436499
vt 0.472984 0.468236
vt 0.441247 0.509596
vt 0.421296 0.557761
vt 0.414491 0.609449
vt 0.421296 0.661137
vt 0.441247 0.709302
vt 0.472984 0.750663
vt 0.514344 0.782400
vt 0.562510 0.802351
vt 0.640953 0.709302
vt 0.614198 0.712825
vt 0.665885 0.698975
vt 0.687295 0.682547
vt 0.703723 0.661137
vt 0.714051 0.636205
vt 0.717573 0.609449
vt 0.714051 0.582694
vt 0.703723 0.557761
vt 0.687295 0.536352
vt 0.665885 0.519923
vt 0.640953 0.509596
vt 0.614198 0.506074
vt 0.587442 0.509596
vt 0.562510 0.519923
vt 0.541100 0.536352
vt 0.524672 0.557761
vt 0.514345 0.582694
vt 0.510822 0.609449
vt 0.514344 0.636205
vt 0.524672 0.661137
vt 0.541100 0.682547
vt 0.562510 0.698975
vt 0.587442 0.709302
vt 0.614198 0.609449
vt 0.614198 0.995252
vt 0.714051 0.982106
vt 0.703723 0.943564
vt 0.614198 0.955350
vt 0.807099 0.943564
vt 0.787148 0.909008
vt 0.887001 0.882253
vt 0.858787 0.854038
vt 0.948312 0.802350
vt 0.913757 0.782400
vt 0.986854 0.709302
vt 0.948312 0.698975
vt 1.000000 0.609449
vt 0.960099 0.609449
vt 0.986854 0.509596
vt 0.948312 0.519924
vt 0.948312 0.416548
vt 0.913757 0.436499
vt 0.887001 0.336646
vt 0.858787 0.364860
vt 0.807099 0.275335
vt 0.787148 0.309890
vt 0.714051 0.236793
vt 0.703723 0.275335
vt 0.614198 0.223647
vt 0.614198 0.263548
vt 0.514345 0.236793
vt 0.524672 0.275335
vt 0.421297 0.275334
vt 0.441247 0.309890
vt 0.341394 0.336646
vt 0.369609 0.364860
vt 0.280083 0.416548
vt 0.314639 0.436498
vt 0.241541 0.509596
vt 0.280083 0.519923
vt 0.228395 0.609449
vt 0.268297 0.609449
vt 0.241541 0.709302
vt 0.280083 0.698975
vt 0.280083 0.802350
vt 0.314638 0.782399
vt 0.341394 0.882253
vt 0.369608 0.854038
vt 0.421296 0.943564
vt 0.441247 0.909008
vt 0.514344 0.982106
vt 0.524671 0.943564
vt 0.687295 0.882253
vt 0.614198 0.891876
vt 0.755411 0.854038
vt 0.813904 0.809155
vt 0.858787 0.750663
vt 0.887001 0.682547
vt 0.896625 0.609449
vt 0.887001 0.536352
vt 0.858787 0.468236
vt 0.813904 0.409743
vt 0.755411 0.364860
vt 0.687295 0.336646
vt 0.614198 0.327022
vt 0.541100 0.336646
vt 0.472984 0.364860
vt 0.414492 0.409743
vt 0.369609 0.468236
vt 0.341394 0.536352
vt 0.331771 0.609449
vt 0.341394 0.682546
vt 0.369608 0.750663
vt 0.414491 0.809155
vt 0.472984 0.854038
vt 0.541100 0.882253
vt 0.665885 0.802351
vt 0.614198 0.809155
vt 0.714051 0.782400
vt 0.755411 0.750663
vt 0.787148 0.709302
vt 0.807099 0.661137
vt 0.813904 0.609449
vt 0.807099 0.557761
vt 0.787148 0.509596
vt 0.755411 0.468236
vt 0.714051 0.436499
vt 0.665885 0.416548
vt 0.614198 0.409743
vt 0.562510 0.416548
vt 0.514345 0.436499
vt 0.472984 0.468236
vt 0.441247 0.509596
vt 0.421296 0.557761
vt 0.414491 0.609449
vt 0.421296 0.661137
vt 0.441247 0.709302
vt 0.472984 0.750663
vt 0.514344 0.782400
vt 0.562510 0.802351
vt 0.640953 0.709302
vt 0.614198 0.712825
vt 0.665885 0.698975
vt 0.687295 0.682547
vt 0.703723 0.661137
vt 0.714051 0.636205
vt 0.717573 0.609449
vt 0.714051 0.582694
vt 0.703723 0.557761
vt 0.687295 0.536352
vt 0.665885 0.519923
vt 0.640953 0.509596
vt 0.614198 0.506074
vt 0.587442 0.509596
vt 0.562510 0.519923
vt 0.541100 0.536352
vt 0.524672 0.557761
vt 0.514345 0.582694
vt 0.510822 0.609449
vt 0.514344 0.636205
vt 0.524672 0.661137
vt 0.541100 0.682547
vt 0.562510 0.698975
vt 0.587442 0.709302
vt 0.614198 0.609449
vt 0.613974 0.989813
vt 0.515124 0.976799
vt 0.518909 0.962674
vt 0.613974 0.975189
vt 0.423011 0.938645
vt 0.430323 0.925980
vt 0.343911 0.877949
vt 0.354252 0.867609
vt 0.283216 0.798850
vt 0.295881 0.791538
vt 0.245062 0.706736
vt 0.259187 0.702952
vt 0.232048 0.607887
vt 0.246671 0.607887
vt 0.245061 0.509037
vt 0.259187 0.512822
vt 0.283216 0.416923
vt 0.295881 0.424235
vt 0.343911 0.337824
vt 0.354252 0.348164
vt 0.423011 0.277128
vt 0.430323 0.289793
vt 0.515124 0.238974
vt 0.518909 0.253099
vt 0.613974 0.225960
vt 0.613974 0.240584
vt 0.712824 0.238974
vt 0.709039 0.253099
vt 0.804937 0.277128
vt 0.797625 0.289793
vt 0.884037 0.337824
vt 0.873696 0.348164
vt 0.944732 0.416923
vt 0.932068 0.424235
vt 0.982887 0.509036
vt 0.968762 0.512821
vt 0.995901 0.607886
vt 0.981277 0.607886
vt 0.982887 0.706736
vt 0.968762 0.702951
vt 0.944732 0.798850
vt 0.932068 0.791538
vt 0.884037 0.877949
vt 0.873697 0.867609
vt 0.804938 0.938644
vt 0.797626 0.925980
vt 0.712825 0.976799
vt 0.709040 0.962674
vt 0.693417 0.141981
vt 0.650207 0.108971
vt 0.668241 0.102810
vt 0.693417 0.122043
vt 0.666712 0.055561
vt 0.677857 0.071691
vt 0.720122 0.055561
vt 0.708977 0.071691
vt 0.736627 0.108971
vt 0.718593 0.102810
vt 0.693417 0.122043
vt 0.668241 0.102810
vt 0.668241 0.102810
vt 0.693417 0.122043
vt 0.650207 0.108971
vt 0.693417 0.141981
vt 0.693417 0.141981
vt 0.650207 0.108971
vt 0.677857 0.071691
vt 0.677857 0.071691
vt 0.666712 0.055561
vt 0.666712 0.055561
vt 0.708977 0.071691
vt 0.708976 0.071691
vt 0.720122 0.055561
vt 0.720122 0.055561
vt 0.718593 0.102810
vt 0.718593 0.102810
vt 0.736627 0.108971
vt 0.736627 0.108971
vt 0.802994 0.139816
vt 0.802994 0.122043
vt 0.777818 0.102810
vt 0.761742 0.108303
vt 0.787434 0.071691
vt 0.777499 0.057312
vt 0.818553 0.071691
vt 0.828489 0.057312
vt 0.828170 0.102810
vt 0.844246 0.108303
vt 0.802994 0.128506
vt 0.771972 0.104808
vt 0.802994 0.094209
vt 0.783821 0.066462
vt 0.822166 0.066462
vt 0.834016 0.104808
vt 0.094204 0.571006
vt 0.008373 0.571006
vt 0.008373 0.005920
vt 0.094204 0.005920
vt 0.008373 0.571006
vt 0.094204 0.571006
vt 0.094204 0.005920
vt 0.008373 0.005920
vt 0.094204 0.571006
vt 0.008373 0.571006
vt 0.008373 0.005920
vt 0.094204 0.005920
vt 0.008373 0.571006
vt 0.094204 0.571006
vt 0.094204 0.005920
vt 0.008373 0.005920
vt 0.100495 0.515877
vt 0.006344 0.421539
vt 0.006344 0.085429
vt 0.100495 -0.008910
vt 0.098364 0.468341
vt 0.004213 0.468341
vt 0.004213 0.038626
vt 0.098364 0.038626
vt 0.100495 0.515877
vt 0.006344 0.421539
vt 0.006344 0.085429
vt 0.100495 -0.008910
vt 0.098364 0.563412
vt 0.004213 0.563412
vt 0.004213 -0.056445
vt 0.098364 -0.056445
vt 0.100495 0.515877
vt 0.006344 0.421539
vt 0.006344 0.085429
vt 0.100495 -0.008910
vt 0.098364 0.468341
vt 0.004213 0.468341
vt 0.004213 0.038626
vt 0.098364 0.038626
vt 0.100495 0.515877
vt 0.006344 0.421539
vt 0.006344 0.085429
vt 0.100495 -0.008910
vt 0.098364 0.563412
vt 0.004213 0.563412
vt 0.004213 -0.056445
vt 0.098364 -0.056445
vt 0.100495 0.515877
vt 0.006344 0.421539
vt 0.006344 0.085429
vt 0.100495 -0.008910
vt 0.098364 0.468341
vt 0.004213 0.468341
vt 0.004213 0.038626
vt 0.098364 0.038626
vt 0.100495 0.515877
vt 0.006344 0.421539
vt 0.006344 0.085429
vt 0.100495 -0.008910
vt 0.098364 0.563412
vt 0.004213 0.563412
vt 0.004213 -0.056445
vt 0.098364 -0.056445
vt 0.100495 0.515877
vt 0.006344 0.421539
vt 0.006344 0.085429
vt 0.100495 -0.008910
vt 0.098364 0.468341
vt 0.004213 0.468341
vt 0.004213 0.038626
vt 0.098364 0.038626
vt 0.100495 0.515877
vt 0.006344 0.421539
vt 0.006344 0.085429
vt 0.100495 -0.008910
vt 0.098364 0.563412
vt 0.004213 0.563412
vt 0.004213 -0.056445
vt 0.098364 -0.056445
vt 0.093164 0.571006
vt 0.007332 0.571006
vt 0.007332 0.485175
vt 0.093164 0.485175
vt 0.094204 0.571006
vt 0.008373 0.571006
vt 0.008373 0.005920
vt 0.094204 0.005920
vt 0.008373 0.571006
vt 0.094204 0.571006
vt 0.094204 0.005920
vt 0.008373 0.005920
vt 0.094204 0.571006
vt 0.008373 0.571006
vt 0.008373 0.005920
vt 0.094204 0.005920
vt 0.008373 0.571006
vt 0.094204 0.571006
vt 0.094204 0.005920
vt 0.008373 0.005920
vt 0.775737 0.095994
vt 0.775737 0.069827
vt 0.775737 0.085083
vt 0.775737 0.120679
vt 0.775737 0.127422
vt 0.833333 0.069827
vt 0.833333 0.085083
vt 0.775737 0.085083
vt 0.775737 0.069827
vt 0.833333 0.095994
vt 0.775737 0.095994
vt 0.833333 0.127422
vt 0.775737 0.127422
vt 0.833333 0.120679
vt 0.775737 0.120679
vt 0.833333 0.069827
vt 0.833333 0.095994
vt 0.833333 0.127422
vt 0.833333 0.120679
vt 0.833333 0.085083
vt 0.693417 0.141981
vt 0.650207 0.108971
vt 0.668241 0.102810
vt 0.693417 0.122043
vt 0.666712 0.055561
vt 0.677857 0.071691
vt 0.720122 0.055561
vt 0.708977 0.071691
vt 0.736627 0.108971
vt 0.718593 0.102810
vt 0.693417 0.122043
vt 0.668241 0.102810
vt 0.668241 0.102810
vt 0.693417 0.122043
vt 0.650207 0.108971
vt 0.693417 0.141981
vt 0.693417 0.141981
vt 0.650207 0.108971
vt 0.677857 0.071691
vt 0.677857 0.071691
vt 0.666712 0.055561
vt 0.666712 0.055561
vt 0.708977 0.071691
vt 0.708976 0.071691
vt 0.720122 0.055561
vt 0.720122 0.055561
vt 0.718593 0.102810
vt 0.718593 0.102810
vt 0.736627 0.108971
vt 0.736627 0.108971
vt 0.677857 0.071691
vt 0.708976 0.071691
vt 0.718593 0.102810
vt 0.693417 0.122043
vt 0.668241 0.102810
vt 0.693417 0.141981
vt 0.650207 0.108971
vt 0.668241 0.102810
vt 0.693417 0.122043
vt 0.666712 0.055561
vt 0.677857 0.071691
vt 0.720122 0.055561
vt 0.708977 0.071691
vt 0.736627 0.108971
vt 0.718593 0.102810
vt 0.693417 0.122043
vt 0.668241 0.102810
vt 0.668241 0.102810
vt 0.693417 0.122043
vt 0.650207 0.108971
vt 0.693417 0.141981
vt 0.693417 0.141981
vt 0.650207 0.108971
vt 0.677857 0.071691
vt 0.677857 0.071691
vt 0.666712 0.055561
vt 0.666712 0.055561
vt 0.708977 0.071691
vt 0.708976 0.071691
vt 0.720122 0.055561
vt 0.720122 0.055561
vt 0.718593 0.102810
vt 0.718593 0.102810
vt 0.736627 0.108971
vt 0.736627 0.108971
vt 0.677857 0.071691
vt 0.708976 0.071691
vt 0.718593 0.102810
vt 0.693417 0.122043
vt 0.668241 0.102810
vt 0.775737 0.095994
vt 0.775737 0.069827
vt 0.775737 0.085083
vt 0.775737 0.120679
vt 0.775737 0.127422
vt 0.833333 0.069827
vt 0.833333 0.085083
vt 0.775737 0.085083
vt 0.775737 0.069827
vt 0.833333 0.095994
vt 0.775737 0.095994
vt 0.833333 0.127422
vt 0.775737 0.127422
vt 0.833333 0.120679
vt 0.775737 0.120679
vt 0.833333 0.069827
vt 0.833333 0.095994
vt 0.833333 0.127422
vt 0.833333 0.120679
vt 0.833333 0.085083
vt 0.693417 0.141981
vt 0.650207 0.108971
vt 0.668241 0.102810
vt 0.693417 0.122043
vt 0.666712 0.055561
vt 0.677857 0.071691
vt 0.720122 0.055561
vt 0.708977 0.071691
vt 0.736627 0.108971
vt 0.718593 0.102810
vt 0.693417 0.122043
vt 0.668241 0.102810
vt 0.668241 0.102810
vt 0.693417 0.122043
vt 0.650207 0.108971
vt 0.693417 0.141981
vt 0.693417 0.141981
vt 0.650207 0.108971
vt 0.677857 0.071691
vt 0.677857 0.071691
vt 0.666712 0.055561
vt 0.666712 0.055561
vt 0.708977 0.071691
vt 0.708976 0.071691
vt 0.720122 0.055561
vt 0.720122 0.055561
vt 0.718593 0.102810
vt 0.718593 0.102810
vt 0.736627 0.108971
vt 0.736627 0.108971
vt 0.677857 0.071691
vt 0.708976 0.071691
vt 0.718593 0.102810
vt 0.693417 0.122043
vt 0.668241 0.102810
vt 0.693417 0.141981
vt 0.650207 0.108971
vt 0.668241 0.102810
vt 0.693417 0.122043
vt 0.666712 0.055561
vt 0.677857 0.071691
vt 0.720122 0.055561
vt 0.708977 0.071691
vt 0.736627 0.108971
vt 0.718593 0.102810
vt 0.693417 0.122043
vt 0.668241 0.102810
vt 0.668241 0.102810
vt 0.693417 0.122043
vt 0.650207 0.108971
vt 0.693417 0.141981
vt 0.693417 0.141981
vt 0.650207 0.108971
vt 0.677857 0.071691
vt 0.677857 0.071691
vt 0.666712 0.055561
vt 0.666712 0.055561
vt 0.708977 0.071691
vt 0.708976 0.071691
vt 0.720122 0.055561
vt 0.720122 0.055561
vt 0.718593 0.102810
vt 0.718593 0.102810
vt 0.736627 0.108971
vt 0.736627 0.108971
vt 0.677857 0.071691
vt 0.708976 0.071691
vt 0.718593 0.102810
vt 0.693417 0.122043
vt 0.668241 0.102810
vt 0.094204 0.571006
vt 0.008373 0.571006
vt 0.008373 0.005920
vt 0.094204 0.005920
vt 0.008373 0.571006
vt 0.094204 0.571006
vt 0.094204 0.005920
vt 0.008373 0.005920
vt 0.094204 0.571006
vt 0.008373 0.571006
vt 0.008373 0.005920
vt 0.094204 0.005920
vt 0.008373 0.571006
vt 0.094204 0.571006
vt 0.094204 0.005920
vt 0.008373 0.005920
vt 0.094204 0.571006
vt 0.008373 0.571006
vt 0.008373 0.005920
vt 0.094204 0.005920
vt 0.008373 0.571006
vt 0.094204 0.571006
vt 0.094204 0.005920
vt 0.008373 0.005920
vt 0.094204 0.571006
vt 0.008373 0.571006
vt 0.008373 0.005920
vt 0.094204 0.005920
vt 0.008373 0.571006
vt 0.094204 0.571006
vt 0.094204 0.005920
vt 0.008373 0.005920
vt 0.775737 0.095994
vt 0.775737 0.069827
vt 0.775737 0.085083
vt 0.775737 0.120679
vt 0.775737 0.127422
vt 0.833333 0.069827
vt 0.833333 0.085083
vt 0.775737 0.085083
vt 0.775737 0.069827
vt 0.833333 0.095994
vt 0.775737 0.095994
vt 0.833333 0.127422
vt 0.775737 0.127422
vt 0.833333 0.120679
vt 0.775737 0.120679
vt 0.833333 0.069827
vt 0.833333 0.095994
vt 0.833333 0.127422
vt 0.833333 0.120679
vt 0.833333 0.085083
vt 0.693417 0.141981
vt 0.650207 0.108971
vt 0.668241 0.102810
vt 0.693417 0.122043
vt 0.666712 0.055561
vt 0.677857 0.071691
vt 0.720122 0.055561
vt 0.708977 0.071691
vt 0.736627 0.108971
vt 0.718593 0.102810
vt 0.693417 0.122043
vt 0.668241 0.102810
vt 0.668241 0.102810
vt 0.693417 0.122043
vt 0.650207 0.108971
vt 0.693417 0.141981
vt 0.693417 0.141981
vt 0.650207 0.108971
vt 0.677857 0.071691
vt 0.677857 0.071691
vt 0.666712 0.055561
vt 0.666712 0.055561
vt 0.708977 0.071691
vt 0.708976 0.071691
vt 0.720122 0.055561
vt 0.720122 0.055561
vt 0.718593 0.102810
vt 0.718593 0.102810
vt 0.736627 0.108971
vt 0.736627 0.108971
vt 0.677857 0.071691
vt 0.708976 0.071691
vt 0.718593 0.102810
vt 0.693417 0.122043
vt 0.668241 0.102810
vt 0.693417 0.141981
vt 0.650207 0.108971
vt 0.668241 0.102810
vt 0.693417 0.122043
vt 0.666712 0.055561
vt 0.677857 0.071691
vt 0.720122 0.055561
vt 0.708977 0.071691
vt 0.736627 0.108971
vt 0.718593 0.102810
vt 0.693417 0.122043
vt 0.668241 0.102810
vt 0.668241 0.102810
vt 0.693417 0.122043
vt 0.650207 0.108971
vt 0.693417 0.141981
vt 0.693417 0.141981
vt 0.650207 0.108971
vt 0.677857 0.071691
vt 0.677857 0.071691
vt 0.666712 0.055561
vt 0.666712 0.055561
vt 0.708977 0.071691
vt 0.708976 0.071691
vt 0.720122 0.055561
vt 0.720122 0.055561
vt 0.718593 0.102810
vt 0.718593 0.102810
vt 0.736627 0.108971
vt 0.736627 0.108971
vt 0.677857 0.071691
vt 0.708976 0.071691
vt 0.718593 0.102810
vt 0.693417 0.122043
vt 0.668241 0.102810
vt 0.775737 0.095994
vt 0.775737 0.069827
vt 0.775737 0.085083
vt 0.775737 0.120679
vt 0.775737 0.127422
vt 0.833333 0.069827
vt 0.833333 0.085083
vt 0.775737 0.085083
vt 0.775737 0.069827
vt 0.833333 0.095994
vt 0.775737 0.095994
vt 0.833333 0.127422
vt 0.775737 0.127422
vt 0.833333 0.120679
vt 0.775737 0.120679
vt 0.833333 0.069827
vt 0.833333 0.095994
vt 0.833333 0.127422
vt 0.833333 0.120679
vt 0.833333 0.085083
vt 0.693417 0.141981
vt 0.650207 0.108971
vt 0.668241 0.102810
vt 0.693417 0.122043
vt 0.666712 0.055561
vt 0.677857 0.071691
vt 0.720122 0.055561
vt 0.708977 0.071691
vt 0.736627 0.108971
vt 0.718593 0.102810
vt 0.693417 0.122043
vt 0.668241 0.102810
vt 0.668241 0.102810
vt 0.693417 0.122043
vt 0.650207 0.108971
vt 0.693417 0.141981
vt 0.693417 0.141981
vt 0.650207 0.108971
vt 0.677857 0.071691
vt 0.677857 0.071691
vt 0.666712 0.055561
vt 0.666712 0.055561
vt 0.708977 0.071691
vt 0.708976 0.071691
vt 0.720122 0.055561
vt 0.720122 0.055561
vt 0.718593 0.102810
vt 0.718593 0.102810
vt 0.736627 0.108971
vt 0.736627 0.108971
vt 0.677857 0.071691
vt 0.708976 0.071691
vt 0.718593 0.102810
vt 0.693417 0.122043
vt 0.668241 0.102810
vt 0.693417 0.141981
vt 0.650207 0.108971
vt 0.668241 0.102810
vt 0.693417 0.122043
vt 0.666712 0.055561
vt 0.677857 0.071691
vt 0.720122 0.055561
vt 0.708977 0.071691
vt 0.736627 0.108971
vt 0.718593 0.102810
vt 0.693417 0.122043
vt 0.668241 0.102810
vt 0.668241 0.102810
vt 0.693417 0.122043
vt 0.650207 0.108971
vt 0.693417 0.141981
vt 0.693417 0.141981
vt 0.650207 0.108971
vt 0.677857 0.071691
vt 0.677857 0.071691
vt 0.666712 0.055561
vt 0.666712 0.055561
vt 0.708977 0.071691
vt 0.708976 0.071691
vt 0.720122 0.055561
vt 0.720122 0.055561
vt 0.718593 0.102810
vt 0.718593 0.102810
vt 0.736627 0.108971
vt 0.736627 0.108971
vt 0.677857 0.071691
vt 0.708976 0.071691
vt 0.718593 0.102810
vt 0.693417 0.122043
vt 0.668241 0.102810
vt 0.775737 0.095994
vt 0.775737 0.069827
vt 0.775737 0.085083
vt 0.775737 0.120679
vt 0.775737 0.127422
vt 0.833333 0.069827
vt 0.833333 0.085083
vt 0.775737 0.085083
vt 0.775737 0.069827
vt 0.833333 0.095994
vt 0.775737 0.095994
vt 0.833333 0.127422
vt 0.775737 0.127422
vt 0.833333 0.120679
vt 0.775737 0.120679
vt 0.833333 0.069827
vt 0.833333 0.095994
vt 0.833333 0.127422
vt 0.833333 0.120679
vt 0.833333 0.085083
vt 0.693417 0.141981
vt 0.650207 0.108971
vt 0.668241 0.102810
vt 0.693417 0.122043
vt 0.666712 0.055561
vt 0.677857 0.071691
vt 0.720122 0.055561
vt 0.708977 0.071691
vt 0.736627 0.108971
vt 0.718593 0.102810
vt 0.693417 0.122043
vt 0.668241 0.102810
vt 0.668241 0.102810
vt 0.693417 0.122043
vt 0.650207 0.108971
vt 0.693417 0.141981
vt 0.693417 0.141981
vt 0.650207 0.108971
vt 0.677857 0.071691
vt 0.677857 0.071691
vt 0.666712 0.055561
vt 0.666712 0.055561
vt 0.708977 0.071691
vt 0.708976 0.071691
vt 0.720122 0.055561
vt 0.720122 0.055561
vt 0.718593 0.102810
vt 0.718593 0.102810
vt 0.736627 0.108971
vt 0.736627 0.108971
vt 0.677857 0.071691
vt 0.708976 0.071691
vt 0.718593 0.102810
vt 0.693417 0.122043
vt 0.668241 0.102810
vt 0.693417 0.141981
vt 0.650207 0.108971
vt 0.668241 0.102810
vt 0.693417 0.122043
vt 0.666712 0.055561
vt 0.677857 0.071691
vt 0.720122 0.055561
vt 0.708977 0.071691
vt 0.736627 0.108971
vt 0.718593 0.102810
vt 0.693417 0.122043
vt 0.668241 0.102810
vt 0.668241 0.102810
vt 0.693417 0.122043
vt 0.650207 0.108971
vt 0.693417 0.141981
vt 0.693417 0.141981
vt 0.650207 0.108971
vt 0.677857 0.071691
vt 0.677857 0.071691
vt 0.666712 0.055561
vt 0.666712 0.055561
vt 0.708977 0.071691
vt 0.708976 0.071691
vt 0.720122 0.055561
vt 0.720122 0.055561
vt 0.718593 0.102810
vt 0.718593 0.102810
vt 0.736627 0.108971
vt 0.736627 0.108971
vt 0.677857 0.071691
vt 0.708976 0.071691
vt 0.718593 0.102810
vt 0.693417 0.122043
vt 0.668241 0.102810
vt 0.093164 0.571006
vt 0.007332 0.571006
vt 0.007332 0.485175
vt 0.093164 0.485175
vt 0.094204 0.571006
vt 0.008373 0.571006
vt 0.008373 0.005920
vt 0.094204 0.005920
vt 0.008373 0.571006
vt 0.094204 0.571006
vt 0.094204 0.005920
vt 0.008373 0.005920
vt 0.094204 0.571006
vt 0.008373 0.571006
vt 0.008373 0.005920
vt 0.094204 0.005920
vt 0.008373 0.571006
vt 0.094204 0.571006
vt 0.094204 0.005920
vt 0.008373 0.005920
vn -0.993538 -0.083624 -0.076747
vn -0.919783 -0.380989 -0.094051
vn -0.919784 -0.380988 -0.094051
vn -0.978181 0.200579 -0.054124
vn -0.380990 -0.919793 -0.093950
vn 0.083699 -0.994438 -0.063929
vn -0.200162 -0.976138 -0.084197
vn -0.380989 -0.919794 -0.093950
vn 0.763842 -0.645248 0.014201
vn 0.550578 -0.834622 -0.016432
vn 0.992717 0.083554 0.086788
vn 0.977606 -0.200462 0.064044
vn 0.641306 0.759173 0.111275
vn 0.829719 0.547346 0.109452
vn -0.083636 0.993745 0.074000
vn 0.199990 0.975274 0.094050
vn -0.763914 0.645306 -0.004059
vn -0.550462 0.834443 0.026397
vn 0.000000 -0.223323 -0.974744
vn -0.000000 -0.941240 -0.337739
vn -0.000000 -0.785461 -0.618911
vn 0.000000 0.230944 -0.972967
vn 0.000000 -0.997416 -0.071838
vn -0.000000 -0.997416 -0.071840
vn 0.000000 -0.597080 0.802182
vn 0.000000 0.225203 0.974312
vn -0.000000 -0.232953 0.972488
vn -0.000000 -0.597080 0.802182
vn 0.000000 0.940225 0.340554
vn 0.000000 0.785825 0.618449
vn 0.000000 0.843712 -0.536796
vn 0.000000 0.979222 -0.202793
vn -0.377127 -0.215027 -0.900855
vn -0.115158 -0.934045 -0.338081
vn -0.226964 -0.775124 -0.589636
vn -0.388869 0.215653 -0.895698
vn 0.000000 -0.997354 -0.072701
vn -0.000002 -0.997353 -0.072705
vn 0.338429 -0.571292 0.747724
vn 0.378329 0.215906 0.900140
vn 0.390135 -0.216523 0.894937
vn 0.331984 -0.594357 0.732480
vn 0.114312 0.933196 0.340702
vn 0.226642 0.775141 0.589737
vn -0.246505 0.821433 -0.514279
vn -0.111798 0.976330 -0.185149
vn 0.000000 -0.239772 -0.970829
vn 0.000000 -0.947413 -0.320012
vn 0.000000 -0.805635 -0.592412
vn 0.000000 0.248541 -0.968621
vn 0.000000 -0.997416 -0.071838
vn 0.000000 -0.997416 -0.071838
vn 0.000000 -0.628282 0.777986
vn 0.000000 0.241930 0.970294
vn -0.000000 -0.250856 0.968024
vn 0.000000 -0.628282 0.777986
vn 0.000000 0.946440 0.322881
vn 0.000000 0.806000 0.591915
vn 0.000000 0.863677 -0.504046
vn 0.000000 0.983130 -0.182911
vn -0.399608 -0.228078 -0.887859
vn -0.116208 -0.939733 -0.321555
vn -0.231902 -0.792686 -0.563800
vn -0.412702 0.228612 -0.881711
vn 0.000000 -0.997354 -0.072701
vn -0.000000 -0.997354 -0.072703
vn 0.353088 -0.596031 0.721163
vn 0.400938 0.229049 0.887009
vn 0.414104 -0.229573 0.880803
vn 0.345211 -0.620856 0.703823
vn 0.115303 0.938929 0.324219
vn 0.231549 0.792710 0.563911
vn -0.251838 0.838378 -0.483426
vn -0.111885 0.979689 -0.166408
vn 0.000000 -0.258744 -0.965946
vn -0.000000 -0.953326 -0.301944
vn 0.000000 -0.825885 -0.563839
vn 0.000000 0.268928 -0.963160
vn -0.000000 -0.997416 -0.071845
vn -0.000000 -0.997416 -0.071841
vn -0.000000 -0.661721 0.749750
vn 0.000000 0.261245 0.965273
vn -0.000000 -0.271625 0.962403
vn -0.000000 -0.661728 0.749744
vn 0.000000 0.952396 0.304863
vn 0.000000 0.826251 0.563302
vn 0.000000 0.883215 -0.468968
vn 0.000000 0.986659 -0.162799
vn -0.424507 -0.242566 -0.872328
vn -0.117291 -0.945189 -0.304730
vn -0.236785 -0.810201 -0.536197
vn -0.439159 0.242945 -0.864938
vn 0.000001 -0.997354 -0.072699
vn 0.000001 -0.997354 -0.072700
vn 0.368429 -0.621934 0.690984
vn 0.425977 0.243653 0.871307
vn 0.440713 -0.244018 0.863845
vn 0.358735 -0.648636 0.671253
vn 0.116320 0.944431 0.307440
vn 0.236396 0.810233 0.536320
vn -0.257095 0.854866 -0.450672
vn -0.111884 0.982715 -0.147487
vn 0.000000 -0.280832 -0.959757
vn 0.000000 -0.958959 -0.283543
vn 0.000000 -0.846058 -0.533091
vn -0.000000 0.292784 -0.956179
vn -0.000000 -0.997416 -0.071849
vn -0.000000 -0.997416 -0.071843
vn -0.000000 -0.697353 0.716727
vn 0.000000 0.283771 0.958892
vn -0.000000 -0.295969 0.955197
vn -0.000000 -0.697355 0.716726
vn -0.000000 0.958075 0.286517
vn 0.000000 0.846424 0.532510
vn -0.000000 0.902100 -0.431528
vn -0.000000 0.989798 -0.142479
vn -0.452121 -0.258694 -0.853618
vn -0.118426 -0.950395 -0.287619
vn -0.241563 -0.827550 -0.506762
vn -0.468572 0.258805 -0.844666
vn -0.000002 -0.997353 -0.072705
vn -0.000002 -0.997353 -0.072706
vn 0.384370 -0.648838 0.656710
vn 0.453748 0.259918 0.852382
vn 0.470293 -0.260008 0.843339
vn 0.372365 -0.677520 0.634279
vn 0.117376 0.949688 0.290372
vn 0.241131 0.827595 0.506895
vn -0.262235 0.870735 -0.415998
vn -0.111779 0.985403 -0.128402
vn 0.000000 -0.306845 -0.951759
vn -0.000000 -0.964297 -0.264822
vn 0.000000 -0.865984 -0.500072
vn 0.000000 0.321038 -0.947066
vn -0.000000 -0.997416 -0.071845
vn -0.000000 -0.997416 -0.071841
vn -0.000000 -0.734992 0.678076
vn 0.000000 0.310313 0.950634
vn -0.000000 -0.324818 0.945777
vn -0.000000 -0.734995 0.678073
vn 0.000000 0.963463 0.267841
vn 0.000000 0.866343 0.499450
vn 0.000000 0.920089 -0.391710
vn 0.000000 0.992532 -0.121982
vn -0.482760 -0.276668 -0.830902
vn -0.119626 -0.955338 -0.270221
vn -0.246186 -0.844597 -0.475446
vn -0.501279 0.276347 -0.819971
vn 0.000001 -0.997354 -0.072701
vn 0.000001 -0.997354 -0.072701
vn 0.400767 -0.676529 0.617814
vn 0.484555 0.278057 0.829392
vn 0.503183 -0.277689 0.818349
vn 0.385797 -0.707299 0.592358
vn 0.118481 0.954686 0.273015
vn 0.245700 0.844659 0.475588
vn -0.267218 0.885802 -0.379406
vn -0.111553 0.987743 -0.109177
vn -0.000000 -0.337820 -0.941211
vn -0.000000 -0.969321 -0.245800
vn -0.000000 -0.885454 -0.464726
vn 0.000000 0.354886 -0.934910
vn -0.000000 -0.997416 -0.071844
vn -0.000000 -0.997416 -0.071844
vn -0.000000 -0.774306 0.632812
vn 0.000000 0.342034 0.939688
vn -0.000000 -0.359504 0.933143
vn -0.000000 -0.774307 0.632810
vn 0.000000 0.968540 0.248858
vn 0.000000 0.885812 0.464045
vn 0.000000 0.936909 -0.349574
vn 0.000000 0.994854 -0.101324
vn -0.516703 -0.296718 -0.803104
vn -0.120937 -0.959992 -0.252568
vn -0.250588 -0.861189 -0.442220
vn -0.537591 0.295677 -0.789665
vn 0.000001 -0.997354 -0.072701
vn -0.000002 -0.997353 -0.072705
vn 0.417416 -0.704648 0.573790
vn 0.518678 0.298280 0.801251
vn 0.539688 -0.297177 0.787669
vn 0.398619 -0.737616 0.545000
vn 0.119675 0.959400 0.255399
vn 0.250036 0.861272 0.442372
vn -0.272011 0.899872 -0.340940
vn -0.111173 0.989734 -0.089822
vn -0.000000 -0.375218 -0.926937
vn -0.000000 -0.974015 -0.226484
vn -0.000000 -0.904249 -0.427006
vn 0.000000 0.396022 -0.918241
vn -0.000000 -0.997416 -0.071839
vn -0.000000 -0.997416 -0.071840
vn -0.000000 -0.814590 0.580037
vn 0.000000 0.380292 0.924866
vn -0.000000 -0.401625 0.915804
vn -0.000000 -0.814591 0.580036
vn 0.000000 0.973285 0.229600
vn 0.000000 0.904585 0.426294
vn 0.000000 0.952289 -0.305198
vn 0.000000 0.996752 -0.080536
vn -0.554153 -0.319017 -0.768858
vn -0.122396 -0.964343 -0.234652
vn -0.254677 -0.877179 -0.407058
vn -0.577723 0.316842 -0.752228
vn -0.000002 -0.997354 -0.072705
vn -0.000003 -0.997353 -0.072706
vn 0.434037 -0.732705 0.524172
vn 0.556312 0.320763 0.766569
vn 0.580016 -0.318498 0.749761
vn 0.410260 -0.768014 0.491774
vn 0.120987 0.963819 0.237518
vn 0.254049 0.877282 0.407229
vn -0.276603 0.912727 -0.300701
vn -0.110605 0.991370 -0.070370
vn -0.993538 -0.083624 -0.076747
vn -0.919782 -0.380993 -0.094051
vn -0.919783 -0.380991 -0.094051
vn -0.978181 0.200580 -0.054124
vn -0.380990 -0.919794 -0.093950
vn 0.083694 -0.994439 -0.063929
vn -0.200162 -0.976138 -0.084197
vn -0.380988 -0.919794 -0.093950
vn 0.763842 -0.645247 0.014201
vn 0.550574 -0.834624 -0.016433
vn 0.992717 0.083553 0.086788
vn 0.977606 -0.200461 0.064044
vn 0.641304 0.759175 0.111275
vn 0.829719 0.547345 0.109452
vn -0.083643 0.993744 0.074000
vn 0.199984 0.975275 0.094050
vn -0.763913 0.645306 -0.004059
vn -0.550463 0.834442 0.026397
vn 0.000000 -0.223323 -0.974744
vn -0.000000 -0.997416 -0.071845
vn -0.000000 -0.597078 0.802183
vn 0.000000 0.940225 0.340554
vn -0.377126 -0.215034 -0.900853
vn -0.115158 -0.934045 -0.338081
vn -0.226963 -0.775125 -0.589634
vn -0.388869 0.215652 -0.895698
vn 0.000000 -0.997354 -0.072701
vn 0.338430 -0.571289 0.747726
vn 0.114311 0.933198 0.340698
vn -0.246503 0.821435 -0.514276
vn -0.111797 0.976331 -0.185148
vn 0.000000 -0.239771 -0.970829
vn -0.000000 -0.947414 -0.320012
vn -0.000000 -0.805636 -0.592411
vn 0.000000 0.248539 -0.968622
vn -0.000000 -0.997416 -0.071845
vn -0.000000 -0.997416 -0.071842
vn -0.000000 -0.628285 0.777983
vn -0.000000 -0.628287 0.777981
vn 0.000000 0.946440 0.322879
vn 0.000000 0.806004 0.591910
vn 0.000000 0.863677 -0.504046
vn 0.000000 0.983130 -0.182908
vn -0.231902 -0.792686 -0.563800
vn -0.000004 -0.997353 -0.072710
vn 0.353089 -0.596027 0.721165
vn 0.400938 0.229049 0.887009
vn 0.115303 0.938929 0.324219
vn -0.251837 0.838379 -0.483423
vn -0.111885 0.979689 -0.166408
vn -0.000000 -0.997416 -0.071841
vn 0.000000 0.261241 0.965274
vn -0.000000 -0.271620 0.962405
vn -0.000000 -0.661720 0.749751
vn 0.000000 0.952395 0.304867
vn 0.000000 0.826249 0.563305
vn 0.000000 0.986660 -0.162795
vn 0.000000 -0.997354 -0.072700
vn 0.425977 0.243653 0.871308
vn 0.440713 -0.244019 0.863844
vn 0.358736 -0.648633 0.671255
vn 0.116321 0.944431 0.307441
vn 0.236397 0.810231 0.536322
vn -0.257093 0.854868 -0.450669
vn -0.111884 0.982715 -0.147488
vn 0.000000 -0.280840 -0.959755
vn -0.000000 -0.958960 -0.283541
vn 0.000000 -0.846061 -0.533087
vn 0.000000 0.292793 -0.956176
vn 0.000000 0.283763 0.958895
vn -0.000000 -0.295959 0.955201
vn 0.000000 0.958076 0.286515
vn 0.000000 0.902104 -0.431519
vn 0.000000 0.989798 -0.142477
vn -0.452120 -0.258704 -0.853616
vn -0.118426 -0.950395 -0.287619
vn -0.468572 0.258807 -0.844665
vn 0.000000 -0.997354 -0.072701
vn 0.470293 -0.260007 0.843339
vn 0.372367 -0.677517 0.634283
vn 0.117376 0.949688 0.290371
vn 0.241130 0.827596 0.506893
vn -0.262230 0.870740 -0.415989
vn -0.000000 -0.306844 -0.951760
vn -0.000000 -0.964297 -0.264824
vn -0.000000 -0.865983 -0.500073
vn 0.000000 0.321035 -0.947067
vn -0.000000 -0.997416 -0.071845
vn -0.000000 -0.997416 -0.071845
vn -0.000000 -0.734999 0.678069
vn 0.000000 0.310317 0.950633
vn -0.000000 -0.734998 0.678069
vn 0.000000 0.963462 0.267846
vn 0.000000 0.866343 0.499450
vn 0.000000 0.920088 -0.391711
vn 0.000000 0.992533 -0.121979
vn -0.482758 -0.276680 -0.830899
vn -0.119629 -0.955336 -0.270225
vn -0.501279 0.276347 -0.819971
vn -0.000006 -0.997353 -0.072711
vn -0.000002 -0.997353 -0.072706
vn 0.400770 -0.676523 0.617819
vn 0.484555 0.278054 0.829393
vn 0.503183 -0.277687 0.818350
vn 0.385798 -0.707295 0.592362
vn 0.118482 0.954686 0.273015
vn 0.245700 0.844658 0.475588
vn -0.267214 0.885807 -0.379398
vn -0.000000 -0.969321 -0.245799
vn 0.000000 0.341988 0.939704
vn -0.000000 -0.359456 0.933162
vn 0.000000 0.968537 0.248869
vn 0.000000 0.936910 -0.349571
vn -0.516702 -0.296724 -0.803103
vn -0.537591 0.295677 -0.789665
vn -0.000006 -0.997353 -0.072711
vn 0.417420 -0.704640 0.573797
vn 0.518678 0.298278 0.801251
vn -0.272010 0.899873 -0.340938
vn -0.000000 -0.997416 -0.071842
vn -0.000000 -0.814591 0.580036
vn 0.000000 0.380293 0.924866
vn 0.000000 0.973285 0.229601
vn -0.577723 0.316842 -0.752228
vn -0.000003 -0.997353 -0.072706
vn 0.410260 -0.768013 0.491775
vn 0.120987 0.963819 0.237518
vn 0.254049 0.877282 0.407229
vn 0.993538 0.083620 -0.076746
vn 0.919786 0.380983 -0.094051
vn 0.919785 0.380986 -0.094051
vn 0.978181 -0.200579 -0.054124
vn 0.380988 0.919794 -0.093950
vn -0.083695 0.994439 -0.063929
vn 0.200161 0.976139 -0.084197
vn 0.380991 0.919793 -0.093950
vn -0.763839 0.645250 0.014201
vn -0.550577 0.834623 -0.016433
vn -0.992717 -0.083549 0.086788
vn -0.977605 0.200467 0.064044
vn -0.641303 -0.759176 0.111275
vn -0.829719 -0.547346 0.109452
vn 0.083635 -0.993745 0.074000
vn -0.199984 -0.975275 0.094050
vn 0.763912 -0.645308 -0.004059
vn 0.550458 -0.834446 0.026398
vn 0.000000 0.223324 -0.974744
vn 0.000000 0.941239 -0.337742
vn 0.000000 0.785461 -0.618912
vn -0.000000 -0.230945 -0.972967
vn 0.000000 0.997416 -0.071838
vn 0.000000 0.997416 -0.071842
vn 0.000000 0.597078 0.802184
vn 0.000000 -0.225204 0.974312
vn 0.000000 0.232953 0.972488
vn 0.000000 0.597075 0.802185
vn -0.000000 -0.940225 0.340554
vn -0.000000 -0.785825 0.618449
vn -0.000000 -0.843711 -0.536798
vn -0.000000 -0.979221 -0.202797
vn 0.377126 0.215029 -0.900854
vn 0.115157 0.934046 -0.338078
vn 0.226962 0.775127 -0.589632
vn 0.388869 -0.215655 -0.895697
vn -0.000000 0.997354 -0.072701
vn -0.000000 0.997354 -0.072701
vn -0.338429 0.571291 0.747724
vn -0.378330 -0.215904 0.900140
vn -0.390136 0.216523 0.894937
vn -0.331982 0.594362 0.732476
vn -0.114311 -0.933197 0.340699
vn -0.226641 -0.775142 0.589736
vn 0.246504 -0.821435 -0.514276
vn 0.111798 -0.976331 -0.185148
vn 0.000000 0.239772 -0.970829
vn 0.000000 0.947412 -0.320017
vn 0.000000 0.805635 -0.592413
vn -0.000000 -0.248540 -0.968622
vn 0.000000 0.997416 -0.071845
vn 0.000000 0.997416 -0.071845
vn 0.000000 0.628283 0.777985
vn 0.000000 -0.241932 0.970293
vn 0.000000 0.250857 0.968024
vn 0.000000 0.628283 0.777985
vn -0.000000 -0.946439 0.322882
vn -0.000000 -0.806003 0.591912
vn -0.000000 -0.863675 -0.504048
vn -0.000000 -0.983130 -0.182910
vn 0.399608 0.228077 -0.887859
vn 0.116207 0.939733 -0.321554
vn 0.231901 0.792688 -0.563798
vn 0.412702 -0.228613 -0.881710
vn -0.000000 0.997354 -0.072701
vn -0.000000 0.997354 -0.072701
vn -0.353088 0.596030 0.721163
vn -0.400937 -0.229051 0.887009
vn -0.414104 0.229572 0.880803
vn -0.345209 0.620862 0.703819
vn -0.115303 -0.938929 0.324219
vn -0.231549 -0.792711 0.563911
vn 0.251839 -0.838376 -0.483427
vn 0.111886 -0.979689 -0.166409
vn 0.000000 0.258745 -0.965946
vn 0.000000 0.953326 -0.301944
vn 0.000000 0.825885 -0.563839
vn -0.000000 -0.268929 -0.963160
vn 0.000000 0.997416 -0.071837
vn 0.000000 0.997416 -0.071841
vn 0.000000 0.661717 0.749753
vn 0.000000 -0.261242 0.965273
vn 0.000000 0.271621 0.962404
vn 0.000000 0.661715 0.749756
vn -0.000000 -0.952395 0.304867
vn -0.000000 -0.826249 0.563305
vn -0.000000 -0.883214 -0.468971
vn -0.000000 -0.986659 -0.162799
vn 0.424506 0.242568 -0.872328
vn 0.117292 0.945189 -0.304731
vn 0.236784 0.810201 -0.536197
vn 0.439159 -0.242944 -0.864938
vn -0.000001 0.997354 -0.072699
vn -0.000000 0.997354 -0.072700
vn -0.368430 0.621928 0.690988
vn -0.425977 -0.243653 0.871308
vn -0.440713 0.244018 0.863845
vn -0.358738 0.648627 0.671260
vn -0.116321 -0.944431 0.307441
vn -0.236395 -0.810233 0.536320
vn 0.257095 -0.854867 -0.450671
vn 0.111884 -0.982715 -0.147487
vn 0.000000 0.280840 -0.959755
vn 0.000000 0.958960 -0.283541
vn 0.000000 0.846061 -0.533087
vn 0.000000 -0.292792 -0.956176
vn 0.000000 0.997416 -0.071837
vn 0.000000 0.997416 -0.071841
vn 0.000000 0.697345 0.716736
vn 0.000000 -0.283763 0.958895
vn 0.000000 0.295959 0.955201
vn 0.000000 0.697345 0.716736
vn 0.000000 -0.958075 0.286518
vn 0.000000 -0.846422 0.532513
vn 0.000000 -0.902101 -0.431525
vn 0.000000 -0.989798 -0.142477
vn 0.452119 0.258706 -0.853616
vn 0.118426 0.950395 -0.287619
vn 0.241562 0.827552 -0.506759
vn 0.468572 -0.258807 -0.844665
vn 0.000005 0.997353 -0.072711
vn 0.000002 0.997353 -0.072706
vn -0.384370 0.648839 0.656709
vn -0.453747 -0.259919 0.852382
vn -0.470293 0.260008 0.843339
vn -0.372365 0.677520 0.634279
vn -0.117376 -0.949688 0.290372
vn -0.241131 -0.827594 0.506896
vn 0.262232 -0.870738 -0.415992
vn 0.111780 -0.985402 -0.128404
vn 0.000000 0.306842 -0.951760
vn 0.000000 0.964297 -0.264821
vn 0.000000 0.865983 -0.500073
vn 0.000000 -0.321033 -0.947068
vn 0.000000 0.997416 -0.071837
vn 0.000000 0.997416 -0.071841
vn 0.000000 0.734998 0.678069
vn 0.000000 -0.310318 0.950633
vn 0.000000 0.324820 0.945776
vn 0.000000 0.734998 0.678069
vn 0.000000 -0.963462 0.267846
vn 0.000000 -0.866343 0.499450
vn 0.000000 -0.920087 -0.391714
vn 0.000000 -0.992533 -0.121979
vn 0.482758 0.276678 -0.830899
vn 0.119627 0.955337 -0.270222
vn 0.246185 0.844598 -0.475445
vn 0.501279 -0.276346 -0.819971
vn -0.000001 0.997354 -0.072701
vn -0.000001 0.997354 -0.072701
vn -0.400767 0.676529 0.617814
vn -0.484555 -0.278054 0.829393
vn -0.503183 0.277692 0.818349
vn -0.385799 0.707295 0.592362
vn -0.118484 -0.954685 0.273019
vn -0.245701 -0.844657 0.475590
vn 0.267216 -0.885804 -0.379403
vn 0.111552 -0.987743 -0.109176
vn 0.000000 0.337820 -0.941211
vn 0.000000 0.969321 -0.245797
vn 0.000000 0.885456 -0.464723
vn 0.000000 -0.354884 -0.934910
vn 0.000000 0.997416 -0.071844
vn 0.000000 0.997416 -0.071844
vn 0.000000 0.774282 0.632840
vn 0.000000 -0.341988 0.939704
vn 0.000000 0.359456 0.933162
vn 0.000000 0.774282 0.632840
vn 0.000000 -0.968537 0.248869
vn 0.000000 -0.885804 0.464060
vn 0.000000 -0.936909 -0.349574
vn 0.000000 -0.994854 -0.101322
vn 0.516703 0.296721 -0.803103
vn 0.120939 0.959991 -0.252569
vn 0.250588 0.861190 -0.442219
vn 0.537591 -0.295681 -0.789664
vn -0.000001 0.997354 -0.072701
vn 0.000004 0.997353 -0.072708
vn -0.417421 0.704640 0.573797
vn -0.518679 -0.298276 0.801251
vn -0.539689 0.297168 0.787672
vn -0.398619 0.737616 0.545000
vn -0.119675 -0.959401 0.255399
vn -0.250038 -0.861269 0.442375
vn 0.272012 -0.899871 -0.340942
vn 0.111176 -0.989733 -0.089825
vn 0.000000 0.375217 -0.926937
vn 0.000000 0.974015 -0.226486
vn 0.000000 0.904249 -0.427006
vn 0.000000 -0.396021 -0.918241
vn 0.000000 0.997416 -0.071842
vn 0.000000 0.997416 -0.071842
vn 0.000000 0.814589 0.580038
vn -0.000000 -0.380293 0.924866
vn 0.000000 0.401624 0.915805
vn 0.000000 0.814589 0.580039
vn -0.000000 -0.973285 0.229601
vn -0.000000 -0.904585 0.426293
vn -0.000000 -0.952289 -0.305197
vn -0.000000 -0.996752 -0.080534
vn 0.554153 0.319016 -0.768858
vn 0.122398 0.964342 -0.234656
vn 0.254679 0.877178 -0.407060
vn 0.577723 -0.316843 -0.752228
vn 0.000002 0.997354 -0.072705
vn 0.000003 0.997353 -0.072705
vn -0.434036 0.732706 0.524170
vn -0.556313 -0.320762 0.766569
vn -0.580015 0.318499 0.749760
vn -0.410258 0.768016 0.491772
vn -0.120989 -0.963818 0.237521
vn -0.254051 -0.877280 0.407231
vn 0.276603 -0.912727 -0.300700
vn 0.110606 -0.991370 -0.070370
vn 0.083619 -0.993538 -0.076746
vn 0.380980 -0.919787 -0.094050
vn 0.380982 -0.919786 -0.094051
vn -0.200581 -0.978181 -0.054124
vn 0.919795 -0.380988 -0.093950
vn 0.994439 0.083695 -0.063929
vn 0.976139 -0.200160 -0.084197
vn 0.919794 -0.380989 -0.093950
vn 0.645248 0.763841 0.014201
vn 0.834623 0.550577 -0.016433
vn -0.083550 0.992717 0.086788
vn 0.200466 0.977605 0.064044
vn -0.759176 0.641304 0.111275
vn -0.547348 0.829717 0.109452
vn -0.993745 -0.083637 0.074000
vn -0.975274 0.199990 0.094050
vn -0.645308 -0.763912 -0.004059
vn -0.834442 -0.550463 0.026397
vn 0.223323 0.000000 -0.974744
vn 0.941239 -0.000000 -0.337742
vn 0.785461 0.000000 -0.618912
vn -0.230944 0.000000 -0.972967
vn 0.997416 -0.000000 -0.071845
vn 0.997416 -0.000000 -0.071842
vn 0.597075 -0.000000 0.802185
vn -0.225204 0.000000 0.974312
vn 0.232952 -0.000000 0.972488
vn 0.597075 -0.000000 0.802185
vn -0.940225 0.000000 0.340554
vn -0.785827 0.000000 0.618447
vn -0.843713 0.000000 -0.536795
vn -0.979222 0.000000 -0.202793
vn 0.215028 -0.377127 -0.900854
vn 0.934045 -0.115158 -0.338081
vn 0.775125 -0.226963 -0.589634
vn -0.215656 -0.388869 -0.895697
vn 0.997354 0.000000 -0.072701
vn 0.997353 -0.000002 -0.072705
vn 0.571289 0.338430 0.747726
vn -0.215904 0.378330 0.900140
vn 0.216523 0.390136 0.894937
vn 0.594357 0.331984 0.732480
vn -0.933197 0.114311 0.340699
vn -0.775144 0.226640 0.589734
vn -0.821438 -0.246503 -0.514273
vn -0.976332 -0.111796 -0.185144
vn 0.239771 0.000000 -0.970829
vn 0.947414 -0.000000 -0.320012
vn 0.805636 -0.000000 -0.592411
vn -0.248538 0.000000 -0.968622
vn 0.997416 -0.000000 -0.071845
vn 0.997416 -0.000000 -0.071842
vn 0.628285 -0.000000 0.777983
vn -0.241932 0.000000 0.970293
vn 0.250857 -0.000000 0.968024
vn 0.628287 -0.000000 0.777981
vn -0.946439 0.000000 0.322882
vn -0.806003 0.000000 0.591912
vn -0.863675 0.000000 -0.504049
vn -0.983130 0.000000 -0.182908
vn 0.228075 -0.399608 -0.887860
vn 0.939732 -0.116209 -0.321557
vn 0.792687 -0.231901 -0.563799
vn -0.228614 -0.412702 -0.881710
vn 0.997353 -0.000004 -0.072710
vn 0.997353 -0.000002 -0.072705
vn 0.596032 0.353088 0.721162
vn -0.229048 0.400938 0.887009
vn 0.229574 0.414104 0.880803
vn 0.620862 0.345209 0.703819
vn -0.938929 0.115303 0.324218
vn -0.792709 0.231550 0.563912
vn -0.838376 -0.251839 -0.483428
vn -0.979688 -0.111887 -0.166413
vn 0.258744 0.000000 -0.965946
vn 0.953326 -0.000000 -0.301944
vn 0.825885 0.000000 -0.563839
vn -0.268927 0.000000 -0.963160
vn 0.997416 -0.000000 -0.071845
vn 0.997416 -0.000000 -0.071841
vn 0.661715 -0.000000 0.749756
vn -0.261242 0.000000 0.965273
vn 0.271620 -0.000000 0.962405
vn 0.661715 -0.000000 0.749756
vn -0.952395 0.000000 0.304867
vn -0.826250 0.000000 0.563303
vn -0.883215 0.000000 -0.468968
vn -0.986660 0.000000 -0.162795
vn 0.242564 -0.424507 -0.872328
vn 0.945189 -0.117292 -0.304731
vn 0.810200 -0.236785 -0.536198
vn -0.242947 -0.439159 -0.864937
vn 0.997354 0.000001 -0.072699
vn 0.997354 0.000000 -0.072700
vn 0.621933 0.368429 0.690984
vn -0.243654 0.425977 0.871307
vn 0.244021 0.440712 0.863844
vn 0.648627 0.358738 0.671260
vn -0.944431 0.116321 0.307441
vn -0.810234 0.236395 0.536319
vn -0.854868 -0.257093 -0.450669
vn -0.982715 -0.111884 -0.147488
vn 0.280841 -0.000000 -0.959754
vn 0.958959 -0.000000 -0.283544
vn 0.846061 -0.000000 -0.533087
vn -0.292793 0.000000 -0.956176
vn 0.997416 -0.000000 -0.071845
vn 0.997416 -0.000000 -0.071845
vn 0.697345 -0.000000 0.716736
vn -0.283763 0.000000 0.958894
vn 0.295959 -0.000000 0.955201
vn 0.697344 -0.000000 0.716736
vn -0.958075 0.000000 0.286518
vn -0.846422 0.000000 0.532513
vn -0.902102 0.000000 -0.431522
vn -0.989798 0.000000 -0.142477
vn 0.258706 -0.452119 -0.853616
vn 0.950395 -0.118425 -0.287618
vn 0.827550 -0.241563 -0.506762
vn -0.258808 -0.468571 -0.844665
vn 0.997354 0.000001 -0.072700
vn 0.997354 0.000000 -0.072701
vn 0.648837 0.384371 0.656711
vn -0.259920 0.453747 0.852382
vn 0.260005 0.470293 0.843340
vn 0.677520 0.372365 0.634280
vn -0.949689 0.117374 0.290368
vn -0.827596 0.241130 0.506894
vn -0.870741 -0.262230 -0.415988
vn -0.985402 -0.111779 -0.128403
vn 0.306844 -0.000000 -0.951760
vn 0.964297 -0.000000 -0.264824
vn 0.865983 -0.000000 -0.500073
vn -0.321035 0.000000 -0.947067
vn 0.997416 -0.000000 -0.071845
vn 0.997416 -0.000000 -0.071845
vn 0.734999 -0.000000 0.678069
vn -0.310317 0.000000 0.950633
vn 0.324820 -0.000000 0.945776
vn 0.734998 -0.000000 0.678069
vn -0.963462 0.000000 0.267846
vn -0.866343 0.000000 0.499450
vn -0.920088 0.000000 -0.391711
vn -0.992533 0.000000 -0.121979
vn 0.276680 -0.482758 -0.830899
vn 0.955336 -0.119629 -0.270226
vn 0.844598 -0.246185 -0.475445
vn -0.276347 -0.501279 -0.819971
vn 0.997353 -0.000006 -0.072711
vn 0.997353 -0.000002 -0.072706
vn 0.676525 0.400769 0.617817
vn -0.278054 0.484555 0.829393
vn 0.277690 0.503183 0.818349
vn 0.707295 0.385798 0.592362
vn -0.954686 0.118482 0.273015
vn -0.844659 0.245699 0.475587
vn -0.885806 -0.267214 -0.379399
vn -0.987743 -0.111552 -0.109176
vn 0.337820 -0.000000 -0.941211
vn 0.969321 -0.000000 -0.245799
vn 0.885454 -0.000000 -0.464726
vn -0.354886 0.000000 -0.934910
vn 0.997416 -0.000000 -0.071844
vn 0.997416 -0.000000 -0.071844
vn 0.774282 -0.000000 0.632840
vn -0.341986 0.000000 0.939705
vn 0.359456 -0.000000 0.933162
vn 0.774282 -0.000000 0.632840
vn -0.968537 0.000000 0.248869
vn -0.885802 0.000000 0.464063
vn -0.936909 0.000000 -0.349574
vn -0.994853 0.000000 -0.101325
vn 0.296718 -0.516703 -0.803104
vn 0.959992 -0.120936 -0.252566
vn 0.861189 -0.250589 -0.442221
vn -0.295677 -0.537591 -0.789665
vn 0.997354 0.000001 -0.072701
vn 0.997354 -0.000000 -0.072703
vn 0.704640 0.417421 0.573797
vn -0.298280 0.518678 0.801250
vn 0.297170 0.539689 0.787671
vn 0.737616 0.398619 0.545000
vn -0.959401 0.119675 0.255399
vn -0.861272 0.250036 0.442372
vn -0.899873 -0.272010 -0.340939
vn -0.989734 -0.111173 -0.089822
vn 0.375219 -0.000000 -0.926936
vn 0.974015 -0.000000 -0.226485
vn 0.904249 -0.000000 -0.427005
vn -0.396023 0.000000 -0.918241
vn 0.997416 -0.000000 -0.071842
vn 0.997416 -0.000000 -0.071842
vn 0.814590 -0.000000 0.580038
vn -0.380293 0.000000 0.924866
vn 0.401625 -0.000000 0.915804
vn 0.814590 -0.000000 0.580038
vn -0.973285 0.000000 0.229600
vn -0.904585 0.000000 0.426293
vn -0.952289 0.000000 -0.305198
vn -0.996752 0.000000 -0.080536
vn 0.319017 -0.554153 -0.768858
vn 0.964343 -0.122396 -0.234652
vn 0.877179 -0.254677 -0.407058
vn -0.316842 -0.577723 -0.752228
vn 0.997354 -0.000002 -0.072705
vn 0.997353 -0.000003 -0.072706
vn 0.732704 0.434037 0.524172
vn -0.320763 0.556312 0.766569
vn 0.318499 0.580015 0.749760
vn 0.768012 0.410261 0.491776
vn -0.963819 0.120987 0.237518
vn -0.877282 0.254049 0.407229
vn -0.912727 -0.276603 -0.300701
vn -0.991370 -0.110605 -0.070370
vn -0.083619 0.993538 -0.076746
vn -0.380989 0.919783 -0.094051
vn -0.380989 0.919784 -0.094051
vn 0.200585 0.978180 -0.054124
vn -0.919793 0.380992 -0.093950
vn -0.994439 -0.083696 -0.063929
vn -0.976138 0.200162 -0.084197
vn -0.919792 0.380994 -0.093950
vn -0.645247 -0.763842 0.014201
vn -0.834621 -0.550579 -0.016432
vn 0.083549 -0.992717 0.086788
vn -0.200466 -0.977605 0.064044
vn 0.759176 -0.641304 0.111275
vn 0.547345 -0.829719 0.109452
vn 0.993745 0.083637 0.074000
vn 0.975275 -0.199984 0.094050
vn 0.645309 0.763911 -0.004059
vn 0.834444 0.550461 0.026397
vn -0.223323 0.000000 -0.974744
vn -0.941239 0.000000 -0.337742
vn -0.785461 0.000000 -0.618912
vn 0.230944 -0.000000 -0.972967
vn -0.997416 0.000000 -0.071845
vn -0.997416 0.000000 -0.071842
vn -0.597075 0.000000 0.802185
vn 0.225204 -0.000000 0.974312
vn -0.232952 0.000000 0.972488
vn -0.597075 0.000000 0.802185
vn 0.940225 -0.000000 0.340554
vn 0.785827 -0.000000 0.618447
vn 0.843713 -0.000000 -0.536795
vn 0.979222 -0.000000 -0.202793
vn -0.215031 0.377126 -0.900854
vn -0.934045 0.115158 -0.338081
vn -0.775125 0.226963 -0.589634
vn 0.215653 0.388869 -0.895698
vn -0.997354 0.000000 -0.072701
vn -0.997354 0.000000 -0.072701
vn -0.571292 -0.338429 0.747724
vn 0.215902 -0.378330 0.900140
vn -0.216523 -0.390135 0.894937
vn -0.594362 -0.331982 0.732476
vn 0.933197 -0.114311 0.340699
vn 0.775139 -0.226643 0.589740
vn 0.821436 0.246504 -0.514276
vn 0.976330 0.111799 -0.185152
vn -0.239771 0.000000 -0.970829
vn -0.947413 0.000000 -0.320015
vn -0.805635 0.000000 -0.592413
vn 0.248539 -0.000000 -0.968622
vn -0.997416 0.000000 -0.071845
vn -0.997416 0.000000 -0.071842
vn -0.628285 0.000000 0.777983
vn 0.241932 -0.000000 0.970293
vn -0.250857 0.000000 0.968024
vn -0.628287 0.000000 0.777981
vn 0.946439 -0.000000 0.322882
vn 0.806003 -0.000000 0.591912
vn 0.863677 -0.000000 -0.504046
vn 0.983130 -0.000000 -0.182908
vn -0.228077 0.399608 -0.887859
vn -0.939732 0.116209 -0.321557
vn -0.792688 0.231901 -0.563798
vn 0.228613 0.412702 -0.881710
vn -0.997353 0.000004 -0.072710
vn -0.997353 0.000002 -0.072705
vn -0.596030 -0.353088 0.721164
vn 0.229048 -0.400938 0.887009
vn -0.229572 -0.414104 0.880803
vn -0.620862 -0.345209 0.703819
vn 0.938927 -0.115305 0.324222
vn 0.792708 -0.231550 0.563914
vn 0.838377 0.251839 -0.483426
vn 0.979689 0.111885 -0.166408
vn -0.258744 0.000000 -0.965946
vn -0.953326 0.000000 -0.301944
vn -0.825885 0.000000 -0.563839
vn 0.268929 0.000000 -0.963160
vn -0.997416 0.000000 -0.071845
vn -0.997416 0.000000 -0.071841
vn -0.661717 0.000000 0.749753
vn 0.261241 -0.000000 0.965274
vn -0.271620 0.000000 0.962405
vn -0.661720 0.000000 0.749751
vn 0.952396 -0.000000 0.304864
vn 0.826250 -0.000000 0.563303
vn 0.883217 0.000000 -0.468965
vn 0.986660 -0.000000 -0.162795
vn -0.242565 0.424507 -0.872328
vn -0.945189 0.117292 -0.304731
vn -0.810200 0.236785 -0.536198
vn 0.242944 0.439160 -0.864938
vn -0.997354 -0.000001 -0.072699
vn -0.997354 -0.000000 -0.072700
vn -0.621931 -0.368429 0.690986
vn 0.243653 -0.425977 0.871308
vn -0.244019 -0.440713 0.863844
vn -0.648627 -0.358738 0.671260
vn 0.944430 -0.116322 0.307444
vn 0.810231 -0.236397 0.536322
vn 0.854866 0.257095 -0.450672
vn 0.982715 0.111884 -0.147488
vn -0.280840 0.000000 -0.959755
vn -0.958960 -0.000000 -0.283541
vn -0.846059 0.000000 -0.533089
vn 0.292792 -0.000000 -0.956176
vn -0.997416 -0.000000 -0.071837
vn -0.997416 -0.000000 -0.071841
vn -0.697348 -0.000000 0.716733
vn 0.283761 0.000000 0.958895
vn -0.295959 -0.000000 0.955201
vn -0.697345 -0.000000 0.716736
vn 0.958075 -0.000000 0.286518
vn 0.846418 0.000000 0.532518
vn 0.902101 -0.000000 -0.431525
vn 0.989798 -0.000000 -0.142481
vn -0.258702 0.452120 -0.853616
vn -0.950395 0.118425 -0.287618
vn -0.827550 0.241564 -0.506762
vn 0.258807 0.468572 -0.844665
vn -0.997354 -0.000001 -0.072700
vn -0.997354 -0.000000 -0.072701
vn -0.648837 -0.384371 0.656711
vn 0.259916 -0.453748 0.852383
vn -0.260007 -0.470293 0.843339
vn -0.677517 -0.372367 0.634283
vn 0.949688 -0.117375 0.290371
vn 0.827594 -0.241132 0.506896
vn 0.870738 0.262232 -0.415992
vn 0.985402 0.111780 -0.128403
vn -0.306842 0.000000 -0.951760
vn -0.964297 0.000000 -0.264821
vn -0.865983 0.000000 -0.500073
vn 0.321035 0.000000 -0.947067
vn -0.997416 0.000000 -0.071845
vn -0.997416 0.000000 -0.071841
vn -0.734999 0.000000 0.678069
vn 0.310318 -0.000000 0.950633
vn -0.324820 0.000000 0.945776
vn -0.734998 0.000000 0.678069
vn 0.963463 -0.000000 0.267843
vn 0.866344 -0.000000 0.499448
vn 0.920090 0.000000 -0.391708
vn 0.992533 -0.000000 -0.121979
vn -0.276674 0.482759 -0.830900
vn -0.955336 0.119629 -0.270225
vn -0.844598 0.246185 -0.475445
vn 0.276351 0.501278 -0.819970
vn -0.997353 0.000006 -0.072711
vn -0.997353 0.000002 -0.072706
vn -0.676521 -0.400771 0.617821
vn 0.278052 -0.484556 0.829393
vn -0.277683 -0.503184 0.818351
vn -0.707291 -0.385800 0.592366
vn 0.954685 -0.118482 0.273016
vn 0.844656 -0.245701 0.475590
vn 0.885804 0.267216 -0.379402
vn 0.987743 0.111555 -0.109180
vn -0.337820 0.000000 -0.941211
vn -0.969321 0.000000 -0.245800
vn -0.885454 0.000000 -0.464726
vn 0.354886 -0.000000 -0.934909
vn -0.997416 0.000000 -0.071844
vn -0.997416 0.000000 -0.071844
vn -0.774282 0.000000 0.632840
vn 0.341986 0.000000 0.939705
vn -0.359456 0.000000 0.933162
vn -0.774282 0.000000 0.632840
vn 0.968537 -0.000000 0.248869
vn 0.885802 -0.000000 0.464063
vn 0.936909 -0.000000 -0.349574
vn 0.994853 -0.000000 -0.101325
vn -0.296721 0.516703 -0.803103
vn -0.959990 0.120941 -0.252573
vn -0.861188 0.250590 -0.442222
vn 0.295679 0.537591 -0.789664
vn -0.997354 -0.000000 -0.072701
vn -0.997353 0.000004 -0.072707
vn -0.704633 -0.417424 0.573803
vn 0.298275 -0.518679 0.801252
vn -0.297168 -0.539689 0.787672
vn -0.737612 -0.398622 0.545004
vn 0.959401 -0.119674 0.255398
vn 0.861272 -0.250036 0.442372
vn 0.899873 0.272010 -0.340939
vn 0.989734 0.111173 -0.089821
vn -0.375219 0.000000 -0.926936
vn -0.974015 0.000000 -0.226485
vn -0.904249 0.000000 -0.427005
vn 0.396023 -0.000000 -0.918241
vn -0.997416 0.000000 -0.071842
vn -0.997416 0.000000 -0.071842
vn -0.814590 0.000000 0.580037
vn 0.380293 -0.000000 0.924866
vn -0.401626 0.000000 0.915804
vn -0.814590 0.000000 0.580038
vn 0.973285 -0.000000 0.229601
vn 0.904585 -0.000000 0.426294
vn 0.952289 -0.000000 -0.305199
vn 0.996752 -0.000000 -0.080536
vn -0.319018 0.554153 -0.768858
vn -0.964343 0.122396 -0.234652
vn -0.877180 0.254677 -0.407057
vn 0.316843 0.577723 -0.752228
vn -0.997354 0.000002 -0.072705
vn -0.997353 0.000003 -0.072705
vn -0.732709 -0.434034 0.524168
vn 0.320763 -0.556312 0.766569
vn -0.318504 -0.580014 0.749759
vn -0.768017 -0.410258 0.491771
vn 0.963819 -0.120987 0.237518
vn 0.877282 -0.254048 0.407228
vn 0.912727 0.276602 -0.300700
vn 0.991370 0.110605 -0.070369
vn 1.000000 0.000000 0.000000
vn 1.000000 0.000000 0.000000
vn 1.000000 0.000000 0.000000
vn 1.000000 0.000000 0.000000
vn 1.000000 0.000000 0.000000
vn -0.000000 -0.851598 -0.524195
vn 0.000000 0.235374 -0.971905
vn -0.000000 -0.235373 -0.971905
vn -0.000000 -0.997071 -0.076477
vn -0.000000 -0.761693 0.647938
vn -0.000000 -0.380847 0.924638
vn 0.000000 0.380849 0.924637
vn 0.000000 0.761696 0.647935
vn 0.000000 0.997071 -0.076477
vn 0.000000 0.851601 -0.524191
vn -1.000000 0.000000 0.000000
vn -1.000000 0.000000 0.000000
vn -1.000000 0.000000 0.000000
vn -1.000000 0.000000 0.000000
vn -1.000000 0.000000 0.000000
vn -0.587304 -0.096259 0.803622
vn -0.089938 -0.588294 0.803630
vn -0.363574 -0.490454 0.792003
vn -0.578810 0.194211 0.791998
vn 0.531703 -0.267322 0.803636
vn 0.354101 -0.497327 0.792009
vn 0.418542 0.423083 0.803631
vn 0.582404 0.183087 0.792013
vn -0.273039 0.528812 0.803621
vn 0.005842 0.610490 0.792002
vn -0.971905 -0.235375 0.000000
vn -0.076486 -0.997071 0.000000
vn -0.524200 -0.851595 0.000000
vn -0.971904 0.235378 0.000000
vn -0.524194 -0.851599 0.000001
vn -0.971904 0.235378 0.000001
vn -0.971905 -0.235372 0.000001
vn -0.076478 -0.997071 0.000000
vn 0.924639 -0.380845 0.000000
vn 0.647938 -0.761693 0.000000
vn 0.647937 -0.761694 -0.000000
vn 0.924639 -0.380845 -0.000001
vn 0.647938 0.761693 0.000000
vn 0.924639 0.380845 0.000000
vn 0.924636 0.380851 -0.000001
vn 0.647935 0.761696 -0.000001
vn -0.524186 0.851604 0.000000
vn -0.076476 0.997071 0.000000
vn -0.076473 0.997072 -0.000000
vn -0.524189 0.851602 0.000000
vn 0.000000 0.000000 1.000000
vn 0.000000 0.000000 1.000000
vn 0.000000 0.000000 1.000000
vn 0.000000 0.000000 1.000000
vn 0.000000 0.000000 1.000000
vn -0.587308 -0.096264 0.803618
vn -0.089936 -0.588309 0.803619
vn -0.363572 -0.490467 0.791996
vn -0.578812 0.194217 0.791995
vn 0.531724 -0.267329 0.803620
vn 0.354109 -0.497338 0.791999
vn 0.418555 0.423090 0.803621
vn 0.582423 0.183097 0.791997
vn -0.273039 0.528816 0.803619
vn 0.005846 0.610499 0.791996
vn -0.971904 -0.235376 0.000001
vn -0.076484 -0.997071 0.000000
vn -0.524199 -0.851596 0.000001
vn -0.971904 0.235376 0.000001
vn -0.524194 -0.851599 0.000001
vn -0.971904 0.235377 0.000001
vn -0.971904 -0.235377 0.000001
vn -0.076482 -0.997071 0.000001
vn 0.924636 -0.380852 0.000000
vn 0.647934 -0.761697 -0.000000
vn 0.647937 -0.761694 0.000000
vn 0.924638 -0.380846 -0.000000
vn 0.647934 0.761697 -0.000000
vn 0.924639 0.380845 0.000000
vn 0.924638 0.380846 -0.000001
vn 0.647939 0.761693 -0.000001
vn -0.524184 0.851605 0.000001
vn -0.076476 0.997071 0.000000
vn -0.076474 0.997072 -0.000000
vn -0.524187 0.851603 0.000000
vn 0.000000 0.000000 1.000000
vn 0.000000 0.000000 1.000000
vn 0.000000 0.000000 1.000000
vn 0.000000 0.000000 1.000000
vn 0.000000 0.000000 1.000000
vn 0.000000 0.000000 1.000000
vn 0.000000 0.000000 1.000000
vn 0.000000 0.000000 1.000000
vn 0.000000 0.000000 1.000000
vn 0.000000 -1.000000 -0.000000
vn 0.000000 -1.000000 -0.000000
vn 0.000000 -1.000000 -0.000000
vn 0.000000 -1.000000 0.000000
vn 0.000000 0.000000 -1.000000
vn 0.000000 0.000000 -1.000000
vn 0.000000 0.000000 -1.000000
vn 0.000000 0.000000 -1.000000
vn 0.000001 1.000000 0.000000
vn 0.000001 1.000000 0.000000
vn 0.000001 1.000000 0.000000
vn 0.000001 1.000000 0.000000
vn 0.000000 0.000000 1.000000
vn 0.000000 0.000000 1.000000
vn 0.000000 0.000000 1.000000
vn 0.000000 0.000000 1.000000
vn -1.000000 -0.000000 0.000000
vn -1.000000 -0.000000 0.000000
vn -1.000000 -0.000000 0.000000
vn -1.000000 -0.000000 0.000000
vn 0.000000 0.000000 -1.000000
vn 0.000000 0.000000 -1.000000
vn 0.000000 0.000000 -1.000000
vn 0.000000 0.000000 -1.000000
vn 1.000000 0.000000 0.000000
vn 1.000000 0.000000 0.000000
vn 1.000000 0.000000 0.000000
vn 1.000000 0.000000 0.000000
vn 0.000000 0.000000 1.000000
vn 0.000000 0.000000 1.000000
vn 0.000000 0.000000 1.000000
vn 0.000000 0.000000 1.000000
vn -0.000000 1.000000 -0.000000
vn -0.000000 1.000000 0.000000
vn -0.000000 1.000000 -0.000000
vn -0.000000 1.000000 -0.000000
vn 0.000000 0.000000 -1.000000
vn 0.000000 0.000000 -1.000000
vn 0.000000 0.000000 -1.000000
vn 0.000000 0.000000 -1.000000
vn 0.000000 -1.000000 0.000000
vn 0.000000 -1.000000 0.000000
vn 0.000000 -1.000000 0.000000
vn 0.000000 -1.000000 0.000000
vn 0.000000 0.000000 1.000000
vn 0.000000 0.000000 1.000000
vn 0.000000 0.000000 1.000000
vn 0.000000 0.000000 1.000000
vn 1.000000 0.000000 0.000000
vn 1.000000 0.000000 0.000000
vn 1.000000 0.000000 0.000000
vn 1.000000 -0.000000 -0.000000
vn 0.000000 0.000000 -1.000000
vn 0.000000 0.000000 -1.000000
vn 0.000000 0.000000 -1.000000
vn 0.000000 0.000000 -1.000000
vn -1.000000 0.000001 0.000000
vn -1.000000 0.000001 0.000000
vn -1.000000 0.000001 0.000000
vn -1.000000 0.000001 0.000000
vn 0.000000 0.000000 1.000000
vn 0.000000 0.000000 1.000000
vn 0.000000 0.000000 1.000000
vn 0.000000 0.000000 1.000000
vn 0.707107 0.707107 0.000000
vn 0.707107 0.707107 0.000000
vn 0.707107 0.707107 0.000000
vn 0.707107 0.707107 0.000000
vn 0.000000 0.000000 -1.000000
vn 0.000000 0.000000 -1.000000
vn 0.000000 0.000000 -1.000000
vn 0.000000 0.000000 -1.000000
vn -0.707107 -0.707107 0.000000
vn -0.707107 -0.707107 0.000000
vn -0.707107 -0.707107 0.000000
vn -0.707107 -0.707107 0.000000
vn 0.000002 0.834993 0.550261
vn 0.000004 0.781373 -0.624064
vn 0.000003 0.980320 -0.197414
vn 0.000000 0.490712 0.871322
vn 0.000000 0.121877 0.992545
vn 0.000000 0.121877 0.992545
vn 0.000000 -0.998959 0.045609
vn 0.000000 -0.906299 0.422636
vn 0.000000 -0.906299 0.422636
vn -0.000002 -0.909146 -0.416478
vn -0.000000 -0.352132 -0.935950
vn 0.000001 0.115137 -0.993350
vn -1.000000 0.000000 0.000000
vn -1.000000 0.000000 0.000000
vn -1.000000 0.000000 0.000000
vn -1.000000 0.000000 0.000000
vn 1.000000 0.000000 0.000000
vn 1.000000 0.000000 0.000000
vn 1.000000 0.000000 0.000000
vn 1.000000 0.000000 0.000000
vn 0.000000 -0.031446 -0.999505
vn 0.000000 -0.031446 -0.999505
vn 0.000000 -0.031446 -0.999505
vn 0.000000 -0.031446 -0.999505
vn 0.000000 0.906311 -0.422611
vn 0.000000 0.906311 -0.422611
vn 0.000000 0.906311 -0.422611
vn 0.000000 0.906311 -0.422611
vn 0.000000 0.745461 0.666549
vn 0.000000 0.745461 0.666549
vn 0.000000 0.745461 0.666549
vn 0.000000 0.745461 0.666549
vn 1.000000 0.000000 0.000000
vn 1.000000 0.000000 0.000000
vn 1.000000 0.000000 0.000000
vn 1.000000 0.000000 0.000000
vn -1.000000 0.000001 0.000000
vn -1.000000 0.000001 0.000000
vn -1.000000 0.000001 0.000000
vn -1.000000 0.000001 -0.000001
vn 0.000000 -0.031446 -0.999505
vn 0.000000 -0.031446 -0.999505
vn 0.000000 -0.031446 -0.999505
vn 0.000000 -0.031446 -0.999505
vn 0.000000 0.906311 -0.422611
vn 0.000000 0.906311 -0.422611
vn 0.000000 0.906311 -0.422611
vn 0.000000 0.906311 -0.422611
vn 0.000000 0.745461 0.666549
vn 0.000000 0.745461 0.666549
vn 0.000000 0.745461 0.666549
vn 0.000000 0.745461 0.666549
vn -0.198415 0.875591 0.440422
vn -0.260422 0.793042 0.550695
vn -0.035637 0.809514 0.586018
vn 0.007435 0.886219 0.463206
vn -0.390731 0.842814 0.370126
vn -0.467470 0.752538 0.463852
vn -0.556429 0.790114 0.257112
vn -0.642660 0.690778 0.331382
vn -0.684205 0.721085 0.109083
vn -0.774051 0.611956 0.162344
vn -0.765353 0.640433 -0.063874
vn -0.852695 0.521444 -0.031754
vn -0.794342 0.553657 -0.249970
vn -0.873228 0.425416 -0.237684
vn -0.769200 0.466660 -0.436531
vn -0.834249 0.330416 -0.441423
vn -0.691637 0.385381 -0.610835
vn -0.738423 0.242917 -0.629064
vn -0.566945 0.315362 -0.760999
vn -0.592274 0.168871 -0.787841
vn -0.403602 0.261350 -0.876813
vn -0.405751 0.113359 -0.906927
vn -0.212769 0.227067 -0.950353
vn -0.191595 0.080132 -0.978198
vn -0.007431 0.214813 -0.976627
vn 0.035639 0.071436 -0.996808
vn 0.198411 0.225436 -0.953840
vn 0.260409 0.087930 -0.961486
vn 0.390726 0.258223 -0.883546
vn 0.467473 0.128403 -0.874632
vn 0.556435 0.310915 -0.770527
vn 0.642668 0.190170 -0.742168
vn 0.684209 0.379940 -0.622499
vn 0.774048 0.268995 -0.573141
vn 0.765350 0.460595 -0.449546
vn 0.852696 0.359502 -0.379036
vn 0.794343 0.547372 -0.263444
vn 0.873227 0.455531 -0.173107
vn 0.769199 0.634367 -0.076888
vn 0.834250 0.550534 0.030628
vn 0.691637 0.715646 0.097417
vn 0.738420 0.638039 0.218270
vn 0.566941 0.785673 0.247582
vn 0.592271 0.712075 0.377047
vn 0.403607 0.839671 0.363392
vn 0.405752 0.767598 0.496144
vn 0.212771 0.873965 0.436936
vn 0.191603 0.800837 0.567405
vn -0.147273 0.968992 0.198409
vn 0.010282 0.976614 0.214753
vn -0.294781 0.944397 0.145663
vn -0.422205 0.904505 0.060113
vn -0.520856 0.852034 -0.052410
vn -0.584013 0.790559 -0.184242
vn -0.607371 0.724271 -0.326393
vn -0.589335 0.657693 -0.469174
vn -0.531136 0.595342 -0.602879
vn -0.436741 0.541501 -0.718355
vn -0.312586 0.499816 -0.807759
vn -0.167116 0.473111 -0.865008
vn -0.010287 0.463249 -0.886168
vn 0.147275 0.470867 -0.869824
vn 0.294779 0.495464 -0.817081
vn 0.422203 0.535355 -0.731533
vn 0.520865 0.587821 -0.619004
vn 0.584016 0.649297 -0.487174
vn 0.607369 0.715584 -0.345024
vn 0.589333 0.782168 -0.202237
vn 0.531135 0.844510 -0.068545
vn 0.436743 0.898361 0.046939
vn 0.312587 0.940053 0.136346
vn 0.167124 0.966744 0.193587
vn -0.095116 0.995220 -0.022121
vn 0.011793 0.999856 -0.012179
vn -0.195548 0.979048 -0.056802
vn -0.282649 0.952442 -0.113860
vn -0.350487 0.917216 -0.189404
vn -0.394443 0.875769 -0.278287
vn -0.411519 0.830924 -0.374456
vn -0.400552 0.785745 -0.471341
vn -0.362283 0.743296 -0.562371
vn -0.299318 0.706477 -0.641326
vn -0.215977 0.677818 -0.702792
vn -0.117902 0.659242 -0.742630
vn -0.011788 0.652021 -0.758109
vn 0.095118 0.656662 -0.748163
vn 0.195547 0.672834 -0.713482
vn 0.282641 0.699437 -0.656431
vn 0.350485 0.734666 -0.580884
vn 0.394447 0.776115 -0.491994
vn 0.411524 0.820955 -0.395828
vn 0.400549 0.866139 -0.298936
vn 0.362282 0.908583 -0.207916
vn 0.299327 0.945393 -0.128976
vn 0.215971 0.974064 -0.067491
vn 0.117901 0.992640 -0.027653
vn -0.047040 0.976960 -0.208173
vn 0.012599 0.978876 -0.204064
vn -0.103460 0.968587 -0.226131
vn -0.152841 0.954326 -0.256713
vn -0.191794 0.935155 -0.297827
vn -0.217687 0.912369 -0.346692
vn -0.228742 0.887527 -0.399965
vn -0.224209 0.862332 -0.453998
vn -0.204400 0.838490 -0.505129
vn -0.170646 0.817608 -0.549906
vn -0.125279 0.801140 -0.585217
vn -0.071387 0.790205 -0.608671
vn -0.012592 0.785529 -0.618697
vn 0.047040 0.787447 -0.614585
vn 0.103471 0.795820 -0.596628
vn 0.152836 0.810079 -0.566051
vn 0.191801 0.829262 -0.524917
vn 0.217688 0.852045 -0.476057
vn 0.228742 0.876879 -0.422801
vn 0.224208 0.902085 -0.368746
vn 0.204393 0.925933 -0.317603
vn 0.170653 0.946798 -0.272858
vn 0.125281 0.963263 -0.237549
vn 0.071381 0.974203 -0.214085
vn 0.000001 0.906310 -0.422613
vn 0.035607 -0.808658 -0.587201
vn 0.260596 -0.792165 -0.551874
vn 0.198352 -0.874617 -0.442382
vn -0.007842 -0.885216 -0.465114
vn 0.467815 -0.751640 -0.464958
vn 0.391032 -0.841822 -0.372061
vn 0.643158 -0.689825 -0.332399
vn 0.557066 -0.789069 -0.258936
vn 0.774663 -0.610945 -0.163228
vn 0.685131 -0.719956 -0.110721
vn 0.853382 -0.520362 0.031028
vn 0.766506 -0.639191 0.062485
vn 0.873944 -0.424255 0.237127
vn 0.795647 -0.552273 0.248878
vn 0.834947 -0.329174 0.441031
vn 0.770563 -0.465133 0.435756
vn 0.739052 -0.241598 0.628835
vn 0.692967 -0.383706 0.610383
vn 0.592796 -0.167497 0.787742
vn 0.568156 -0.313544 0.760847
vn 0.406131 -0.111916 0.906936
vn 0.404617 -0.259413 0.876921
vn 0.191777 -0.078644 0.978282
vn 0.213492 -0.225016 0.950678
vn -0.035605 -0.069958 0.996914
vn 0.007838 -0.212698 0.977087
vn -0.260587 -0.086433 0.961574
vn -0.198342 -0.223303 0.954356
vn -0.467818 -0.126969 0.874657
vn -0.391039 -0.256102 0.884025
vn -0.643159 -0.188782 0.742097
vn -0.557063 -0.308857 0.770901
vn -0.774665 -0.267664 0.572931
vn -0.685129 -0.377963 0.622690
vn -0.853384 -0.358247 0.378674
vn -0.766506 -0.458729 0.449484
vn -0.873945 -0.454354 0.172575
vn -0.795647 -0.545647 0.263088
vn -0.834949 -0.549436 -0.031325
vn -0.770566 -0.632787 0.076215
vn -0.739052 -0.637012 -0.219132
vn -0.692971 -0.714217 -0.098413
vn -0.592793 -0.711111 -0.378044
vn -0.568152 -0.784384 -0.248885
vn -0.406132 -0.766691 -0.497234
vn -0.404615 -0.838509 -0.364950
vn -0.191788 -0.799962 -0.568576
vn -0.213496 -0.872900 -0.438707
vn 0.147206 -0.969054 -0.198155
vn -0.010283 -0.976671 -0.214495
vn 0.294670 -0.944468 -0.145430
vn 0.422051 -0.904590 -0.059912
vn 0.520669 -0.852139 0.052571
vn 0.583804 -0.790687 0.184353
vn 0.607152 -0.724427 0.326454
vn 0.589126 -0.657862 0.469199
vn 0.530951 -0.595542 0.602845
vn 0.436597 -0.541717 0.718280
vn 0.312495 -0.500048 0.807650
vn 0.167069 -0.473351 0.864886
vn 0.010283 -0.463479 0.886048
vn -0.147202 -0.471096 0.869713
vn -0.294683 -0.495688 0.816979
vn -0.422060 -0.535567 0.731460
vn -0.520664 -0.588016 0.618988
vn -0.583800 -0.649469 0.487204
vn -0.607154 -0.715732 0.345097
vn -0.589128 -0.782291 0.202360
vn -0.530955 -0.844610 0.068716
vn -0.436596 -0.898443 -0.046732
vn -0.312485 -0.940121 -0.136110
vn -0.167079 -0.966803 -0.193328
vn 0.095048 -0.995221 0.022395
vn -0.011800 -0.999853 0.012462
vn 0.195411 -0.979061 0.057052
vn 0.282466 -0.952471 0.114072
vn 0.350264 -0.917268 0.189566
vn 0.394195 -0.875847 0.278391
vn 0.411263 -0.831030 0.374502
vn 0.400300 -0.785881 0.471329
vn 0.362064 -0.743457 0.562300
vn 0.299150 -0.706666 0.641196
vn 0.215861 -0.678020 0.702633
vn 0.117836 -0.659458 0.742449
vn 0.011801 -0.652241 0.757920
vn -0.095034 -0.656871 0.747990
vn -0.195420 -0.673034 0.713328
vn -0.282480 -0.699618 0.656308
vn -0.350272 -0.734823 0.580813
vn -0.394195 -0.776244 0.491991
vn -0.411261 -0.821060 0.395885
vn -0.400304 -0.866214 0.299048
vn -0.362067 -0.908629 0.208089
vn -0.299148 -0.945421 0.129191
vn -0.215849 -0.974074 0.067743
vn -0.117837 -0.992640 0.027928
vn 0.046989 -0.976931 0.208322
vn -0.012601 -0.978845 0.204217
vn 0.103380 -0.968565 0.226262
vn 0.152728 -0.954314 0.256824
vn 0.191676 -0.935148 0.297925
vn 0.217538 -0.912389 0.346734
vn 0.228591 -0.887557 0.399985
vn 0.224068 -0.862381 0.453975
vn 0.204268 -0.838548 0.505086
vn 0.170550 -0.817690 0.549815
vn 0.125208 -0.801234 0.585105
vn 0.071334 -0.790301 0.608552
vn 0.012589 -0.785630 0.618569
vn -0.046965 -0.787545 0.614465
vn -0.103388 -0.795916 0.596514
vn -0.152728 -0.810160 0.565963
vn -0.191673 -0.829326 0.524861
vn -0.217546 -0.852091 0.476040
vn -0.228593 -0.876912 0.422813
vn -0.224063 -0.902097 0.368804
vn -0.204274 -0.925925 0.317704
vn -0.170550 -0.946782 0.272977
vn -0.125205 -0.963240 0.237681
vn -0.071330 -0.974175 0.214232
vn -0.000000 -0.906308 0.422618
vn -0.012638 -0.740864 0.671537
vn -0.088700 -0.746486 0.659463
vn -0.063636 -0.743658 0.665525
vn 0.013312 -0.740857 0.671531
vn -0.158702 -0.760256 0.629941
vn -0.136258 -0.754746 0.641710
vn -0.217818 -0.781275 0.584949
vn -0.199513 -0.773486 0.601593
vn -0.262163 -0.807973 0.527684
vn -0.249193 -0.798477 0.548031
vn -0.288644 -0.838616 0.461961
vn -0.281915 -0.828024 0.484664
vn -0.295484 -0.871104 0.392259
vn -0.295460 -0.860141 0.415766
vn -0.282161 -0.903238 0.323337
vn -0.288862 -0.892643 0.346044
vn -0.249602 -0.932824 0.259882
vn -0.262566 -0.923321 0.280244
vn -0.200016 -0.957840 0.206241
vn -0.218362 -0.950081 0.222855
vn -0.136804 -0.976580 0.166060
vn -0.159269 -0.971090 0.177812
vn -0.064283 -0.987770 0.142047
vn -0.089333 -0.984923 0.148145
vn 0.012634 -0.990646 0.135868
vn -0.013310 -0.990636 0.135876
vn 0.088689 -0.985009 0.147961
vn 0.063634 -0.987838 0.141869
vn 0.158694 -0.971243 0.177492
vn 0.136230 -0.976717 0.165729
vn 0.217883 -0.950291 0.222428
vn 0.199545 -0.958034 0.205799
vn 0.262217 -0.923578 0.279724
vn 0.249250 -0.933064 0.259357
vn 0.288687 -0.892928 0.345456
vn 0.281975 -0.903507 0.322747
vn 0.295501 -0.860418 0.415162
vn 0.295477 -0.871382 0.391646
vn 0.282182 -0.828273 0.484084
vn 0.288901 -0.838847 0.461380
vn 0.249536 -0.798734 0.547500
vn 0.262546 -0.808194 0.527154
vn 0.199989 -0.773698 0.601162
vn 0.218299 -0.781472 0.584506
vn 0.136829 -0.754900 0.641408
vn 0.159275 -0.760398 0.629624
vn 0.064292 -0.743739 0.665372
vn 0.089348 -0.746556 0.659296
vn -0.123858 -0.263669 0.956628
vn -0.756913 -0.534033 0.376685
vn -0.625161 -0.373335 0.685416
vn 0.247569 -0.257441 0.934042
vn -0.343940 -0.872063 -0.348154
vn -0.633922 -0.759934 -0.143679
vn 0.544325 -0.810526 -0.216238
vn 0.233351 -0.882936 -0.407396
vn 0.680374 -0.434490 0.590177
vn 0.778182 -0.572308 0.258644
vn -0.235393 0.410753 0.880836
vn -0.997071 0.032327 0.069316
vn -0.851621 0.221524 0.475045
vn 0.235393 0.410753 0.880836
vn -0.851596 0.221536 0.475085
vn 0.235338 0.410749 0.880853
vn -0.235393 0.410743 0.880841
vn -0.997071 0.032321 0.069314
vn -0.380795 -0.390769 -0.838030
vn -0.761689 -0.273829 -0.587238
vn -0.761702 -0.273819 -0.587225
vn -0.380854 -0.390758 -0.838008
vn 0.761689 -0.273829 -0.587238
vn 0.380881 -0.390754 -0.837998
vn 0.380857 -0.390758 -0.838007
vn 0.761702 -0.273820 -0.587225
vn 0.851594 0.221542 0.475086
vn 0.997071 0.032326 0.069316
vn 0.997072 0.032318 0.069308
vn 0.851597 0.221534 0.475083
vn -0.178496 0.495793 0.849899
vn 0.281891 0.746680 0.602500
vn -0.732326 0.608379 0.305899
vn -0.987004 0.137932 0.082451
vn -0.734537 0.157945 -0.659931
vn -0.431519 -0.297678 -0.851574
vn 0.278423 0.017835 -0.960293
vn 0.720329 -0.208972 -0.661406
vn 0.906556 0.381754 -0.180057
vn 0.876689 0.281420 0.390154
vn 0.149560 -0.256220 0.954978
vn -0.673943 -0.417207 0.609704
vn -0.000000 -0.906307 0.422621
vn -0.566133 -0.797928 -0.206892
vn 0.324100 -0.872245 -0.366261
vn 0.766392 -0.537444 0.351848
vn 0.000000 -0.834991 0.550264
vn 0.000000 -0.781376 -0.624060
vn 0.000000 -0.980321 -0.197410
vn 0.000000 -0.490712 0.871322
vn 0.000000 -0.121877 0.992545
vn 0.000000 -0.121877 0.992545
vn 0.000000 0.998960 0.045604
vn 0.000000 0.906299 0.422636
vn 0.000000 0.906299 0.422636
vn 0.000000 0.909144 -0.416482
vn 0.000000 0.352130 -0.935951
vn 0.000000 -0.115137 -0.993350
vn 1.000000 0.000002 0.000003
vn 1.000000 0.000000 0.000000
vn 1.000000 0.000002 0.000003
vn 1.000000 0.000005 0.000008
vn -1.000000 0.000000 0.000000
vn -1.000000 0.000000 0.000000
vn -1.000000 0.000000 0.000000
vn -1.000000 0.000000 0.000000
vn 0.000000 0.031446 -0.999505
vn 0.000000 0.031446 -0.999505
vn 0.000000 0.031446 -0.999505
vn 0.000000 0.031446 -0.999505
vn 0.000000 -0.906311 -0.422611
vn 0.000000 -0.906311 -0.422611
vn 0.000000 -0.906311 -0.422611
vn 0.000000 -0.906311 -0.422611
vn 0.000000 -0.745461 0.666549
vn 0.000000 -0.745461 0.666549
vn 0.000000 -0.745461 0.666549
vn 0.000000 -0.745461 0.666549
vn -1.000000 -0.000001 0.000000
vn -1.000000 -0.000000 0.000000
vn -1.000000 -0.000001 0.000000
vn -1.000000 -0.000001 -0.000000
vn 1.000000 0.000000 -0.000000
vn 1.000000 0.000000 0.000000
vn 1.000000 0.000000 -0.000000
vn 1.000000 0.000000 -0.000000
vn 0.000000 0.031446 -0.999505
vn 0.000000 0.031446 -0.999505
vn 0.000000 0.031446 -0.999505
vn 0.000000 0.031446 -0.999505
vn 0.000000 -0.906311 -0.422611
vn 0.000000 -0.906311 -0.422611
vn 0.000000 -0.906311 -0.422611
vn 0.000000 -0.906311 -0.422611
vn 0.000000 -0.745461 0.666549
vn 0.000000 -0.745461 0.666549
vn 0.000000 -0.745461 0.666549
vn 0.000000 -0.745461 0.666549
vn 0.198416 -0.875591 0.440421
vn 0.260424 -0.793042 0.550694
vn 0.035635 -0.809515 0.586016
vn -0.007436 -0.886220 0.463206
vn 0.390732 -0.842814 0.370126
vn 0.467471 -0.752537 0.463852
vn 0.556429 -0.790114 0.257112
vn 0.642660 -0.690778 0.331382
vn 0.684204 -0.721086 0.109084
vn 0.774050 -0.611956 0.162345
vn 0.765353 -0.640433 -0.063874
vn 0.852696 -0.521442 -0.031754
vn 0.794342 -0.553656 -0.249971
vn 0.873228 -0.425417 -0.237685
vn 0.769200 -0.466660 -0.436531
vn 0.834248 -0.330417 -0.441423
vn 0.691637 -0.385381 -0.610835
vn 0.738423 -0.242917 -0.629065
vn 0.566945 -0.315362 -0.760999
vn 0.592274 -0.168872 -0.787841
vn 0.403603 -0.261351 -0.876813
vn 0.405751 -0.113359 -0.906927
vn 0.212769 -0.227067 -0.950353
vn 0.191595 -0.080131 -0.978198
vn 0.007431 -0.214813 -0.976627
vn -0.035639 -0.071436 -0.996808
vn -0.198411 -0.225436 -0.953840
vn -0.260409 -0.087930 -0.961486
vn -0.390727 -0.258223 -0.883546
vn -0.467473 -0.128405 -0.874632
vn -0.556435 -0.310915 -0.770527
vn -0.642667 -0.190171 -0.742169
vn -0.684209 -0.379939 -0.622499
vn -0.774048 -0.268996 -0.573141
vn -0.765350 -0.460596 -0.449546
vn -0.852694 -0.359503 -0.379038
vn -0.794343 -0.547372 -0.263445
vn -0.873227 -0.455531 -0.173106
vn -0.769199 -0.634366 -0.076887
vn -0.834251 -0.550534 0.030629
vn -0.691637 -0.715645 0.097418
vn -0.738421 -0.638038 0.218271
vn -0.566941 -0.785673 0.247581
vn -0.592272 -0.712076 0.377044
vn -0.403607 -0.839672 0.363389
vn -0.405751 -0.767597 0.496145
vn -0.212769 -0.873966 0.436937
vn -0.191602 -0.800837 0.567406
vn 0.147272 -0.968992 0.198408
vn -0.010282 -0.976614 0.214753
vn 0.294783 -0.944397 0.145662
vn 0.422205 -0.904505 0.060113
vn 0.520856 -0.852034 -0.052409
vn 0.584014 -0.790559 -0.184242
vn 0.607371 -0.724271 -0.326394
vn 0.589335 -0.657692 -0.469175
vn 0.531137 -0.595342 -0.602877
vn 0.436741 -0.541500 -0.718356
vn 0.312587 -0.499816 -0.807758
vn 0.167117 -0.473111 -0.865007
vn 0.010287 -0.463249 -0.886168
vn -0.147275 -0.470867 -0.869824
vn -0.294780 -0.495463 -0.817081
vn -0.422203 -0.535354 -0.731533
vn -0.520865 -0.587821 -0.619004
vn -0.584017 -0.649297 -0.487173
vn -0.607369 -0.715584 -0.345026
vn -0.589333 -0.782168 -0.202237
vn -0.531134 -0.844511 -0.068545
vn -0.436741 -0.898362 0.046941
vn -0.312588 -0.940053 0.136345
vn -0.167124 -0.966744 0.193587
vn 0.095119 -0.995220 -0.022121
vn -0.011792 -0.999856 -0.012178
vn 0.195549 -0.979047 -0.056804
vn 0.282648 -0.952442 -0.113860
vn 0.350486 -0.917217 -0.189403
vn 0.394443 -0.875769 -0.278287
vn 0.411521 -0.830923 -0.374457
vn 0.400553 -0.785743 -0.471344
vn 0.362284 -0.743297 -0.562370
vn 0.299320 -0.706479 -0.641323
vn 0.215978 -0.677818 -0.702792
vn 0.117903 -0.659242 -0.742630
vn 0.011787 -0.652022 -0.758109
vn -0.095116 -0.656663 -0.748162
vn -0.195547 -0.672834 -0.713481
vn -0.282641 -0.699437 -0.656431
vn -0.350485 -0.734666 -0.580884
vn -0.394447 -0.776115 -0.491993
vn -0.411523 -0.820956 -0.395828
vn -0.400548 -0.866140 -0.298937
vn -0.362279 -0.908584 -0.207913
vn -0.299327 -0.945393 -0.128976
vn -0.215974 -0.974064 -0.067492
vn -0.117902 -0.992640 -0.027653
vn 0.047043 -0.976960 -0.208173
vn -0.012598 -0.978876 -0.204065
vn 0.103466 -0.968586 -0.226131
vn 0.152841 -0.954326 -0.256712
vn 0.191794 -0.935155 -0.297826
vn 0.217686 -0.912369 -0.346691
vn 0.228743 -0.887528 -0.399964
vn 0.224210 -0.862331 -0.453999
vn 0.204400 -0.838487 -0.505134
vn 0.170649 -0.817609 -0.549904
vn 0.125282 -0.801142 -0.585215
vn 0.071390 -0.790206 -0.608670
vn 0.012589 -0.785529 -0.618697
vn -0.047041 -0.787447 -0.614585
vn -0.103468 -0.795819 -0.596629
vn -0.152836 -0.810079 -0.566051
vn -0.191800 -0.829261 -0.524918
vn -0.217689 -0.852047 -0.476054
vn -0.228742 -0.876881 -0.422797
vn -0.224208 -0.902084 -0.368750
vn -0.204392 -0.925934 -0.317601
vn -0.170656 -0.946798 -0.272856
vn -0.125286 -0.963262 -0.237550
vn -0.071379 -0.974204 -0.214084
vn -0.000000 -0.906310 -0.422613
vn -0.035608 0.808659 -0.587200
vn -0.260596 0.792166 -0.551872
vn -0.198352 0.874618 -0.442381
vn 0.007842 0.885217 -0.465112
vn -0.467817 0.751639 -0.464958
vn -0.391033 0.841822 -0.372060
vn -0.643158 0.689825 -0.332399
vn -0.557066 0.789068 -0.258937
vn -0.774663 0.610945 -0.163228
vn -0.685132 0.719955 -0.110722
vn -0.853382 0.520362 0.031028
vn -0.766505 0.639191 0.062485
vn -0.873944 0.424255 0.237127
vn -0.795647 0.552273 0.248878
vn -0.834947 0.329173 0.441032
vn -0.770564 0.465132 0.435757
vn -0.739052 0.241598 0.628835
vn -0.692967 0.383705 0.610383
vn -0.592796 0.167498 0.787742
vn -0.568156 0.313544 0.760847
vn -0.406131 0.111916 0.906935
vn -0.404617 0.259413 0.876921
vn -0.191778 0.078644 0.978282
vn -0.213492 0.225015 0.950678
vn 0.035605 0.069958 0.996914
vn -0.007838 0.212697 0.977087
vn 0.260586 0.086434 0.961574
vn 0.198342 0.223303 0.954356
vn 0.467818 0.126969 0.874657
vn 0.391039 0.256102 0.884025
vn 0.643160 0.188780 0.742097
vn 0.557064 0.308856 0.770900
vn 0.774665 0.267663 0.572932
vn 0.685129 0.377963 0.622690
vn 0.853384 0.358247 0.378675
vn 0.766506 0.458729 0.449485
vn 0.873945 0.454355 0.172575
vn 0.795647 0.545647 0.263088
vn 0.834947 0.549438 -0.031325
vn 0.770565 0.632788 0.076214
vn 0.739052 0.637011 -0.219132
vn 0.692971 0.714217 -0.098412
vn 0.592793 0.711111 -0.378044
vn 0.568153 0.784384 -0.248885
vn 0.406131 0.766692 -0.497234
vn 0.404614 0.838509 -0.364952
vn 0.191789 0.799963 -0.568574
vn 0.213496 0.872901 -0.438707
vn -0.147208 0.969053 -0.198155
vn 0.010283 0.976671 -0.214494
vn -0.294669 0.944468 -0.145429
vn -0.422049 0.904591 -0.059913
vn -0.520670 0.852138 0.052571
vn -0.583805 0.790686 0.184354
vn -0.607153 0.724427 0.326453
vn -0.589127 0.657862 0.469199
vn -0.530951 0.595542 0.602844
vn -0.436597 0.541717 0.718280
vn -0.312495 0.500047 0.807651
vn -0.167070 0.473352 0.864885
vn -0.010283 0.463479 0.886048
vn 0.147201 0.471097 0.869712
vn 0.294683 0.495688 0.816979
vn 0.422060 0.535568 0.731459
vn 0.520663 0.588017 0.618989
vn 0.583800 0.649468 0.487205
vn 0.607154 0.715731 0.345098
vn 0.589128 0.782291 0.202357
vn 0.530955 0.844609 0.068715
vn 0.436596 0.898443 -0.046730
vn 0.312484 0.940121 -0.136109
vn 0.167076 0.966803 -0.193330
vn -0.095047 0.995221 0.022394
vn 0.011798 0.999853 0.012461
vn -0.195415 0.979060 0.057052
vn -0.282464 0.952472 0.114070
vn -0.350264 0.917268 0.189566
vn -0.394196 0.875846 0.278394
vn -0.411263 0.831031 0.374500
vn -0.400300 0.785881 0.471329
vn -0.362065 0.743456 0.562301
vn -0.299151 0.706666 0.641195
vn -0.215861 0.678019 0.702634
vn -0.117838 0.659457 0.742449
vn -0.011802 0.652241 0.757920
vn 0.095035 0.656871 0.747990
vn 0.195420 0.673034 0.713328
vn 0.282481 0.699619 0.656306
vn 0.350271 0.734823 0.580814
vn 0.394193 0.776244 0.491993
vn 0.411260 0.821060 0.395886
vn 0.400303 0.866214 0.299049
vn 0.362066 0.908630 0.208085
vn 0.299148 0.945421 0.129191
vn 0.215848 0.974074 0.067743
vn 0.117837 0.992640 0.027930
vn -0.046986 0.976931 0.208322
vn 0.012599 0.978844 0.204217
vn -0.103382 0.968564 0.226263
vn -0.152728 0.954315 0.256823
vn -0.191673 0.935148 0.297924
vn -0.217540 0.912386 0.346739
vn -0.228591 0.887558 0.399985
vn -0.224067 0.862382 0.453973
vn -0.204269 0.838549 0.505085
vn -0.170553 0.817691 0.549812
vn -0.125209 0.801233 0.585105
vn -0.071335 0.790300 0.608553
vn -0.012591 0.785630 0.618569
vn 0.046967 0.787545 0.614465
vn 0.103387 0.795916 0.596515
vn 0.152731 0.810161 0.565961
vn 0.191676 0.829327 0.524858
vn 0.217544 0.852091 0.476042
vn 0.228591 0.876911 0.422816
vn 0.224063 0.902095 0.368810
vn 0.204271 0.925926 0.317701
vn 0.170549 0.946782 0.272977
vn 0.125202 0.963240 0.237681
vn 0.071331 0.974174 0.214233
vn -0.000000 0.906308 0.422617
vn 0.012639 0.740864 0.671536
vn 0.088699 0.746484 0.659465
vn 0.063635 0.743657 0.665526
vn -0.013311 0.740862 0.671526
vn 0.158701 0.760255 0.629941
vn 0.136257 0.754745 0.641712
vn 0.217817 0.781274 0.584949
vn 0.199514 0.773485 0.601593
vn 0.262163 0.807973 0.527684
vn 0.249193 0.798477 0.548031
vn 0.288644 0.838616 0.461961
vn 0.281915 0.828025 0.484664
vn 0.295482 0.871104 0.392259
vn 0.295460 0.860141 0.415766
vn 0.282159 0.903238 0.323337
vn 0.288861 0.892644 0.346044
vn 0.249601 0.932824 0.259883
vn 0.262565 0.923321 0.280245
vn 0.200019 0.957841 0.206235
vn 0.218362 0.950081 0.222856
vn 0.136811 0.976581 0.166048
vn 0.159274 0.971092 0.177800
vn 0.064281 0.987771 0.142047
vn 0.089336 0.984923 0.148138
vn -0.012633 0.990645 0.135877
vn 0.013307 0.990637 0.135876
vn -0.088684 0.985006 0.147981
vn -0.063629 0.987836 0.141887
vn -0.158691 0.971243 0.177497
vn -0.136225 0.976715 0.165741
vn -0.217882 0.950290 0.222431
vn -0.199540 0.958034 0.205802
vn -0.262224 0.923577 0.279720
vn -0.249251 0.933064 0.259357
vn -0.288699 0.892925 0.345452
vn -0.281988 0.903505 0.322742
vn -0.295495 0.860421 0.415161
vn -0.295483 0.871380 0.391645
vn -0.282168 0.828278 0.484083
vn -0.288889 0.838852 0.461378
vn -0.249536 0.798734 0.547500
vn -0.262539 0.808197 0.527154
vn -0.199987 0.773699 0.601161
vn -0.218299 0.781472 0.584506
vn -0.136827 0.754905 0.641402
vn -0.159274 0.760399 0.629623
vn -0.064289 0.743747 0.665363
vn -0.089346 0.746564 0.659287
vn 0.123857 0.263675 0.956627
vn 0.756908 0.534045 0.376678
vn 0.625155 0.373343 0.685416
vn -0.247565 0.257449 0.934040
vn 0.343933 0.872063 -0.348160
vn 0.633913 0.759941 -0.143683
vn -0.544312 0.810534 -0.216238
vn -0.233352 0.882935 -0.407397
vn -0.680365 0.434505 0.590177
vn -0.778172 0.572323 0.258641
vn 0.235388 -0.410753 0.880837
vn 0.997071 -0.032325 0.069313
vn 0.851621 -0.221524 0.475046
vn -0.235392 -0.410752 0.880836
vn 0.851596 -0.221535 0.475086
vn -0.235338 -0.410748 0.880853
vn 0.235393 -0.410742 0.880841
vn 0.997071 -0.032321 0.069315
vn 0.380796 0.390768 -0.838030
vn 0.761690 0.273828 -0.587237
vn 0.761702 0.273820 -0.587225
vn 0.380856 0.390759 -0.838007
vn -0.761692 0.273827 -0.587235
vn -0.380887 0.390752 -0.837996
vn -0.380854 0.390759 -0.838008
vn -0.761702 0.273820 -0.587224
vn -0.851592 -0.221544 0.475089
vn -0.997071 -0.032327 0.069316
vn -0.997071 -0.032319 0.069311
vn -0.851597 -0.221534 0.475083
vn 0.178492 -0.495794 0.849900
vn -0.281898 -0.746672 0.602507
vn 0.732334 -0.608369 0.305899
vn 0.987004 -0.137934 0.082449
vn 0.734541 -0.157941 -0.659928
vn 0.431518 0.297680 -0.851574
vn -0.278423 -0.017836 -0.960293
vn -0.720330 0.208971 -0.661405
vn -0.906559 -0.381750 -0.180049
vn -0.876687 -0.281422 0.390156
vn -0.149557 0.256225 0.954977
vn 0.673940 0.417213 0.609704
vn 0.000005 0.906307 0.422619
vn 0.566130 0.797933 -0.206879
vn -0.324096 0.872252 -0.366248
vn -0.766388 0.537450 0.351847
vn 1.000000 0.000000 0.000000
vn 1.000000 0.000000 0.000000
vn 1.000000 0.000000 0.000000
vn 1.000000 0.000000 0.000000
vn 1.000000 0.000000 0.000000
vn -0.000000 -0.851601 -0.524191
vn 0.000000 0.235374 -0.971905
vn -0.000000 -0.235375 -0.971905
vn -0.000000 -0.997071 -0.076482
vn -0.000000 -0.761698 0.647932
vn -0.000000 -0.380849 0.924637
vn 0.000000 0.380847 0.924638
vn 0.000000 0.761693 0.647938
vn 0.000000 0.997071 -0.076477
vn 0.000000 0.851598 -0.524195
vn -1.000000 0.000000 0.000000
vn -1.000000 0.000000 0.000000
vn -1.000000 0.000000 0.000000
vn -1.000000 0.000000 0.000000
vn -1.000000 0.000000 0.000000
vn -0.587302 -0.096258 0.803623
vn -0.089933 -0.588285 0.803637
vn -0.363567 -0.490445 0.792012
vn -0.578812 0.194211 0.791997
vn 0.531704 -0.267321 0.803636
vn 0.354101 -0.497321 0.792013
vn 0.418542 0.423083 0.803631
vn 0.582404 0.183087 0.792013
vn -0.273044 0.528813 0.803620
vn 0.005842 0.610490 0.792002
vn -0.971904 -0.235377 0.000000
vn -0.076484 -0.997071 0.000000
vn -0.524193 -0.851600 -0.000000
vn -0.971904 0.235377 0.000000
vn -0.524191 -0.851601 0.000000
vn -0.971904 0.235377 0.000001
vn -0.971905 -0.235372 0.000001
vn -0.076478 -0.997071 0.000000
vn 0.924639 -0.380845 0.000000
vn 0.647938 -0.761693 0.000000
vn 0.647937 -0.761694 -0.000000
vn 0.924639 -0.380846 -0.000000
vn 0.647938 0.761693 0.000000
vn 0.924639 0.380845 0.000000
vn 0.924637 0.380850 -0.000001
vn 0.647938 0.761693 -0.000001
vn -0.524193 0.851600 0.000000
vn -0.076484 0.997071 0.000000
vn -0.076477 0.997071 -0.000000
vn -0.524192 0.851600 0.000000
vn 0.000000 0.000000 1.000000
vn 0.000000 0.000000 1.000000
vn 0.000000 0.000000 1.000000
vn 0.000000 0.000000 1.000000
vn 0.000000 0.000000 1.000000
vn -0.587292 -0.096262 0.803630
vn -0.089932 -0.588297 0.803629
vn -0.363563 -0.490456 0.792007
vn -0.578802 0.194212 0.792004
vn 0.531723 -0.267330 0.803620
vn 0.354110 -0.497335 0.792000
vn 0.418561 0.423088 0.803619
vn 0.582425 0.183094 0.791996
vn -0.273038 0.528808 0.803625
vn 0.005850 0.610493 0.792000
vn -0.971904 -0.235377 0.000000
vn -0.076477 -0.997071 0.000000
vn -0.524188 -0.851603 0.000000
vn -0.971904 0.235377 0.000000
vn -0.524189 -0.851602 0.000000
vn -0.971905 0.235372 0.000000
vn -0.971904 -0.235378 0.000000
vn -0.076473 -0.997072 0.000000
vn 0.924637 -0.380850 0.000000
vn 0.647934 -0.761697 0.000000
vn 0.647934 -0.761696 0.000000
vn 0.924636 -0.380852 0.000000
vn 0.647938 0.761693 0.000000
vn 0.924637 0.380850 0.000000
vn 0.924638 0.380846 0.000000
vn 0.647936 0.761695 -0.000000
vn -0.524188 0.851603 0.000001
vn -0.076470 0.997072 0.000001
vn -0.076478 0.997071 -0.000000
vn -0.524194 0.851599 -0.000001
vn 0.000000 0.000000 1.000000
vn 0.000000 0.000000 1.000000
vn 0.000000 0.000000 1.000000
vn 0.000000 0.000000 1.000000
vn 0.000000 0.000000 1.000000
vn 0.000000 -1.000000 0.000000
vn 0.000000 -1.000000 0.000000
vn 0.000000 -1.000000 0.000000
vn 0.000000 -1.000000 0.000000
vn 0.000000 0.000000 1.000000
vn 0.000000 0.000000 1.000000
vn 0.000000 0.000000 1.000000
vn 0.000000 0.000000 1.000000
vn 1.000000 0.000000 0.000000
vn 1.000000 0.000000 0.000000
vn 1.000000 0.000000 0.000000
vn 1.000000 0.000000 0.000000
vn 0.000000 0.000000 -1.000000
vn 0.000000 0.000000 -1.000000
vn 0.000000 0.000000 -1.000000
vn 0.000000 0.000000 -1.000000
vn -1.000000 -0.000000 0.000000
vn -1.000000 -0.000000 0.000000
vn -1.000000 -0.000000 0.000000
vn -1.000000 -0.000000 0.000000
vn 0.000000 1.000000 0.000000
vn 0.000000 1.000000 0.000000
vn 0.000000 1.000000 0.000000
vn 0.000000 1.000000 0.000000
vn 0.000000 1.000000 0.000000
vn 0.851575 -0.000000 -0.524233
vn -0.235350 0.000000 -0.971911
vn 0.235350 -0.000000 -0.971911
vn 0.997071 -0.000000 -0.076486
vn 0.761663 -0.000000 0.647973
vn 0.380815 -0.000000 0.924651
vn -0.380815 0.000000 0.924651
vn -0.761663 0.000000 0.647974
vn -0.997071 0.000000 -0.076486
vn -0.851575 0.000000 -0.524233
vn 0.000000 -1.000000 0.000000
vn 0.000000 -1.000000 0.000000
vn 0.000000 -1.000000 0.000000
vn 0.000000 -1.000000 0.000000
vn 0.000000 -1.000000 0.000000
vn 0.096300 -0.587520 0.803459
vn 0.588520 -0.089968 0.803462
vn 0.490639 -0.363698 0.791831
vn -0.194285 -0.579022 0.791825
vn 0.267429 0.531919 0.803457
vn 0.497514 0.354235 0.791831
vn -0.423250 0.418717 0.803452
vn -0.183161 0.582636 0.791825
vn -0.529014 -0.273145 0.803453
vn -0.610725 0.005847 0.791821
vn 0.235374 -0.971905 0.000000
vn 0.997072 -0.076475 -0.000001
vn 0.851601 -0.524191 -0.000000
vn -0.235375 -0.971905 0.000001
vn 0.851601 -0.524190 0.000000
vn -0.235376 -0.971904 0.000000
vn 0.235377 -0.971904 0.000000
vn 0.997071 -0.076476 0.000000
vn 0.380847 0.924638 -0.000000
vn 0.761692 0.647939 -0.000001
vn 0.761694 0.647936 -0.000000
vn 0.380849 0.924637 -0.000000
vn -0.761697 0.647934 0.000000
vn -0.380846 0.924638 0.000000
vn -0.380849 0.924637 -0.000000
vn -0.761696 0.647935 -0.000000
vn -0.851601 -0.524191 0.000001
vn -0.997071 -0.076480 0.000001
vn -0.997071 -0.076477 -0.000000
vn -0.851601 -0.524190 -0.000000
vn 0.000000 0.000000 1.000000
vn 0.000000 0.000000 1.000000
vn 0.000000 0.000000 1.000000
vn 0.000000 0.000000 1.000000
vn 0.000000 0.000000 1.000000
vn 0.096295 -0.587520 0.803460
vn 0.588530 -0.089971 0.803454
vn 0.490639 -0.363705 0.791828
vn -0.194284 -0.579017 0.791829
vn 0.267433 0.531928 0.803450
vn 0.497524 0.354244 0.791821
vn -0.423249 0.418720 0.803451
vn -0.183162 0.582643 0.791820
vn -0.529009 -0.273140 0.803458
vn -0.610720 0.005851 0.791825
vn 0.235373 -0.971905 0.000000
vn 0.997071 -0.076486 0.000000
vn 0.851595 -0.524201 0.000000
vn -0.235375 -0.971905 0.000000
vn 0.851599 -0.524194 0.000001
vn -0.235381 -0.971903 0.000000
vn 0.235374 -0.971905 0.000000
vn 0.997071 -0.076480 0.000001
vn 0.380844 0.924639 0.000000
vn 0.761694 0.647937 0.000000
vn 0.761696 0.647935 0.000000
vn 0.380847 0.924638 0.000000
vn -0.761693 0.647938 0.000000
vn -0.380845 0.924639 0.000000
vn -0.380843 0.924640 0.000000
vn -0.761692 0.647940 -0.000000
vn -0.851602 -0.524189 0.000000
vn -0.997071 -0.076477 0.000000
vn -0.997071 -0.076477 -0.000000
vn -0.851601 -0.524191 -0.000000
vn 0.000000 0.000000 1.000000
vn 0.000000 0.000000 1.000000
vn 0.000000 0.000000 1.000000
vn 0.000000 0.000000 1.000000
vn 0.000000 0.000000 1.000000
vn -0.000002 1.000000 0.000000
vn -0.000002 1.000000 0.000000
vn -0.000002 1.000000 0.000000
vn -0.000002 1.000000 0.000000
vn 0.000000 0.000000 1.000000
vn 0.000000 0.000000 1.000000
vn 0.000000 0.000000 1.000000
vn 0.000000 0.000000 1.000000
vn -1.000000 0.000001 0.000000
vn -1.000000 0.000001 0.000000
vn -1.000000 0.000001 0.000000
vn -1.000000 0.000001 0.000000
vn 0.000000 0.000000 -1.000000
vn 0.000000 0.000000 -1.000000
vn 0.000000 0.000000 -1.000000
vn 0.000000 0.000000 -1.000000
vn 1.000000 0.000000 0.000000
vn 1.000000 0.000000 0.000000
vn 1.000000 0.000000 0.000000
vn 1.000000 0.000000 0.000000
vn -0.990602 -0.136773 0.000017
vn -0.923881 -0.382681 0.000049
vn -0.923881 -0.382681 0.000049
vn -0.990602 0.136773 -0.000017
vn -0.382681 -0.923881 0.000118
vn 0.136774 -0.990602 0.000126
vn -0.136773 -0.990602 0.000126
vn -0.382681 -0.923881 0.000118
vn 0.797174 -0.603750 0.000077
vn 0.603749 -0.797174 0.000102
vn 0.990602 0.136777 -0.000017
vn 0.990602 -0.136777 0.000017
vn 0.603752 0.797172 -0.000102
vn 0.797173 0.603750 -0.000077
vn -0.136775 0.990602 -0.000126
vn 0.136776 0.990602 -0.000126
vn -0.797176 0.603747 -0.000077
vn -0.603748 0.797175 -0.000102
vn 0.000000 -0.306140 -0.951986
vn 0.000000 -0.979179 -0.203001
vn 0.000000 -0.887839 -0.460154
vn -0.000000 0.306141 -0.951986
vn 0.000000 -1.000000 0.000000
vn 0.000000 -1.000000 0.000000
vn 0.000000 -0.694450 0.719541
vn -0.000000 0.306252 0.951951
vn 0.000000 -0.306252 0.951950
vn 0.000000 -0.694450 0.719541
vn -0.000000 0.979182 0.202986
vn -0.000000 0.887877 0.460081
vn -0.000000 0.887839 -0.460154
vn -0.000000 0.979179 -0.203000
vn -0.498760 -0.280601 -0.820062
vn -0.115505 -0.974983 -0.189915
vn -0.257306 -0.868799 -0.423063
vn -0.498738 0.280742 -0.820027
vn -0.000000 -1.000000 0.000000
vn -0.000000 -1.000000 0.000000
vn 0.390672 -0.659374 0.642340
vn 0.498761 0.280603 0.820060
vn 0.498761 -0.280602 0.820061
vn 0.390672 -0.659373 0.642341
vn 0.115519 0.974977 0.189934
vn 0.257333 0.868770 0.423105
vn -0.257328 0.868774 -0.423101
vn -0.115517 0.974977 -0.189936
vn 0.000000 -0.306126 -0.951991
vn 0.000000 -0.979178 -0.203003
vn 0.000000 -0.887834 -0.460163
vn -0.000000 0.306127 -0.951991
vn 0.000000 -1.000000 0.000000
vn 0.000000 -1.000000 0.000000
vn 0.000000 -0.694306 0.719680
vn -0.000000 0.306141 0.951986
vn 0.000000 -0.306141 0.951986
vn 0.000000 -0.694306 0.719680
vn -0.000000 0.979178 0.203001
vn -0.000000 0.887839 0.460154
vn -0.000000 0.887835 -0.460163
vn -0.000000 0.979178 -0.203002
vn -0.498762 -0.280601 -0.820061
vn -0.115507 -0.974982 -0.189915
vn -0.257331 -0.868773 -0.423101
vn -0.498759 0.280617 -0.820057
vn -0.000000 -1.000000 0.000000
vn -0.000000 -1.000000 0.000000
vn 0.390667 -0.659386 0.642332
vn 0.498760 0.280619 0.820056
vn 0.498762 -0.280602 0.820060
vn 0.390662 -0.659395 0.642325
vn 0.115508 0.974982 0.189916
vn 0.257331 0.868773 0.423100
vn -0.257330 0.868774 -0.423101
vn -0.115508 0.974982 -0.189918
vn 0.000000 -0.306126 -0.951991
vn 0.000000 -0.979178 -0.203003
vn 0.000000 -0.887834 -0.460163
vn -0.000000 0.306127 -0.951991
vn 0.000000 -1.000000 0.000000
vn 0.000000 -1.000000 0.000000
vn 0.000000 -0.694306 0.719680
vn -0.000000 0.306141 0.951986
vn 0.000000 -0.306141 0.951986
vn 0.000000 -0.694306 0.719680
vn -0.000000 0.979178 0.203001
vn -0.000000 0.887839 0.460154
vn -0.000000 0.887835 -0.460163
vn -0.000000 0.979178 -0.203002
vn -0.498762 -0.280601 -0.820061
vn -0.115517 -0.974978 -0.189932
vn -0.257355 -0.868747 -0.423140
vn -0.498759 0.280617 -0.820057
vn -0.000000 -1.000000 0.000000
vn -0.000000 -1.000000 0.000000
vn 0.390623 -0.659476 0.642265
vn 0.498739 0.280744 0.820026
vn 0.498760 -0.280602 0.820062
vn 0.390575 -0.659577 0.642191
vn 0.115517 0.974977 0.189934
vn 0.257329 0.868773 0.423101
vn -0.257330 0.868774 -0.423101
vn -0.115518 0.974977 -0.189936
vn 0.000000 -0.306126 -0.951991
vn 0.000000 -0.979179 -0.202999
vn 0.000000 -0.887837 -0.460159
vn -0.000000 0.306127 -0.951991
vn 0.000000 -1.000000 0.000000
vn 0.000000 -1.000000 0.000000
vn 0.000000 -0.694288 0.719697
vn -0.000000 0.306127 0.951991
vn 0.000000 -0.306127 0.951991
vn 0.000000 -0.694288 0.719697
vn -0.000000 0.979179 0.202999
vn -0.000000 0.887837 0.460158
vn -0.000000 0.887837 -0.460158
vn -0.000000 0.979179 -0.202998
vn -0.498739 -0.280727 -0.820032
vn -0.115529 -0.974972 -0.189952
vn -0.257332 -0.868770 -0.423107
vn -0.498757 0.280602 -0.820063
vn -0.000000 -1.000000 0.000000
vn -0.000000 -1.000000 0.000000
vn 0.390623 -0.659476 0.642265
vn 0.498756 0.280619 0.820058
vn 0.498739 -0.280728 0.820031
vn 0.390662 -0.659395 0.642325
vn 0.115519 0.974977 0.189934
vn 0.257329 0.868774 0.423101
vn -0.257331 0.868771 -0.423106
vn -0.115518 0.974977 -0.189936
vn 0.000000 -0.306126 -0.951991
vn 0.000000 -0.979185 -0.202968
vn 0.000000 -0.887855 -0.460123
vn -0.000000 0.306127 -0.951991
vn 0.000000 -1.000000 0.000000
vn 0.000000 -1.000000 0.000000
vn 0.000000 -0.694288 0.719697
vn -0.000000 0.306127 0.951991
vn 0.000000 -0.306127 0.951991
vn 0.000000 -0.694288 0.719697
vn -0.000000 0.979185 0.202968
vn -0.000000 0.887856 0.460122
vn -0.000000 0.887856 -0.460122
vn -0.000000 0.979186 -0.202967
vn -0.498740 -0.280742 -0.820025
vn -0.115520 -0.974977 -0.189937
vn -0.257311 -0.868795 -0.423068
vn -0.498743 0.280727 -0.820029
vn -0.000000 -1.000000 0.000000
vn -0.000000 -1.000000 0.000000
vn 0.390623 -0.659476 0.642265
vn 0.498756 0.280619 0.820058
vn 0.498739 -0.280728 0.820031
vn 0.390662 -0.659395 0.642325
vn 0.115520 0.974977 0.189936
vn 0.257332 0.868770 0.423106
vn -0.257306 0.868799 -0.423062
vn -0.115518 0.974977 -0.189936
vn 0.000000 -0.306126 -0.951991
vn 0.000000 -0.979179 -0.202999
vn 0.000000 -0.887837 -0.460159
vn -0.000000 0.306127 -0.951991
vn 0.000000 -1.000000 0.000000
vn 0.000000 -1.000000 0.000000
vn 0.000000 -0.694432 0.719559
vn -0.000000 0.306238 0.951955
vn 0.000000 -0.306238 0.951955
vn 0.000000 -0.694432 0.719559
vn -0.000000 0.979182 0.202984
vn -0.000000 0.887874 0.460086
vn -0.000000 0.887837 -0.460158
vn -0.000000 0.979179 -0.202998
vn -0.498758 -0.280617 -0.820058
vn -0.115506 -0.974982 -0.189917
vn -0.257306 -0.868799 -0.423063
vn -0.498741 0.280727 -0.820031
vn -0.000000 -1.000000 0.000000
vn -0.000000 -1.000000 0.000000
vn 0.390672 -0.659374 0.642340
vn 0.498762 0.280603 0.820060
vn 0.498762 -0.280602 0.820060
vn 0.390673 -0.659373 0.642341
vn 0.115519 0.974977 0.189934
vn 0.257334 0.868770 0.423105
vn -0.257328 0.868774 -0.423101
vn -0.115515 0.974978 -0.189934
vn 0.000000 -0.306126 -0.951991
vn 0.000000 -0.979179 -0.202999
vn 0.000000 -0.887837 -0.460159
vn -0.000000 0.306127 -0.951991
vn 0.000000 -1.000000 0.000000
vn 0.000000 -1.000000 0.000000
vn 0.000000 -0.694288 0.719697
vn -0.000000 0.306127 0.951991
vn 0.000000 -0.306127 0.951991
vn 0.000000 -0.694288 0.719697
vn -0.000000 0.979179 0.202999
vn -0.000000 0.887837 0.460158
vn -0.000000 0.887837 -0.460158
vn -0.000000 0.979179 -0.202998
vn -0.498759 -0.280617 -0.820057
vn -0.115508 -0.974982 -0.189917
vn -0.257331 -0.868773 -0.423101
vn -0.498762 0.280602 -0.820061
vn -0.000000 -1.000000 0.000000
vn -0.000000 -1.000000 0.000000
vn 0.390667 -0.659386 0.642332
vn 0.498762 0.280603 0.820060
vn 0.498759 -0.280618 0.820057
vn 0.390673 -0.659373 0.642341
vn 0.115507 0.974982 0.189914
vn 0.257331 0.868773 0.423100
vn -0.257330 0.868774 -0.423100
vn -0.115506 0.974982 -0.189916
vn -0.990602 -0.136773 0.000017
vn -0.923880 -0.382682 0.000049
vn -0.923880 -0.382682 0.000049
vn -0.990602 0.136773 -0.000017
vn -0.382682 -0.923880 0.000118
vn 0.136774 -0.990602 0.000127
vn -0.136774 -0.990602 0.000127
vn -0.382681 -0.923881 0.000118
vn 0.797174 -0.603750 0.000077
vn 0.603750 -0.797174 0.000102
vn 0.990602 0.136777 -0.000017
vn 0.990602 -0.136777 0.000017
vn 0.603752 0.797172 -0.000102
vn 0.797174 0.603750 -0.000077
vn -0.136773 0.990602 -0.000126
vn 0.136778 0.990602 -0.000126
vn -0.797177 0.603745 -0.000077
vn -0.603750 0.797174 -0.000102
vn 0.000000 -0.306142 -0.951986
vn 0.000000 -0.979179 -0.202998
vn -0.000000 -0.887840 -0.460152
vn 0.000000 0.306141 -0.951986
vn 0.000000 -1.000000 0.000000
vn 0.000000 -1.000000 0.000000
vn -0.000000 -0.694452 0.719539
vn 0.000000 0.306253 0.951950
vn 0.000000 -0.306253 0.951950
vn 0.000000 -0.694450 0.719541
vn 0.000000 0.979182 0.202985
vn 0.000000 0.887877 0.460081
vn 0.000000 0.887840 -0.460153
vn 0.000000 0.979179 -0.203000
vn -0.498760 -0.280602 -0.820061
vn 0.498761 0.280603 0.820060
vn -0.257328 0.868774 -0.423101
vn 0.000000 -0.306128 -0.951990
vn 0.000000 -0.979179 -0.203000
vn -0.000000 -0.887835 -0.460161
vn 0.000000 0.306127 -0.951991
vn 0.000000 -1.000000 0.000000
vn 0.000000 -1.000000 0.000000
vn -0.000000 -0.694308 0.719678
vn 0.000000 0.306142 0.951986
vn 0.000000 -0.306142 0.951986
vn 0.000000 -0.694306 0.719680
vn 0.000000 0.979179 0.203000
vn 0.000000 0.887840 0.460153
vn 0.000000 0.887835 -0.460162
vn 0.000000 0.979178 -0.203002
vn -0.498762 -0.280603 -0.820060
vn 0.498760 0.280619 0.820056
vn -0.257329 0.868774 -0.423100
vn -0.000000 -0.306128 -0.951990
vn 0.000000 -0.979179 -0.203000
vn -0.000000 -0.887835 -0.460161
vn 0.000000 0.306127 -0.951991
vn 0.000000 -1.000000 0.000000
vn 0.000000 -1.000000 0.000000
vn -0.000000 -0.694308 0.719678
vn 0.000000 0.306142 0.951986
vn 0.000000 -0.306142 0.951986
vn 0.000000 -0.694306 0.719680
vn 0.000000 0.979179 0.203000
vn 0.000000 0.887840 0.460153
vn 0.000000 0.887835 -0.460162
vn 0.000000 0.979178 -0.203002
vn -0.498762 -0.280603 -0.820060
vn 0.498739 0.280744 0.820026
vn -0.257329 0.868774 -0.423100
vn -0.000000 -0.306239 -0.951955
vn 0.000000 -0.979183 -0.202981
vn -0.000000 -0.887875 -0.460084
vn 0.000000 0.306238 -0.951955
vn 0.000000 -1.000000 0.000000
vn 0.000000 -1.000000 0.000000
vn -0.000000 -0.694290 0.719695
vn 0.000000 0.306129 0.951990
vn 0.000000 -0.306128 0.951990
vn 0.000000 -0.694288 0.719697
vn 0.000000 0.979179 0.202999
vn 0.000000 0.887837 0.460157
vn 0.000000 0.887875 -0.460085
vn 0.000000 0.979182 -0.202982
vn -0.498738 -0.280729 -0.820031
vn 0.498756 0.280619 0.820058
vn -0.257330 0.868771 -0.423105
vn -0.000000 -0.306128 -0.951990
vn 0.000000 -0.979186 -0.202965
vn -0.000000 -0.887857 -0.460120
vn 0.000000 0.306127 -0.951991
vn 0.000000 -1.000000 0.000000
vn 0.000000 -1.000000 0.000000
vn -0.000000 -0.694290 0.719695
vn 0.000000 0.306129 0.951990
vn 0.000000 -0.306128 0.951990
vn 0.000000 -0.694288 0.719697
vn 0.000000 0.979185 0.202967
vn 0.000000 0.887856 0.460121
vn 0.000000 0.887856 -0.460121
vn 0.000000 0.979186 -0.202967
vn -0.498740 -0.280744 -0.820025
vn 0.498756 0.280619 0.820058
vn -0.257306 0.868800 -0.423061
vn -0.000000 -0.306128 -0.951990
vn 0.000000 -0.979179 -0.202996
vn -0.000000 -0.887838 -0.460157
vn 0.000000 0.306127 -0.951991
vn 0.000000 -1.000000 0.000000
vn 0.000000 -1.000000 0.000000
vn -0.000000 -0.694434 0.719557
vn 0.000000 0.306239 0.951955
vn -0.000000 -0.306239 0.951955
vn 0.000000 -0.694432 0.719559
vn 0.000000 0.979182 0.202983
vn 0.000000 0.887875 0.460085
vn 0.000000 0.887837 -0.460157
vn 0.000000 0.979179 -0.202998
vn -0.498757 -0.280618 -0.820058
vn 0.498762 0.280603 0.820060
vn -0.257328 0.868774 -0.423101
vn -0.000000 -0.306128 -0.951990
vn 0.000000 -0.979179 -0.202996
vn -0.000000 -0.887838 -0.460157
vn 0.000000 0.306127 -0.951991
vn 0.000000 -1.000000 0.000000
vn 0.000000 -1.000000 0.000000
vn -0.000000 -0.694290 0.719695
vn 0.000000 0.306129 0.951990
vn 0.000000 -0.306128 0.951990
vn 0.000000 -0.694288 0.719697
vn 0.000000 0.979179 0.202999
vn 0.000000 0.887837 0.460157
vn 0.000000 0.887837 -0.460157
vn 0.000000 0.979179 -0.202998
vn -0.498759 -0.280618 -0.820056
vn 0.498762 0.280603 0.820060
vn -0.257329 0.868774 -0.423100
vn 0.990602 0.136774 0.000017
vn 0.923879 0.382684 0.000049
vn 0.923879 0.382684 0.000049
vn 0.990602 -0.136774 -0.000017
vn 0.382683 0.923880 0.000118
vn -0.136775 0.990602 0.000126
vn 0.136773 0.990602 0.000126
vn 0.382685 0.923879 0.000118
vn -0.797175 0.603748 0.000077
vn -0.603749 0.797174 0.000102
vn -0.990602 -0.136774 -0.000017
vn -0.990602 0.136775 0.000017
vn -0.603751 -0.797173 -0.000102
vn -0.797176 -0.603747 -0.000077
vn 0.136776 -0.990602 -0.000126
vn -0.136774 -0.990602 -0.000126
vn 0.797175 -0.603749 -0.000077
vn 0.603748 -0.797175 -0.000102
vn 0.000000 0.306141 -0.951986
vn 0.000000 0.979179 -0.203000
vn 0.000000 0.887840 -0.460153
vn -0.000000 -0.306141 -0.951986
vn 0.000000 1.000000 0.000000
vn 0.000000 1.000000 0.000000
vn 0.000000 0.694451 0.719540
vn -0.000000 -0.306252 0.951950
vn 0.000000 0.306252 0.951950
vn 0.000000 0.694450 0.719541
vn -0.000000 -0.979182 0.202985
vn -0.000000 -0.887877 0.460082
vn -0.000000 -0.887839 -0.460154
vn -0.000000 -0.979179 -0.203001
vn 0.498760 0.280601 -0.820062
vn 0.115505 0.974982 -0.189915
vn 0.257306 0.868799 -0.423063
vn 0.498738 -0.280744 -0.820026
vn 0.000000 1.000000 0.000000
vn 0.000000 1.000000 0.000000
vn -0.390672 0.659374 0.642341
vn -0.498762 -0.280602 0.820061
vn -0.498761 0.280603 0.820061
vn -0.390673 0.659372 0.642342
vn -0.115519 -0.974977 0.189935
vn -0.257333 -0.868770 0.423105
vn 0.257328 -0.868774 -0.423101
vn 0.115517 -0.974977 -0.189936
vn 0.000000 0.306127 -0.951991
vn 0.000000 0.979178 -0.203002
vn 0.000000 0.887835 -0.460162
vn -0.000000 -0.306127 -0.951991
vn 0.000000 1.000000 0.000000
vn 0.000000 1.000000 0.000000
vn 0.000000 0.694307 0.719679
vn -0.000000 -0.306141 0.951986
vn 0.000000 0.306141 0.951986
vn 0.000000 0.694307 0.719679
vn -0.000000 -0.979179 0.203000
vn -0.000000 -0.887839 0.460154
vn -0.000000 -0.887834 -0.460163
vn -0.000000 -0.979178 -0.203003
vn 0.498762 0.280601 -0.820061
vn 0.115507 0.974982 -0.189915
vn 0.257331 0.868773 -0.423101
vn 0.498759 -0.280619 -0.820056
vn 0.000000 1.000000 0.000000
vn 0.000000 1.000000 0.000000
vn -0.390667 0.659385 0.642332
vn -0.498760 -0.280617 0.820056
vn -0.498762 0.280603 0.820060
vn -0.390663 0.659394 0.642325
vn -0.115508 -0.974982 0.189917
vn -0.257331 -0.868773 0.423101
vn 0.257330 -0.868773 -0.423101
vn 0.115508 -0.974982 -0.189918
vn 0.000000 0.306127 -0.951991
vn 0.000000 0.979178 -0.203002
vn 0.000000 0.887835 -0.460162
vn -0.000000 -0.306127 -0.951991
vn 0.000000 1.000000 0.000000
vn 0.000000 1.000000 0.000000
vn 0.000000 0.694307 0.719679
vn -0.000000 -0.306141 0.951986
vn 0.000000 0.306141 0.951986
vn 0.000000 0.694307 0.719679
vn -0.000000 -0.979179 0.203000
vn -0.000000 -0.887839 0.460154
vn -0.000000 -0.887834 -0.460163
vn -0.000000 -0.979178 -0.203003
vn 0.498762 0.280601 -0.820061
vn 0.115517 0.974978 -0.189933
vn 0.257354 0.868747 -0.423139
vn 0.498759 -0.280619 -0.820056
vn 0.000000 1.000000 0.000000
vn 0.000000 1.000000 0.000000
vn -0.390623 0.659476 0.642266
vn -0.498739 -0.280743 0.820026
vn -0.498760 0.280603 0.820061
vn -0.390575 0.659576 0.642192
vn -0.115517 -0.974977 0.189935
vn -0.257329 -0.868773 0.423101
vn 0.257330 -0.868773 -0.423101
vn 0.115518 -0.974977 -0.189936
vn 0.000000 0.306238 -0.951955
vn 0.000000 0.979182 -0.202982
vn 0.000000 0.887875 -0.460085
vn -0.000000 -0.306238 -0.951955
vn 0.000000 1.000000 0.000000
vn 0.000000 1.000000 0.000000
vn 0.000000 0.694289 0.719696
vn -0.000000 -0.306127 0.951991
vn -0.000000 0.306127 0.951991
vn 0.000000 0.694289 0.719697
vn -0.000000 -0.979179 0.202999
vn -0.000000 -0.887837 0.460159
vn -0.000000 -0.887874 -0.460086
vn -0.000000 -0.979182 -0.202983
vn 0.498739 0.280727 -0.820032
vn 0.115529 0.974972 -0.189952
vn 0.257332 0.868770 -0.423106
vn 0.498757 -0.280604 -0.820063
vn 0.000000 1.000000 0.000000
vn 0.000000 1.000000 0.000000
vn -0.390623 0.659476 0.642266
vn -0.498756 -0.280618 0.820059
vn -0.498739 0.280729 0.820031
vn -0.390663 0.659394 0.642325
vn -0.115519 -0.974977 0.189935
vn -0.257329 -0.868774 0.423101
vn 0.257331 -0.868771 -0.423106
vn 0.115518 -0.974977 -0.189935
vn 0.000000 0.306127 -0.951991
vn 0.000000 0.979186 -0.202967
vn 0.000000 0.887856 -0.460122
vn -0.000000 -0.306127 -0.951991
vn 0.000000 1.000000 0.000000
vn 0.000000 1.000000 0.000000
vn 0.000000 0.694289 0.719696
vn -0.000000 -0.306127 0.951991
vn -0.000000 0.306127 0.951991
vn 0.000000 0.694289 0.719697
vn -0.000000 -0.979185 0.202967
vn -0.000000 -0.887856 0.460122
vn -0.000000 -0.887856 -0.460122
vn -0.000000 -0.979185 -0.202968
vn 0.498740 0.280742 -0.820025
vn 0.115520 0.974976 -0.189937
vn 0.257310 0.868796 -0.423067
vn 0.498742 -0.280729 -0.820029
vn 0.000000 1.000000 0.000000
vn 0.000000 1.000000 0.000000
vn -0.390623 0.659476 0.642266
vn -0.498756 -0.280618 0.820059
vn -0.498739 0.280729 0.820031
vn -0.390663 0.659394 0.642325
vn -0.115520 -0.974976 0.189937
vn -0.257332 -0.868770 0.423106
vn 0.257306 -0.868799 -0.423062
vn 0.115519 -0.974977 -0.189935
vn 0.000000 0.306127 -0.951991
vn 0.000000 0.979179 -0.202998
vn 0.000000 0.887837 -0.460158
vn -0.000000 -0.306127 -0.951991
vn 0.000000 1.000000 0.000000
vn 0.000000 1.000000 0.000000
vn 0.000000 0.694433 0.719558
vn -0.000000 -0.306238 0.951955
vn -0.000000 0.306238 0.951955
vn 0.000000 0.694432 0.719558
vn -0.000000 -0.979182 0.202983
vn -0.000000 -0.887874 0.460086
vn -0.000000 -0.887837 -0.460159
vn -0.000000 -0.979179 -0.202999
vn 0.498758 0.280617 -0.820058
vn 0.115506 0.974982 -0.189917
vn 0.257305 0.868799 -0.423063
vn 0.498740 -0.280729 -0.820030
vn 0.000000 1.000000 0.000000
vn 0.000000 1.000000 0.000000
vn -0.390673 0.659374 0.642341
vn -0.498762 -0.280602 0.820060
vn -0.498762 0.280603 0.820060
vn -0.390674 0.659371 0.642342
vn -0.115519 -0.974977 0.189935
vn -0.257334 -0.868770 0.423105
vn 0.257328 -0.868774 -0.423101
vn 0.115516 -0.974978 -0.189934
vn 0.000000 0.306127 -0.951991
vn 0.000000 0.979179 -0.202998
vn 0.000000 0.887837 -0.460158
vn -0.000000 -0.306127 -0.951991
vn 0.000000 1.000000 0.000000
vn 0.000000 1.000000 0.000000
vn 0.000000 0.694289 0.719696
vn -0.000000 -0.306127 0.951991
vn -0.000000 0.306127 0.951991
vn 0.000000 0.694289 0.719697
vn -0.000000 -0.979179 0.202999
vn -0.000000 -0.887837 0.460159
vn -0.000000 -0.887837 -0.460159
vn -0.000000 -0.979179 -0.202999
vn 0.498759 0.280617 -0.820057
vn 0.115508 0.974982 -0.189917
vn 0.257331 0.868773 -0.423101
vn 0.498761 -0.280604 -0.820060
vn 0.000000 1.000000 0.000000
vn 0.000000 1.000000 0.000000
vn -0.390667 0.659385 0.642332
vn -0.498762 -0.280602 0.820061
vn -0.498759 0.280618 0.820056
vn -0.390674 0.659371 0.642342
vn -0.115507 -0.974982 0.189915
vn -0.257331 -0.868773 0.423101
vn 0.257330 -0.868773 -0.423101
vn 0.115507 -0.974982 -0.189916
vn 0.136773 -0.990602 0.000017
vn 0.382681 -0.923881 0.000049
vn 0.382682 -0.923880 0.000049
vn -0.136773 -0.990602 -0.000017
vn 0.923878 -0.382687 0.000118
vn 0.990602 0.136777 0.000126
vn 0.990602 -0.136774 0.000126
vn 0.923876 -0.382691 0.000118
vn 0.603751 0.797173 0.000077
vn 0.797173 0.603750 0.000102
vn -0.136777 0.990602 -0.000017
vn 0.136777 0.990602 0.000017
vn -0.797174 0.603749 -0.000102
vn -0.603751 0.797173 -0.000077
vn -0.990602 -0.136774 -0.000126
vn -0.990602 0.136776 -0.000126
vn -0.603746 -0.797177 -0.000077
vn -0.797173 -0.603751 -0.000102
vn 0.306141 -0.000000 -0.951986
vn 0.979178 -0.000000 -0.203001
vn 0.887839 -0.000000 -0.460154
vn -0.306142 0.000000 -0.951986
vn 1.000000 -0.000000 0.000000
vn 1.000000 -0.000000 0.000000
vn 0.694450 -0.000000 0.719541
vn -0.306252 0.000000 0.951951
vn 0.306252 -0.000000 0.951951
vn 0.694451 -0.000000 0.719540
vn -0.979182 0.000000 0.202984
vn -0.887877 0.000000 0.460081
vn -0.887840 0.000000 -0.460153
vn -0.979179 0.000000 -0.203000
vn 0.280603 -0.498760 -0.820061
vn 0.974982 -0.115506 -0.189917
vn 0.868798 -0.257307 -0.423064
vn -0.280744 -0.498738 -0.820026
vn 1.000000 -0.000000 0.000000
vn 1.000000 -0.000000 0.000000
vn 0.659375 0.390671 0.642340
vn -0.280603 0.498761 0.820060
vn 0.280604 0.498761 0.820060
vn 0.659374 0.390672 0.642341
vn -0.974977 0.115520 0.189937
vn -0.868769 0.257334 0.423106
vn -0.868774 -0.257328 -0.423101
vn -0.974977 -0.115516 -0.189935
vn 0.306127 -0.000000 -0.951991
vn 0.979178 -0.000000 -0.203003
vn 0.887834 -0.000000 -0.460163
vn -0.306128 0.000000 -0.951990
vn 1.000000 -0.000000 0.000000
vn 1.000000 -0.000000 0.000000
vn 0.694306 -0.000000 0.719680
vn -0.306141 0.000000 0.951986
vn 0.306141 -0.000000 0.951986
vn 0.694308 -0.000000 0.719678
vn -0.979179 0.000000 0.203000
vn -0.887840 0.000000 0.460153
vn -0.887835 0.000000 -0.460162
vn -0.979178 0.000000 -0.203002
vn 0.280603 -0.498762 -0.820060
vn 0.974982 -0.115508 -0.189917
vn 0.868772 -0.257332 -0.423102
vn -0.280619 -0.498759 -0.820056
vn 1.000000 -0.000000 0.000000
vn 1.000000 -0.000000 0.000000
vn 0.659387 0.390666 0.642331
vn -0.280618 0.498760 0.820056
vn 0.280604 0.498762 0.820060
vn 0.659396 0.390662 0.642324
vn -0.974981 0.115509 0.189919
vn -0.868773 0.257331 0.423101
vn -0.868774 -0.257330 -0.423100
vn -0.974982 -0.115507 -0.189917
vn 0.306127 -0.000000 -0.951991
vn 0.979178 -0.000000 -0.203003
vn 0.887834 -0.000000 -0.460163
vn -0.306128 0.000000 -0.951990
vn 1.000000 -0.000000 0.000000
vn 1.000000 -0.000000 0.000000
vn 0.694306 -0.000000 0.719680
vn -0.306141 0.000000 0.951986
vn 0.306141 -0.000000 0.951986
vn 0.694308 -0.000000 0.719678
vn -0.979179 0.000000 0.203000
vn -0.887840 0.000000 0.460153
vn -0.887835 0.000000 -0.460162
vn -0.979178 0.000000 -0.203002
vn 0.280603 -0.498762 -0.820060
vn 0.974977 -0.115519 -0.189934
vn 0.868746 -0.257355 -0.423141
vn -0.280619 -0.498759 -0.820056
vn 1.000000 -0.000000 0.000000
vn 1.000000 -0.000000 0.000000
vn 0.659477 0.390623 0.642264
vn -0.280744 0.498739 0.820026
vn 0.280603 0.498760 0.820061
vn 0.659578 0.390574 0.642191
vn -0.974977 0.115518 0.189937
vn -0.868773 0.257330 0.423102
vn -0.868774 -0.257330 -0.423100
vn -0.974977 -0.115518 -0.189935
vn 0.306238 -0.000000 -0.951955
vn 0.979182 -0.000000 -0.202984
vn 0.887874 -0.000000 -0.460086
vn -0.306239 0.000000 -0.951955
vn 1.000000 -0.000000 0.000000
vn 1.000000 -0.000000 0.000000
vn 0.694288 -0.000000 0.719697
vn -0.306127 0.000000 0.951991
vn 0.306127 -0.000000 0.951991
vn 0.694290 -0.000000 0.719696
vn -0.979179 0.000000 0.202998
vn -0.887837 0.000000 0.460158
vn -0.887875 0.000000 -0.460085
vn -0.979182 0.000000 -0.202983
vn 0.280729 -0.498738 -0.820031
vn 0.974972 -0.115531 -0.189954
vn 0.868769 -0.257333 -0.423108
vn -0.280604 -0.498757 -0.820063
vn 1.000000 -0.000000 0.000000
vn 1.000000 -0.000000 0.000000
vn 0.659477 0.390623 0.642264
vn -0.280619 0.498755 0.820058
vn 0.280730 0.498738 0.820031
vn 0.659396 0.390662 0.642324
vn -0.974977 0.115520 0.189936
vn -0.868773 0.257329 0.423102
vn -0.868771 -0.257330 -0.423105
vn -0.974977 -0.115518 -0.189935
vn 0.306127 -0.000000 -0.951991
vn 0.979185 -0.000000 -0.202968
vn 0.887856 -0.000000 -0.460122
vn -0.306128 0.000000 -0.951990
vn 1.000000 -0.000000 0.000000
vn 1.000000 -0.000000 0.000000
vn 0.694288 -0.000000 0.719697
vn -0.306127 0.000000 0.951991
vn 0.306127 -0.000000 0.951991
vn 0.694290 -0.000000 0.719696
vn -0.979186 0.000000 0.202967
vn -0.887856 0.000000 0.460122
vn -0.887856 0.000000 -0.460122
vn -0.979185 0.000000 -0.202967
vn 0.280744 -0.498740 -0.820025
vn 0.974976 -0.115522 -0.189939
vn 0.868795 -0.257311 -0.423068
vn -0.280728 -0.498742 -0.820029
vn 1.000000 -0.000000 0.000000
vn 1.000000 -0.000000 0.000000
vn 0.659477 0.390623 0.642264
vn -0.280619 0.498755 0.820058
vn 0.280730 0.498738 0.820031
vn 0.659396 0.390662 0.642324
vn -0.974976 0.115521 0.189939
vn -0.868770 0.257332 0.423107
vn -0.868800 -0.257306 -0.423061
vn -0.974977 -0.115518 -0.189935
vn 0.306127 -0.000000 -0.951991
vn 0.979179 -0.000000 -0.202999
vn 0.887837 -0.000000 -0.460159
vn -0.306128 0.000000 -0.951990
vn 1.000000 -0.000000 0.000000
vn 1.000000 -0.000000 0.000000
vn 0.694432 -0.000000 0.719558
vn -0.306238 0.000000 0.951955
vn 0.306238 -0.000000 0.951955
vn 0.694433 -0.000000 0.719557
vn -0.979182 0.000000 0.202982
vn -0.887875 0.000000 0.460085
vn -0.887837 0.000000 -0.460158
vn -0.979179 0.000000 -0.202999
vn 0.280618 -0.498757 -0.820058
vn 0.974981 -0.115508 -0.189919
vn 0.868798 -0.257307 -0.423064
vn -0.280728 -0.498740 -0.820030
vn 1.000000 -0.000000 0.000000
vn 1.000000 -0.000000 0.000000
vn 0.659375 0.390672 0.642339
vn -0.280603 0.498762 0.820060
vn 0.280604 0.498762 0.820060
vn 0.659374 0.390672 0.642341
vn -0.974977 0.115520 0.189937
vn -0.868769 0.257334 0.423106
vn -0.868774 -0.257328 -0.423101
vn -0.974978 -0.115515 -0.189933
vn 0.306127 -0.000000 -0.951991
vn 0.979179 -0.000000 -0.202999
vn 0.887837 -0.000000 -0.460159
vn -0.306128 0.000000 -0.951990
vn 1.000000 -0.000000 0.000000
vn 1.000000 -0.000000 0.000000
vn 0.694288 -0.000000 0.719697
vn -0.306127 0.000000 0.951991
vn 0.306127 -0.000000 0.951991
vn 0.694290 -0.000000 0.719696
vn -0.979179 0.000000 0.202998
vn -0.887837 0.000000 0.460158
vn -0.887837 0.000000 -0.460158
vn -0.979179 0.000000 -0.202999
vn 0.280619 -0.498759 -0.820056
vn 0.974981 -0.115510 -0.189919
vn 0.868772 -0.257332 -0.423102
vn -0.280603 -0.498761 -0.820060
vn 1.000000 -0.000000 0.000000
vn 1.000000 -0.000000 0.000000
vn 0.659387 0.390666 0.642331
vn -0.280603 0.498762 0.820060
vn 0.280619 0.498759 0.820056
vn 0.659374 0.390672 0.642341
vn -0.974982 0.115508 0.189917
vn -0.868773 0.257331 0.423101
vn -0.868774 -0.257330 -0.423100
vn -0.974982 -0.115506 -0.189915
vn -0.136774 0.990602 0.000017
vn -0.382685 0.923879 0.000049
vn -0.382685 0.923879 0.000049
vn 0.136774 0.990602 -0.000017
vn -0.923881 0.382681 0.000118
vn -0.990602 -0.136773 0.000126
vn -0.990602 0.136773 0.000126
vn -0.923881 0.382681 0.000118
vn -0.603749 -0.797175 0.000077
vn -0.797175 -0.603749 0.000102
vn 0.136775 -0.990602 -0.000017
vn -0.136775 -0.990602 0.000017
vn 0.797172 -0.603752 -0.000102
vn 0.603746 -0.797177 -0.000077
vn 0.990602 0.136777 -0.000126
vn 0.990602 -0.136773 -0.000126
vn 0.603749 0.797175 -0.000077
vn 0.797174 0.603749 -0.000102
vn -0.306140 0.000000 -0.951986
vn -0.979179 0.000000 -0.203000
vn -0.887839 0.000000 -0.460155
vn 0.306140 0.000000 -0.951986
vn -1.000000 0.000000 0.000000
vn -1.000000 0.000000 0.000000
vn -0.694449 0.000000 0.719542
vn 0.306251 0.000000 0.951951
vn -0.306251 0.000000 0.951951
vn -0.694449 0.000000 0.719542
vn 0.979182 0.000000 0.202986
vn 0.887876 -0.000000 0.460082
vn 0.887839 -0.000000 -0.460155
vn 0.979179 0.000000 -0.203000
vn -0.280603 0.498760 -0.820061
vn -0.974982 0.115506 -0.189917
vn -0.868800 0.257305 -0.423061
vn 0.280744 0.498738 -0.820026
vn -1.000000 0.000000 0.000000
vn -1.000000 0.000000 0.000000
vn -0.659378 -0.390670 0.642338
vn 0.280600 -0.498762 0.820061
vn -0.280603 -0.498761 0.820060
vn -0.659377 -0.390670 0.642338
vn 0.974977 -0.115520 0.189935
vn 0.868768 -0.257335 0.423109
vn 0.868773 0.257329 -0.423102
vn 0.974976 0.115518 -0.189938
vn -0.306126 0.000000 -0.951991
vn -0.979178 0.000000 -0.203002
vn -0.887834 0.000000 -0.460164
vn 0.306126 0.000000 -0.951991
vn -1.000000 0.000000 0.000000
vn -1.000000 0.000000 0.000000
vn -0.694306 0.000000 0.719680
vn 0.306141 0.000000 0.951986
vn -0.306141 0.000000 0.951986
vn -0.694305 0.000000 0.719681
vn 0.979178 0.000000 0.203001
vn 0.887839 -0.000000 0.460155
vn 0.887834 -0.000000 -0.460164
vn 0.979178 0.000000 -0.203002
vn -0.280603 0.498762 -0.820060
vn -0.974982 0.115508 -0.189916
vn -0.868774 0.257330 -0.423100
vn 0.280619 0.498759 -0.820056
vn -1.000000 0.000000 0.000000
vn -1.000000 0.000000 0.000000
vn -0.659389 -0.390665 0.642329
vn 0.280616 -0.498760 0.820057
vn -0.280603 -0.498762 0.820060
vn -0.659400 -0.390660 0.642321
vn 0.974982 -0.115509 0.189918
vn 0.868771 -0.257333 0.423104
vn 0.868773 0.257330 -0.423102
vn 0.974981 0.115509 -0.189921
vn -0.306126 0.000000 -0.951991
vn -0.979178 0.000000 -0.203002
vn -0.887834 0.000000 -0.460164
vn 0.306126 0.000000 -0.951991
vn -1.000000 0.000000 0.000000
vn -1.000000 0.000000 0.000000
vn -0.694306 0.000000 0.719680
vn 0.306141 0.000000 0.951986
vn -0.306141 0.000000 0.951986
vn -0.694305 0.000000 0.719681
vn 0.979178 0.000000 0.203001
vn 0.887839 -0.000000 0.460155
vn 0.887834 -0.000000 -0.460164
vn 0.979178 0.000000 -0.203002
vn -0.280603 0.498762 -0.820060
vn -0.974977 0.115518 -0.189934
vn -0.868748 0.257354 -0.423138
vn 0.280619 0.498759 -0.820056
vn -1.000000 0.000000 0.000000
vn -1.000000 0.000000 0.000000
vn -0.659480 -0.390621 0.642263
vn 0.280741 -0.498739 0.820027
vn -0.280603 -0.498760 0.820061
vn -0.659582 -0.390572 0.642188
vn 0.974977 -0.115518 0.189936
vn 0.868771 -0.257331 0.423104
vn 0.868773 0.257330 -0.423102
vn 0.974976 0.115520 -0.189938
vn -0.306237 0.000000 -0.951955
vn -0.979182 0.000000 -0.202983
vn -0.887874 0.000000 -0.460087
vn 0.306237 0.000000 -0.951955
vn -1.000000 0.000000 0.000000
vn -1.000000 0.000000 0.000000
vn -0.694288 0.000000 0.719698
vn 0.306127 0.000000 0.951991
vn -0.306127 0.000000 0.951991
vn -0.694287 0.000000 0.719698
vn 0.979179 0.000000 0.202999
vn 0.887836 -0.000000 0.460159
vn 0.887874 -0.000000 -0.460087
vn 0.979182 0.000000 -0.202983
vn -0.280730 0.498738 -0.820031
vn -0.974972 0.115530 -0.189954
vn -0.868771 0.257331 -0.423105
vn 0.280604 0.498757 -0.820063
vn -1.000000 0.000000 0.000000
vn -1.000000 0.000000 0.000000
vn -0.659480 -0.390621 0.642263
vn 0.280617 -0.498756 0.820059
vn -0.280729 -0.498739 0.820031
vn -0.659400 -0.390660 0.642321
vn 0.974977 -0.115519 0.189935
vn 0.868771 -0.257331 0.423104
vn 0.868770 0.257331 -0.423107
vn 0.974976 0.115520 -0.189938
vn -0.306126 0.000000 -0.951991
vn -0.979185 0.000000 -0.202967
vn -0.887855 0.000000 -0.460123
vn 0.306126 0.000000 -0.951991
vn -1.000000 0.000000 0.000000
vn -1.000000 0.000000 0.000000
vn -0.694288 0.000000 0.719698
vn 0.306127 0.000000 0.951991
vn -0.306127 0.000000 0.951991
vn -0.694287 0.000000 0.719698
vn 0.979185 0.000000 0.202968
vn 0.887855 -0.000000 0.460123
vn 0.887855 -0.000000 -0.460123
vn 0.979185 0.000000 -0.202967
vn -0.280745 0.498740 -0.820025
vn -0.974976 0.115521 -0.189938
vn -0.868797 0.257309 -0.423066
vn 0.280729 0.498742 -0.820029
vn -1.000000 0.000000 0.000000
vn -1.000000 0.000000 0.000000
vn -0.659480 -0.390621 0.642263
vn 0.280617 -0.498756 0.820059
vn -0.280729 -0.498739 0.820031
vn -0.659400 -0.390660 0.642321
vn 0.974976 -0.115521 0.189937
vn 0.868768 -0.257334 0.423109
vn 0.868799 0.257307 -0.423063
vn 0.974976 0.115520 -0.189938
vn -0.306126 0.000000 -0.951991
vn -0.979179 0.000000 -0.202999
vn -0.887836 0.000000 -0.460159
vn 0.306126 0.000000 -0.951991
vn -1.000000 0.000000 0.000000
vn -1.000000 0.000000 0.000000
vn -0.694431 0.000000 0.719559
vn 0.306238 0.000000 0.951955
vn -0.306238 0.000000 0.951955
vn -0.694431 0.000000 0.719560
vn 0.979182 0.000000 0.202984
vn 0.887874 -0.000000 0.460087
vn 0.887836 -0.000000 -0.460159
vn 0.979179 0.000000 -0.202999
vn -0.280619 0.498757 -0.820057
vn -0.974981 0.115508 -0.189919
vn -0.868800 0.257305 -0.423061
vn 0.280729 0.498740 -0.820030
vn -1.000000 0.000000 0.000000
vn -1.000000 0.000000 0.000000
vn -0.659378 -0.390671 0.642338
vn 0.280600 -0.498763 0.820061
vn -0.280603 -0.498762 0.820060
vn -0.659377 -0.390671 0.642338
vn 0.974977 -0.115520 0.189935
vn 0.868768 -0.257336 0.423108
vn 0.868773 0.257329 -0.423102
vn 0.974977 0.115517 -0.189936
vn -0.306126 0.000000 -0.951991
vn -0.979179 0.000000 -0.202999
vn -0.887836 0.000000 -0.460159
vn 0.306126 0.000000 -0.951991
vn -1.000000 0.000000 0.000000
vn -1.000000 0.000000 0.000000
vn -0.694288 0.000000 0.719698
vn 0.306127 0.000000 0.951991
vn -0.306127 0.000000 0.951991
vn -0.694287 0.000000 0.719698
vn 0.979179 0.000000 0.202999
vn 0.887836 -0.000000 0.460159
vn 0.887836 -0.000000 -0.460159
vn 0.979179 0.000000 -0.202999
vn -0.280619 0.498759 -0.820056
vn -0.974981 0.115509 -0.189919
vn -0.868774 0.257330 -0.423099
vn 0.280604 0.498761 -0.820060
vn -1.000000 0.000000 0.000000
vn -1.000000 0.000000 0.000000
vn -0.659389 -0.390665 0.642329
vn 0.280600 -0.498762 0.820061
vn -0.280619 -0.498759 0.820056
vn -0.659377 -0.390671 0.642338
vn 0.974982 -0.115508 0.189916
vn 0.868771 -0.257333 0.423104
vn 0.868773 0.257330 -0.423102
vn 0.974981 0.115508 -0.189918
vn -0.835017 0.000000 0.550224
vn -0.781371 0.000000 -0.624067
vn -0.980322 0.000000 -0.197407
vn -0.490761 0.000000 0.871294
vn -0.121917 0.000000 0.992540
vn -0.121917 0.000000 0.992540
vn 0.998960 0.000000 0.045601
vn 0.906310 0.000000 0.422614
vn 0.906310 0.000000 0.422614
vn 0.909150 0.000000 -0.416469
vn 0.352160 0.000000 -0.935940
vn -0.115090 0.000000 -0.993355
vn 0.000000 -1.000000 0.000000
vn 0.000000 -1.000000 0.000000
vn 0.000000 -1.000000 0.000000
vn 0.000000 -1.000000 0.000000
vn 0.000000 1.000000 0.000000
vn -0.000001 1.000000 -0.000001
vn 0.000000 1.000000 0.000000
vn 0.000000 1.000000 0.000001
vn 0.031418 0.000000 -0.999506
vn 0.031418 0.000000 -0.999506
vn 0.031418 0.000000 -0.999506
vn 0.031418 0.000000 -0.999506
vn -0.906302 0.000000 -0.422630
vn -0.906302 0.000000 -0.422630
vn -0.906302 0.000000 -0.422630
vn -0.906302 0.000000 -0.422630
vn -0.745505 0.000000 0.666500
vn -0.745505 0.000000 0.666500
vn -0.745505 0.000000 0.666500
vn -0.745505 0.000000 0.666500
vn -0.000001 1.000000 0.000000
vn -0.000001 1.000000 -0.000001
vn -0.000001 1.000000 0.000000
vn -0.000001 1.000000 0.000000
vn 0.000001 -1.000000 -0.000000
vn 0.000001 -1.000000 -0.000000
vn 0.000001 -1.000000 -0.000000
vn 0.000001 -1.000000 0.000001
vn 0.031418 0.000000 -0.999506
vn 0.031418 0.000000 -0.999506
vn 0.031418 0.000000 -0.999506
vn 0.031418 0.000000 -0.999506
vn -0.906302 0.000000 -0.422630
vn -0.906302 0.000000 -0.422630
vn -0.906302 0.000000 -0.422630
vn -0.906302 0.000000 -0.422630
vn -0.745508 0.000000 0.666497
vn -0.745508 0.000000 0.666497
vn -0.745508 0.000000 0.666497
vn -0.745508 0.000000 0.666497
vn -0.875592 -0.198416 0.440419
vn -0.793047 -0.260426 0.550685
vn -0.809526 -0.035627 0.586002
vn -0.886219 0.007435 0.463207
vn -0.842817 -0.390725 0.370127
vn -0.752558 -0.467454 0.463835
vn -0.790117 -0.556427 0.257109
vn -0.690782 -0.642659 0.331375
vn -0.721086 -0.684205 0.109082
vn -0.611955 -0.774052 0.162343
vn -0.640434 -0.765352 -0.063873
vn -0.521444 -0.852695 -0.031755
vn -0.553656 -0.794340 -0.249977
vn -0.425406 -0.873230 -0.237694
vn -0.466658 -0.769203 -0.436529
vn -0.330411 -0.834256 -0.441413
vn -0.385383 -0.691648 -0.610821
vn -0.242898 -0.738432 -0.629062
vn -0.315337 -0.566931 -0.761020
vn -0.168833 -0.592275 -0.787848
vn -0.261360 -0.403609 -0.876807
vn -0.113361 -0.405764 -0.906920
vn -0.227065 -0.212767 -0.950353
vn -0.080108 -0.191593 -0.978200
vn -0.214819 -0.007438 -0.976626
vn -0.071443 0.035630 -0.996808
vn -0.225443 0.198425 -0.953836
vn -0.087905 0.260428 -0.961483
vn -0.258223 0.390708 -0.883554
vn -0.128394 0.467469 -0.874636
vn -0.310896 0.556439 -0.770532
vn -0.190127 0.642679 -0.742169
vn -0.379937 0.684216 -0.622492
vn -0.268994 0.774054 -0.573133
vn -0.460590 0.765355 -0.449543
vn -0.359493 0.852700 -0.379036
vn -0.547369 0.794345 -0.263444
vn -0.455529 0.873228 -0.173108
vn -0.634367 0.769199 -0.076887
vn -0.550537 0.834249 0.030626
vn -0.715646 0.691636 0.097414
vn -0.638037 0.738424 0.218264
vn -0.785673 0.566939 0.247586
vn -0.712083 0.592262 0.377045
vn -0.839676 0.403602 0.363387
vn -0.767612 0.405750 0.496125
vn -0.873966 0.212768 0.436936
vn -0.800843 0.191589 0.567401
vn -0.968992 -0.147272 0.198408
vn -0.976614 0.010276 0.214756
vn -0.944397 -0.294783 0.145665
vn -0.904505 -0.422204 0.060115
vn -0.852036 -0.520854 -0.052409
vn -0.790555 -0.584018 -0.184245
vn -0.724269 -0.607370 -0.326399
vn -0.657696 -0.589328 -0.469179
vn -0.595364 -0.531137 -0.602855
vn -0.541494 -0.436727 -0.718369
vn -0.499797 -0.312580 -0.807773
vn -0.473106 -0.167134 -0.865007
vn -0.463235 -0.010285 -0.886176
vn -0.470857 0.147295 -0.869826
vn -0.495461 0.294774 -0.817085
vn -0.535364 0.422174 -0.731543
vn -0.587837 0.520860 -0.618993
vn -0.649299 0.584017 -0.487171
vn -0.715581 0.607365 -0.345037
vn -0.782166 0.589336 -0.202236
vn -0.844511 0.531134 -0.068543
vn -0.898361 0.436743 0.046938
vn -0.940054 0.312581 0.136351
vn -0.966743 0.167130 0.193584
vn -0.995220 -0.095117 -0.022120
vn -0.999856 0.011794 -0.012178
vn -0.979048 -0.195549 -0.056802
vn -0.952440 -0.282655 -0.113861
vn -0.917215 -0.350489 -0.189403
vn -0.875773 -0.394433 -0.278288
vn -0.830920 -0.411517 -0.374468
vn -0.785736 -0.400550 -0.471358
vn -0.743309 -0.362287 -0.562353
vn -0.706498 -0.299323 -0.641300
vn -0.677815 -0.215983 -0.702793
vn -0.659236 -0.117922 -0.742632
vn -0.652013 -0.011789 -0.758116
vn -0.656657 0.095129 -0.748166
vn -0.672825 0.195584 -0.713480
vn -0.699440 0.282642 -0.656428
vn -0.734677 0.350485 -0.580870
vn -0.776116 0.394442 -0.491995
vn -0.820952 0.411514 -0.395846
vn -0.866135 0.400549 -0.298949
vn -0.908584 0.362280 -0.207915
vn -0.945393 0.299328 -0.128972
vn -0.974064 0.215975 -0.067492
vn -0.992641 0.117898 -0.027652
vn -0.976961 -0.047024 -0.208172
vn -0.978877 0.012594 -0.204061
vn -0.968586 -0.103464 -0.226132
vn -0.954326 -0.152841 -0.256712
vn -0.935141 -0.191821 -0.297851
vn -0.912365 -0.217696 -0.346698
vn -0.887530 -0.228740 -0.399962
vn -0.862329 -0.224214 -0.454000
vn -0.838480 -0.204408 -0.505142
vn -0.817612 -0.170665 -0.549894
vn -0.801145 -0.125286 -0.585209
vn -0.790216 -0.071404 -0.608654
vn -0.785536 -0.012581 -0.618688
vn -0.787455 0.047032 -0.614575
vn -0.795828 0.103491 -0.596613
vn -0.810080 0.152839 -0.566048
vn -0.829262 0.191818 -0.524910
vn -0.852044 0.217700 -0.476054
vn -0.876881 0.228744 -0.422796
vn -0.902072 0.224212 -0.368776
vn -0.925922 0.204404 -0.317628
vn -0.946798 0.170655 -0.272856
vn -0.963262 0.125286 -0.237549
vn -0.974205 0.071366 -0.214084
vn -0.906307 0.000000 -0.422621
vn 0.808649 0.035613 -0.587213
vn 0.792161 0.260605 -0.551875
vn 0.874613 0.198368 -0.442384
vn 0.885218 -0.007848 -0.465110
vn 0.751650 0.467807 -0.464949
vn 0.841823 0.391034 -0.372058
vn 0.689827 0.643155 -0.332401
vn 0.789074 0.557058 -0.258936
vn 0.610934 0.774671 -0.163231
vn 0.719954 0.685133 -0.110723
vn 0.520359 0.853384 0.031026
vn 0.639192 0.766505 0.062484
vn 0.424260 0.873941 0.237129
vn 0.552269 0.795650 0.248880
vn 0.329192 0.834940 0.441030
vn 0.465137 0.770561 0.435757
vn 0.241599 0.739053 0.628833
vn 0.383718 0.692971 0.610370
vn 0.167478 0.592773 0.787764
vn 0.313530 0.568137 0.760867
vn 0.111942 0.406127 0.906934
vn 0.259403 0.404605 0.876929
vn 0.078653 0.191801 0.978277
vn 0.225020 0.213506 0.950674
vn 0.069979 -0.035614 0.996912
vn 0.212713 0.007852 0.977083
vn 0.086420 -0.260591 0.961574
vn 0.223306 -0.198353 0.954353
vn 0.126932 -0.467817 0.874663
vn 0.256101 -0.391012 0.884037
vn 0.188762 -0.643162 0.742100
vn 0.308843 -0.557069 0.770902
vn 0.267685 -0.774658 0.572931
vn 0.377968 -0.685139 0.622675
vn 0.358259 -0.853375 0.378686
vn 0.458731 -0.766501 0.449492
vn 0.454357 -0.873944 0.172570
vn 0.545651 -0.795643 0.263090
vn 0.549434 -0.834950 -0.031325
vn 0.632788 -0.770566 0.076211
vn 0.637008 -0.739052 -0.219141
vn 0.714218 -0.692970 -0.098414
vn 0.711119 -0.592791 -0.378034
vn 0.784385 -0.568150 -0.248889
vn 0.766694 -0.406131 -0.497231
vn 0.838511 -0.404616 -0.364946
vn 0.799953 -0.191799 -0.568585
vn 0.872900 -0.213502 -0.438705
vn 0.969054 0.147208 -0.198149
vn 0.976672 -0.010284 -0.214491
vn 0.944467 0.294673 -0.145430
vn 0.904591 0.422049 -0.059913
vn 0.852137 0.520671 0.052571
vn 0.790690 0.583803 0.184348
vn 0.724426 0.607151 0.326458
vn 0.657863 0.589124 0.469200
vn 0.595551 0.530956 0.602830
vn 0.541719 0.436587 0.718284
vn 0.500027 0.312477 0.807670
vn 0.473347 0.167079 0.864886
vn 0.463486 0.010291 0.886045
vn 0.471098 -0.147212 0.869710
vn 0.495694 -0.294665 0.816982
vn 0.535580 -0.422029 0.731468
vn 0.588020 -0.520671 0.618978
vn 0.649461 -0.583812 0.487200
vn 0.715734 -0.607150 0.345100
vn 0.782291 -0.589129 0.202356
vn 0.844611 -0.530953 0.068715
vn 0.898443 -0.436595 -0.046731
vn 0.940121 -0.312485 -0.136107
vn 0.966803 -0.167080 -0.193327
vn 0.995221 0.095044 0.022394
vn 0.999853 -0.011797 0.012461
vn 0.979059 0.195419 0.057053
vn 0.952473 0.282459 0.114070
vn 0.917267 0.350265 0.189566
vn 0.875845 0.394200 0.278393
vn 0.831030 0.411266 0.374499
vn 0.785869 0.400300 0.471349
vn 0.743471 0.362062 0.562282
vn 0.706679 0.299144 0.641184
vn 0.678018 0.215857 0.702636
vn 0.659448 0.117833 0.742458
vn 0.652233 0.011793 0.757927
vn 0.656873 -0.095034 0.747988
vn 0.673037 -0.195427 0.713323
vn 0.699622 -0.282459 0.656313
vn 0.734821 -0.350248 0.580831
vn 0.776240 -0.394202 0.491992
vn 0.821064 -0.411260 0.395877
vn 0.866212 -0.400308 0.299049
vn 0.908631 -0.362066 0.208084
vn 0.945420 -0.299150 0.129191
vn 0.974074 -0.215849 0.067746
vn 0.992640 -0.117839 0.027929
vn 0.976931 0.046986 0.208322
vn 0.978844 -0.012597 0.204218
vn 0.968562 0.103389 0.226272
vn 0.954313 0.152734 0.256826
vn 0.935160 0.191651 0.297902
vn 0.912385 0.217542 0.346741
vn 0.887569 0.228591 0.399960
vn 0.862356 0.224067 0.454022
vn 0.838536 0.204268 0.505105
vn 0.817690 0.170551 0.549815
vn 0.801244 0.125238 0.585084
vn 0.790303 0.071354 0.608547
vn 0.785622 0.012589 0.618578
vn 0.787541 -0.046999 0.614467
vn 0.795916 -0.103418 0.596509
vn 0.810160 -0.152733 0.565963
vn 0.829313 -0.191656 0.524889
vn 0.852075 -0.217526 0.476078
vn 0.876919 -0.228591 0.422799
vn 0.902101 -0.224068 0.368791
vn 0.925920 -0.204275 0.317718
vn 0.946787 -0.170546 0.272963
vn 0.963240 -0.125201 0.237682
vn 0.974174 -0.071330 0.214235
vn 0.906308 0.000002 0.422618
vn 0.740823 -0.012645 0.671582
vn 0.746489 -0.088689 0.659460
vn 0.743633 -0.063647 0.665552
vn 0.740816 0.013316 0.671576
vn 0.760265 -0.158687 0.629933
vn 0.754762 -0.136232 0.641697
vn 0.781276 -0.217827 0.584944
vn 0.773480 -0.199529 0.601595
vn 0.807957 -0.262209 0.527685
vn 0.798493 -0.249166 0.548019
vn 0.838558 -0.288793 0.461973
vn 0.827971 -0.282065 0.484668
vn 0.871115 -0.295411 0.392290
vn 0.860122 -0.295499 0.415778
vn 0.903252 -0.282094 0.323356
vn 0.892655 -0.288791 0.346072
vn 0.932825 -0.249563 0.259914
vn 0.923329 -0.262520 0.280262
vn 0.957840 -0.199995 0.206265
vn 0.950077 -0.218329 0.222903
vn 0.976581 -0.136814 0.166044
vn 0.971092 -0.159266 0.177807
vn 0.987767 -0.064276 0.142071
vn 0.984923 -0.089334 0.148144
vn 0.990641 0.012632 0.135910
vn 0.990632 -0.013307 0.135909
vn 0.985005 0.088683 0.147987
vn 0.987833 0.063622 0.141911
vn 0.971244 0.158682 0.177499
vn 0.976715 0.136229 0.165737
vn 0.950288 0.217864 0.222458
vn 0.958035 0.199514 0.205824
vn 0.923580 0.262210 0.279725
vn 0.933060 0.249250 0.259370
vn 0.892940 0.288618 0.345481
vn 0.903517 0.281928 0.322758
vn 0.860414 0.295503 0.415170
vn 0.871398 0.295409 0.391662
vn 0.828245 0.282243 0.484096
vn 0.838819 0.288964 0.461393
vn 0.798755 0.249515 0.547478
vn 0.808198 0.262549 0.527147
vn 0.773689 0.200003 0.601169
vn 0.781473 0.218306 0.584503
vn 0.754913 0.136811 0.641396
vn 0.760404 0.159268 0.629619
vn 0.743714 0.064300 0.665399
vn 0.746559 0.089343 0.659294
vn 0.263560 -0.123866 0.956657
vn 0.534098 -0.756856 0.376708
vn 0.373331 -0.625129 0.685447
vn 0.257364 0.247470 0.934089
vn 0.872033 -0.343964 -0.348205
vn 0.759917 -0.633939 -0.143690
vn 0.810506 0.544345 -0.216259
vn 0.882900 0.233379 -0.407458
vn 0.434495 0.680342 0.590212
vn 0.572372 0.778138 0.258635
vn -0.410749 -0.235412 0.880833
vn -0.032323 -0.997071 0.069313
vn -0.221524 -0.851620 0.475048
vn -0.410748 0.235422 0.880830
vn -0.221520 -0.851612 0.475064
vn -0.410728 0.235432 0.880837
vn -0.410739 -0.235329 0.880860
vn -0.032324 -0.997071 0.069310
vn 0.390778 -0.380838 -0.838007
vn 0.273838 -0.761688 -0.587234
vn 0.273826 -0.761686 -0.587242
vn 0.390762 -0.380798 -0.838032
vn 0.273838 0.761688 -0.587234
vn 0.390777 0.380846 -0.838004
vn 0.390748 0.380878 -0.838002
vn 0.273825 0.761687 -0.587241
vn -0.221521 0.851624 0.475042
vn -0.032318 0.997072 0.069304
vn -0.032327 0.997071 0.069316
vn -0.221537 0.851587 0.475100
vn -0.495749 -0.178480 0.849928
vn -0.746720 0.281935 0.602430
vn -0.608386 -0.732333 0.305867
vn -0.137942 -0.987002 0.082452
vn -0.157860 -0.734523 -0.659967
vn 0.297722 -0.431481 -0.851579
vn -0.017734 0.278393 -0.960303
vn 0.209020 0.720296 -0.661426
vn -0.381733 0.906565 -0.180058
vn -0.281396 0.876692 0.390163
vn 0.256188 0.149590 0.954982
vn 0.417212 -0.673897 0.609751
vn 0.906277 0.000000 0.422685
vn 0.797953 -0.566104 -0.206877
vn 0.872257 0.324091 -0.366242
vn 0.537392 0.766404 0.351903
vn 0.835016 -0.000001 0.550225
vn 0.781370 -0.000001 -0.624068
vn 0.980322 -0.000001 -0.197407
vn 0.490760 -0.000000 0.871295
vn 0.121918 -0.000000 0.992540
vn 0.121917 0.000000 0.992540
vn -0.998960 0.000000 0.045600
vn -0.906311 0.000000 0.422612
vn -0.906311 0.000000 0.422611
vn -0.909151 0.000000 -0.416467
vn -0.352161 0.000000 -0.935940
vn 0.115090 -0.000000 -0.993355
vn 0.000000 1.000000 0.000000
vn 0.000000 1.000000 0.000000
vn 0.000000 1.000000 0.000000
vn 0.000000 1.000000 0.000000
vn 0.000000 -1.000000 0.000000
vn 0.000000 -1.000000 0.000000
vn 0.000000 -1.000000 0.000000
vn 0.000000 -1.000000 0.000000
vn -0.031418 0.000000 -0.999506
vn -0.031418 0.000000 -0.999506
vn -0.031418 0.000000 -0.999506
vn -0.031418 0.000000 -0.999506
vn 0.906302 0.000000 -0.422631
vn 0.906302 0.000000 -0.422631
vn 0.906302 0.000000 -0.422631
vn 0.906302 0.000000 -0.422631
vn 0.745506 0.000000 0.666499
vn 0.745506 0.000000 0.666499
vn 0.745506 0.000000 0.666499
vn 0.745506 0.000000 0.666499
vn 0.000000 -1.000000 0.000000
vn 0.000000 -1.000000 0.000000
vn 0.000000 -1.000000 0.000000
vn 0.000000 -1.000000 0.000000
vn 0.000000 1.000000 0.000000
vn 0.000000 1.000000 0.000000
vn 0.000000 1.000000 0.000000
vn 0.000000 1.000000 0.000000
vn -0.031418 0.000000 -0.999506
vn -0.031418 0.000000 -0.999506
vn -0.031418 0.000000 -0.999506
vn -0.031418 0.000000 -0.999506
vn 0.906302 0.000000 -0.422631
vn 0.906302 0.000000 -0.422631
vn 0.906302 0.000000 -0.422631
vn 0.906302 0.000000 -0.422631
vn 0.745506 0.000000 0.666499
vn 0.745506 0.000000 0.666499
vn 0.745506 0.000000 0.666499
vn 0.745506 0.000000 0.666499
vn 0.875592 0.198416 0.440420
vn 0.793047 0.260426 0.550686
vn 0.809526 0.035627 0.586002
vn 0.886219 -0.007436 0.463207
vn 0.842816 0.390725 0.370127
vn 0.752557 0.467455 0.463836
vn 0.790116 0.556427 0.257109
vn 0.690782 0.642658 0.331376
vn 0.721087 0.684204 0.109082
vn 0.611954 0.774052 0.162343
vn 0.640433 0.765354 -0.063874
vn 0.521440 0.852697 -0.031755
vn 0.553654 0.794342 -0.249976
vn 0.425407 0.873230 -0.237692
vn 0.466659 0.769203 -0.436528
vn 0.330412 0.834256 -0.441413
vn 0.385383 0.691648 -0.610822
vn 0.242896 0.738432 -0.629063
vn 0.315336 0.566931 -0.761020
vn 0.168831 0.592275 -0.787849
vn 0.261359 0.403609 -0.876807
vn 0.113360 0.405765 -0.906920
vn 0.227065 0.212767 -0.950353
vn 0.080108 0.191593 -0.978200
vn 0.214819 0.007438 -0.976626
vn 0.071443 -0.035630 -0.996808
vn 0.225443 -0.198425 -0.953836
vn 0.087905 -0.260428 -0.961483
vn 0.258224 -0.390708 -0.883554
vn 0.128395 -0.467469 -0.874635
vn 0.310896 -0.556439 -0.770532
vn 0.190127 -0.642679 -0.742169
vn 0.379937 -0.684216 -0.622492
vn 0.268994 -0.774054 -0.573134
vn 0.460591 -0.765355 -0.449542
vn 0.359496 -0.852699 -0.379036
vn 0.547370 -0.794345 -0.263444
vn 0.455532 -0.873226 -0.173111
vn 0.634367 -0.769199 -0.076890
vn 0.550537 -0.834249 0.030626
vn 0.715647 -0.691636 0.097414
vn 0.638037 -0.738423 0.218265
vn 0.785672 -0.566939 0.247586
vn 0.712082 -0.592263 0.377045
vn 0.839676 -0.403602 0.363387
vn 0.767612 -0.405749 0.496125
vn 0.873966 -0.212767 0.436937
vn 0.800843 -0.191589 0.567401
vn 0.968992 0.147272 0.198408
vn 0.976614 -0.010276 0.214756
vn 0.944397 0.294782 0.145665
vn 0.904505 0.422205 0.060114
vn 0.852036 0.520853 -0.052409
vn 0.790556 0.584017 -0.184244
vn 0.724269 0.607370 -0.326399
vn 0.657696 0.589328 -0.469179
vn 0.595364 0.531137 -0.602856
vn 0.541494 0.436725 -0.718369
vn 0.499798 0.312580 -0.807772
vn 0.473106 0.167134 -0.865007
vn 0.463234 0.010285 -0.886176
vn 0.470857 -0.147294 -0.869827
vn 0.495460 -0.294775 -0.817084
vn 0.535364 -0.422173 -0.731543
vn 0.587837 -0.520860 -0.618993
vn 0.649299 -0.584017 -0.487171
vn 0.715581 -0.607367 -0.345036
vn 0.782164 -0.589338 -0.202237
vn 0.844511 -0.531134 -0.068543
vn 0.898361 -0.436743 0.046939
vn 0.940054 -0.312581 0.136349
vn 0.966743 -0.167130 0.193585
vn 0.995220 0.095118 -0.022121
vn 0.999856 -0.011795 -0.012178
vn 0.979048 0.195548 -0.056802
vn 0.952440 0.282655 -0.113862
vn 0.917215 0.350490 -0.189403
vn 0.875773 0.394433 -0.278287
vn 0.830920 0.411516 -0.374467
vn 0.785736 0.400549 -0.471358
vn 0.743309 0.362286 -0.562353
vn 0.706497 0.299321 -0.641303
vn 0.677815 0.215983 -0.702793
vn 0.659237 0.117924 -0.742630
vn 0.652013 0.011788 -0.758116
vn 0.656657 -0.095126 -0.748166
vn 0.672825 -0.195584 -0.713480
vn 0.699440 -0.282645 -0.656427
vn 0.734677 -0.350484 -0.580871
vn 0.776117 -0.394443 -0.491994
vn 0.820952 -0.411514 -0.395846
vn 0.866135 -0.400549 -0.298950
vn 0.908583 -0.362280 -0.207917
vn 0.945394 -0.299327 -0.128970
vn 0.974064 -0.215973 -0.067491
vn 0.992641 -0.117898 -0.027653
vn 0.976961 0.047024 -0.208172
vn 0.978877 -0.012595 -0.204061
vn 0.968587 0.103462 -0.226131
vn 0.954326 0.152840 -0.256712
vn 0.935141 0.191822 -0.297852
vn 0.912365 0.217697 -0.346697
vn 0.887530 0.228739 -0.399962
vn 0.862329 0.224213 -0.454002
vn 0.838480 0.204407 -0.505142
vn 0.817613 0.170666 -0.549893
vn 0.801144 0.125285 -0.585212
vn 0.790216 0.071408 -0.608654
vn 0.785536 0.012581 -0.618688
vn 0.787456 -0.047033 -0.614574
vn 0.795828 -0.103485 -0.596614
vn 0.810082 -0.152840 -0.566046
vn 0.829262 -0.191817 -0.524911
vn 0.852044 -0.217699 -0.476055
vn 0.876882 -0.228744 -0.422794
vn 0.902072 -0.224212 -0.368775
vn 0.925921 -0.204404 -0.317631
vn 0.946798 -0.170654 -0.272857
vn 0.963263 -0.125282 -0.237547
vn 0.974205 -0.071367 -0.214084
vn 0.906307 -0.000000 -0.422620
vn -0.808649 -0.035613 -0.587212
vn -0.792162 -0.260604 -0.551874
vn -0.874613 -0.198367 -0.442383
vn -0.885218 0.007846 -0.465111
vn -0.751651 -0.467807 -0.464949
vn -0.841823 -0.391033 -0.372058
vn -0.689828 -0.643154 -0.332400
vn -0.789074 -0.557058 -0.258936
vn -0.610935 -0.774670 -0.163232
vn -0.719955 -0.685132 -0.110722
vn -0.520362 -0.853382 0.031027
vn -0.639193 -0.766504 0.062484
vn -0.424260 -0.873940 0.237132
vn -0.552270 -0.795648 0.248881
vn -0.329189 -0.834942 0.441030
vn -0.465138 -0.770561 0.435756
vn -0.241596 -0.739054 0.628833
vn -0.383718 -0.692972 0.610370
vn -0.167477 -0.592773 0.787764
vn -0.313528 -0.568138 0.760868
vn -0.111942 -0.406127 0.906934
vn -0.259402 -0.404605 0.876930
vn -0.078653 -0.191802 0.978277
vn -0.225019 -0.213506 0.950674
vn -0.069979 0.035615 0.996913
vn -0.212713 -0.007852 0.977083
vn -0.086419 0.260591 0.961574
vn -0.223305 0.198353 0.954354
vn -0.126932 0.467817 0.874663
vn -0.256100 0.391013 0.884037
vn -0.188763 0.643161 0.742100
vn -0.308844 0.557068 0.770902
vn -0.267684 0.774659 0.572930
vn -0.377969 0.685138 0.622676
vn -0.358258 0.853375 0.378685
vn -0.458731 0.766502 0.449490
vn -0.454358 0.873944 0.172572
vn -0.545651 0.795643 0.263091
vn -0.549434 0.834950 -0.031325
vn -0.632788 0.770566 0.076212
vn -0.637008 0.739052 -0.219141
vn -0.714218 0.692970 -0.098414
vn -0.711119 0.592790 -0.378033
vn -0.784385 0.568150 -0.248889
vn -0.766693 0.406131 -0.497232
vn -0.838511 0.404616 -0.364945
vn -0.799952 0.191798 -0.568586
vn -0.872900 0.213502 -0.438705
vn -0.969054 -0.147209 -0.198150
vn -0.976672 0.010284 -0.214490
vn -0.944467 -0.294672 -0.145430
vn -0.904591 -0.422050 -0.059912
vn -0.852136 -0.520673 0.052572
vn -0.790691 -0.583802 0.184347
vn -0.724426 -0.607151 0.326459
vn -0.657863 -0.589124 0.469200
vn -0.595554 -0.530956 0.602828
vn -0.541720 -0.436588 0.718283
vn -0.500026 -0.312477 0.807671
vn -0.473346 -0.167078 0.864887
vn -0.463486 -0.010292 0.886045
vn -0.471098 0.147210 0.869710
vn -0.495693 0.294667 0.816982
vn -0.535580 0.422031 0.731467
vn -0.588021 0.520670 0.618979
vn -0.649462 0.583811 0.487200
vn -0.715733 0.607151 0.345100
vn -0.782290 0.589130 0.202356
vn -0.844610 0.530953 0.068715
vn -0.898444 0.436595 -0.046732
vn -0.940122 0.312484 -0.136108
vn -0.966804 0.167080 -0.193326
vn -0.995221 -0.095044 0.022394
vn -0.999853 0.011797 0.012461
vn -0.979059 -0.195419 0.057052
vn -0.952473 -0.282458 0.114070
vn -0.917267 -0.350265 0.189567
vn -0.875844 -0.394201 0.278392
vn -0.831030 -0.411266 0.374499
vn -0.785868 -0.400300 0.471351
vn -0.743472 -0.362063 0.562281
vn -0.706680 -0.299146 0.641182
vn -0.678020 -0.215857 0.702634
vn -0.659447 -0.117828 0.742460
vn -0.652234 -0.011793 0.757926
vn -0.656873 0.095031 0.747988
vn -0.673038 0.195425 0.713323
vn -0.699623 0.282462 0.656310
vn -0.734821 0.350248 0.580831
vn -0.776240 0.394202 0.491993
vn -0.821064 0.411260 0.395877
vn -0.866212 0.400308 0.299049
vn -0.908631 0.362064 0.208084
vn -0.945421 0.299148 0.129191
vn -0.974074 0.215848 0.067746
vn -0.992640 0.117838 0.027929
vn -0.976931 -0.046985 0.208321
vn -0.978845 0.012596 0.204217
vn -0.968561 -0.103391 0.226272
vn -0.954313 -0.152736 0.256826
vn -0.935161 -0.191649 0.297900
vn -0.912385 -0.217542 0.346742
vn -0.887568 -0.228591 0.399961
vn -0.862356 -0.224068 0.454022
vn -0.838537 -0.204270 0.505104
vn -0.817689 -0.170551 0.549815
vn -0.801246 -0.125240 0.585081
vn -0.790303 -0.071348 0.608548
vn -0.785622 -0.012587 0.618579
vn -0.787541 0.046997 0.614468
vn -0.795916 0.103414 0.596509
vn -0.810161 0.152734 0.565961
vn -0.829312 0.191655 0.524890
vn -0.852075 0.217525 0.476079
vn -0.876919 0.228590 0.422800
vn -0.902102 0.224067 0.368789
vn -0.925920 0.204274 0.317717
vn -0.946787 0.170545 0.272962
vn -0.963240 0.125203 0.237683
vn -0.974174 0.071330 0.214234
vn -0.906308 -0.000001 0.422618
vn -0.740822 0.012644 0.671582
vn -0.746495 0.088687 0.659454
vn -0.743635 0.063646 0.665550
vn -0.740815 -0.013315 0.671577
vn -0.760272 0.158682 0.629926
vn -0.754768 0.136228 0.641691
vn -0.781281 0.217821 0.584940
vn -0.773487 0.199522 0.601589
vn -0.807956 0.262211 0.527685
vn -0.798496 0.249161 0.548017
vn -0.838553 0.288805 0.461974
vn -0.827968 0.282072 0.484669
vn -0.871113 0.295417 0.392289
vn -0.860118 0.295511 0.415776
vn -0.903253 0.282088 0.323359
vn -0.892656 0.288790 0.346072
vn -0.932824 0.249564 0.259918
vn -0.923329 0.262517 0.280266
vn -0.957840 0.199993 0.206263
vn -0.950076 0.218330 0.222905
vn -0.976583 0.136821 0.166028
vn -0.971092 0.159265 0.177804
vn -0.987771 0.064282 0.142041
vn -0.984927 0.089342 0.148114
vn -0.990643 -0.012631 0.135894
vn -0.990634 0.013309 0.135893
vn -0.985008 -0.088693 0.147959
vn -0.987836 -0.063630 0.141882
vn -0.971243 -0.158680 0.177502
vn -0.976716 -0.136236 0.165725
vn -0.950288 -0.217851 0.222472
vn -0.958034 -0.199512 0.205829
vn -0.923583 -0.262185 0.279740
vn -0.933062 -0.249225 0.259388
vn -0.892941 -0.288617 0.345481
vn -0.903520 -0.281914 0.322763
vn -0.860414 -0.295503 0.415170
vn -0.871398 -0.295409 0.391662
vn -0.828246 -0.282242 0.484096
vn -0.838819 -0.288963 0.461393
vn -0.798758 -0.249511 0.547477
vn -0.808198 -0.262549 0.527147
vn -0.773694 -0.199997 0.601165
vn -0.781478 -0.218300 0.584498
vn -0.754914 -0.136811 0.641395
vn -0.760406 -0.159265 0.629616
vn -0.743715 -0.064299 0.665398
vn -0.746561 -0.089343 0.659291
vn -0.263560 0.123866 0.956657
vn -0.534089 0.756861 0.376708
vn -0.373328 0.625130 0.685448
vn -0.257365 -0.247470 0.934089
vn -0.872030 0.343965 -0.348212
vn -0.759914 0.633942 -0.143694
vn -0.810504 -0.544349 -0.216256
vn -0.882899 -0.233380 -0.407460
vn -0.434495 -0.680340 0.590213
vn -0.572366 -0.778141 0.258639
vn 0.410749 0.235414 0.880832
vn 0.032323 0.997071 0.069318
vn 0.221521 0.851623 0.475043
vn 0.410749 -0.235422 0.880830
vn 0.221519 0.851614 0.475062
vn 0.410728 -0.235433 0.880837
vn 0.410739 0.235330 0.880859
vn 0.032325 0.997071 0.069313
vn -0.390779 0.380836 -0.838007
vn -0.273838 0.761691 -0.587231
vn -0.273825 0.761690 -0.587238
vn -0.390763 0.380800 -0.838031
vn -0.273837 -0.761690 -0.587233
vn -0.390777 -0.380842 -0.838005
vn -0.390749 -0.380878 -0.838002
vn -0.273826 -0.761687 -0.587241
vn 0.221526 -0.851619 0.475048
vn 0.032326 -0.997071 0.069319
vn 0.032328 -0.997071 0.069318
vn 0.221537 -0.851587 0.475101
vn 0.495749 0.178480 0.849928
vn 0.746720 -0.281935 0.602430
vn 0.608382 0.732337 0.305864
vn 0.137942 0.987003 0.082449
vn 0.157862 0.734525 -0.659964
vn -0.297720 0.431477 -0.851581
vn 0.017732 -0.278394 -0.960303
vn -0.209022 -0.720295 -0.661427
vn 0.381741 -0.906564 -0.180044
vn 0.281402 -0.876688 0.390169
vn -0.256186 -0.149589 0.954983
vn -0.417210 0.673902 0.609748
vn -0.906275 -0.000000 0.422689
vn -0.797943 0.566111 -0.206895
vn -0.872244 -0.324098 -0.366267
vn -0.537391 -0.766406 0.351898
vn 0.000000 0.000000 1.000000
vn 0.000000 0.000000 1.000000
vn 0.000000 0.000000 1.000000
vn 0.000000 0.000000 1.000000
vn 0.707107 0.707107 0.000000
vn 0.707107 0.707107 0.000000
vn 0.707107 0.707107 0.000000
vn 0.707107 0.707107 0.000000
vn 0.000000 0.000000 -1.000000
vn 0.000000 0.000000 -1.000000
vn 0.000000 0.000000 -1.000000
vn 0.000000 0.000000 -1.000000
vn -0.707107 -0.707107 0.000001
vn -0.707107 -0.707107 0.000000
vn -0.707107 -0.707107 0.000001
vn -0.707107 -0.707107 0.000001
vn 0.000000 0.000000 1.000000
vn 0.000000 0.000000 1.000000
vn 0.000000 0.000000 1.000000
vn 0.000000 0.000000 1.000000
vn 0.000000 -1.000000 0.000000
vn 0.000000 -1.000000 0.000000
vn 0.000000 -1.000000 0.000000
vn 0.000000 -1.000000 0.000000
vn 0.000000 0.000000 -1.000000
vn 0.000000 0.000000 -1.000000
vn 0.000000 0.000000 -1.000000
vn 0.000000 0.000000 -1.000000
vn 0.000000 1.000000 0.000000
vn 0.000000 1.000000 0.000000
vn 0.000000 1.000000 0.000000
vn 0.000000 1.000000 0.000000
vn 0.000000 0.000000 1.000000
vn 0.000000 0.000000 1.000000
vn 0.000000 0.000000 1.000000
vn 0.000000 0.000000 1.000000
vn -1.000000 -0.000000 0.000000
vn -1.000000 -0.000000 0.000000
vn -1.000000 -0.000000 0.000000
vn -1.000000 -0.000000 0.000000
vn 0.000000 0.000000 -1.000000
vn 0.000000 0.000000 -1.000000
vn 0.000000 0.000000 -1.000000
vn 0.000000 0.000000 -1.000000
vn 1.000000 0.000000 0.000000
vn 1.000000 0.000000 0.000000
vn 1.000000 0.000000 0.000000
vn 1.000000 0.000000 0.000000
vn 0.000000 0.000000 1.000000
vn 0.000000 0.000000 1.000000
vn 0.000000 0.000000 1.000000
vn 0.000000 0.000000 1.000000
vn -0.000000 1.000000 0.000000
vn -0.000000 1.000000 0.000000
vn -0.000000 1.000000 0.000000
vn -0.000000 1.000000 0.000000
vn 0.000000 0.000000 -1.000000
vn 0.000000 0.000000 -1.000000
vn 0.000000 0.000000 -1.000000
vn 0.000000 0.000000 -1.000000
vn -0.000000 -1.000000 0.000000
vn -0.000000 -1.000000 0.000000
vn -0.000000 -1.000000 0.000000
vn -0.000000 -1.000000 0.000000
vn 0.000000 0.000000 1.000000
vn 0.000000 0.000000 1.000000
vn 0.000000 0.000000 1.000000
vn 0.000000 0.000000 1.000000
vn 1.000000 0.000000 0.000000
vn 1.000000 0.000000 0.000000
vn 1.000000 0.000000 0.000000
vn 1.000000 0.000000 0.000000
vn 0.000000 0.000000 -1.000000
vn 0.000000 0.000000 -1.000000
vn 0.000000 0.000000 -1.000000
vn 0.000000 0.000000 -1.000000
vn -1.000000 0.000000 0.000000
vn -1.000000 0.000000 0.000000
vn -1.000000 0.000000 0.000000
vn -1.000000 0.000000 0.000000
vn -1.000000 0.000000 0.000000
vn -1.000000 0.000000 0.000000
vn -1.000000 0.000000 0.000000
vn -1.000000 0.000000 0.000000
vn 0.000000 0.000000 1.000000
vn 0.000000 0.000000 1.000000
vn 0.000000 0.000000 1.000000
vn 0.000000 0.000000 1.000000
vn 0.000000 -1.000000 0.000000
vn 0.000000 -1.000000 0.000000
vn 0.000000 -1.000000 0.000000
vn 0.000000 -1.000000 0.000000
vn 0.000000 0.000000 -1.000000
vn 0.000000 0.000000 -1.000000
vn 0.000000 0.000000 -1.000000
vn 0.000000 0.000000 -1.000000
vn 0.000001 1.000000 0.000000
vn 0.000001 1.000000 0.000000
vn 0.000001 1.000000 0.000000
vn 0.000001 1.000000 0.000000
vn 0.000000 1.000000 0.000000
vn 0.000000 1.000000 0.000000
vn 0.000000 1.000000 0.000000
vn 0.000000 1.000000 0.000000
vn 0.000000 1.000000 0.000000
vn 0.851609 -0.000000 -0.524178
vn -0.235362 0.000000 -0.971908
vn 0.235362 -0.000000 -0.971908
vn 0.997072 -0.000000 -0.076470
vn 0.761746 -0.000000 0.647876
vn 0.380899 -0.000000 0.924617
vn -0.380900 0.000000 0.924616
vn -0.761746 0.000000 0.647876
vn -0.997072 0.000000 -0.076470
vn -0.851609 0.000000 -0.524178
vn 0.000000 -1.000000 0.000000
vn 0.000000 -1.000000 0.000000
vn 0.000000 -1.000000 0.000000
vn 0.000000 -1.000000 0.000000
vn 0.000000 -1.000000 0.000000
vn 0.096292 -0.587471 0.803496
vn 0.588470 -0.089960 0.803499
vn 0.490599 -0.363668 0.791870
vn -0.194269 -0.578974 0.791864
vn 0.267406 0.531874 0.803495
vn 0.497473 0.354206 0.791870
vn -0.423214 0.418681 0.803490
vn -0.183146 0.582588 0.791864
vn -0.528969 -0.273122 0.803490
vn -0.610675 0.005847 0.791860
vn 0.235374 -0.971905 0.000000
vn 0.997072 -0.076475 -0.000001
vn 0.851601 -0.524191 -0.000000
vn -0.235375 -0.971905 0.000001
vn 0.851601 -0.524190 0.000000
vn -0.235376 -0.971904 0.000000
vn 0.235377 -0.971904 0.000000
vn 0.997071 -0.076476 0.000000
vn 0.380847 0.924638 -0.000000
vn 0.761692 0.647939 -0.000001
vn 0.761694 0.647936 -0.000000
vn 0.380849 0.924637 -0.000000
vn -0.761697 0.647934 0.000000
vn -0.380846 0.924638 0.000000
vn -0.380849 0.924637 -0.000000
vn -0.761696 0.647935 -0.000000
vn -0.851601 -0.524191 0.000001
vn -0.997071 -0.076480 0.000001
vn -0.997071 -0.076477 -0.000000
vn -0.851601 -0.524190 -0.000000
vn 0.000000 0.000000 1.000000
vn 0.000000 0.000000 1.000000
vn 0.000000 0.000000 1.000000
vn 0.000000 0.000000 1.000000
vn 0.000000 0.000000 1.000000
vn 0.096287 -0.587470 0.803497
vn 0.588480 -0.089963 0.803491
vn 0.490599 -0.363675 0.791867
vn -0.194268 -0.578969 0.791868
vn 0.267410 0.531883 0.803488
vn 0.497483 0.354215 0.791860
vn -0.423213 0.418684 0.803489
vn -0.183147 0.582595 0.791859
vn -0.528964 -0.273117 0.803495
vn -0.610670 0.005851 0.791864
vn 0.235373 -0.971905 0.000000
vn 0.997071 -0.076486 0.000000
vn 0.851595 -0.524201 0.000000
vn -0.235375 -0.971905 0.000000
vn 0.851599 -0.524194 0.000001
vn -0.235381 -0.971903 0.000000
vn 0.235374 -0.971905 0.000000
vn 0.997071 -0.076480 0.000001
vn 0.380844 0.924639 0.000000
vn 0.761694 0.647937 0.000000
vn 0.761696 0.647935 0.000000
vn 0.380847 0.924638 0.000000
vn -0.761693 0.647938 0.000000
vn -0.380845 0.924639 0.000000
vn -0.380843 0.924640 0.000000
vn -0.761692 0.647940 -0.000000
vn -0.851602 -0.524189 0.000000
vn -0.997071 -0.076477 0.000000
vn -0.997071 -0.076477 -0.000000
vn -0.851601 -0.524191 -0.000000
vn 0.000000 0.000000 1.000000
vn 0.000000 0.000000 1.000000
vn 0.000000 0.000000 1.000000
vn 0.000000 0.000000 1.000000
vn 0.000000 0.000000 1.000000
vn 0.000000 1.000000 0.000000
vn 0.000000 1.000000 0.000000
vn 0.000000 1.000000 0.000000
vn 0.000000 1.000000 0.000000
vn 0.000000 1.000000 0.000000
vn 0.851608 -0.000000 -0.524179
vn -0.235362 0.000000 -0.971908
vn 0.235362 -0.000000 -0.971908
vn 0.997072 -0.000000 -0.076471
vn 0.761746 -0.000000 0.647876
vn 0.380899 -0.000000 0.924617
vn -0.380899 0.000000 0.924617
vn -0.761746 0.000000 0.647876
vn -0.997072 0.000000 -0.076470
vn -0.851609 0.000000 -0.524178
vn 0.000000 -1.000000 0.000000
vn 0.000000 -1.000000 0.000000
vn 0.000000 -1.000000 0.000000
vn 0.000000 -1.000000 0.000000
vn 0.000000 -1.000000 0.000000
vn 0.096291 -0.587474 0.803494
vn 0.588477 -0.089959 0.803494
vn 0.490600 -0.363672 0.791868
vn -0.194268 -0.578972 0.791866
vn 0.267406 0.531874 0.803495
vn 0.497476 0.354210 0.791867
vn -0.423212 0.418676 0.803494
vn -0.183146 0.582586 0.791866
vn -0.528966 -0.273118 0.803494
vn -0.610670 0.005848 0.791864
vn 0.235376 -0.971904 0.000000
vn 0.997071 -0.076481 0.000000
vn 0.851598 -0.524195 0.000000
vn -0.235376 -0.971904 0.000000
vn 0.851600 -0.524192 0.000000
vn -0.235375 -0.971905 0.000000
vn 0.235376 -0.971904 0.000000
vn 0.997071 -0.076478 0.000000
vn 0.380846 0.924638 0.000000
vn 0.761692 0.647939 -0.000000
vn 0.761696 0.647935 0.000000
vn 0.380848 0.924638 -0.000000
vn -0.761697 0.647934 0.000000
vn -0.380845 0.924639 0.000000
vn -0.380848 0.924638 -0.000000
vn -0.761696 0.647935 -0.000001
vn -0.851601 -0.524191 0.000001
vn -0.997071 -0.076486 0.000000
vn -0.997071 -0.076480 -0.000000
vn -0.851600 -0.524193 -0.000000
vn 0.000000 0.000000 1.000000
vn 0.000000 0.000000 1.000000
vn 0.000000 0.000000 1.000000
vn 0.000000 0.000000 1.000000
vn 0.000000 0.000000 1.000000
vn 0.096287 -0.587468 0.803499
vn 0.588471 -0.089959 0.803498
vn 0.490595 -0.363669 0.791872
vn -0.194269 -0.578971 0.791866
vn 0.267409 0.531880 0.803490
vn 0.497478 0.354212 0.791865
vn -0.423215 0.418685 0.803488
vn -0.183148 0.582595 0.791859
vn -0.528967 -0.273121 0.803491
vn -0.610674 0.005848 0.791861
vn 0.235375 -0.971905 -0.000000
vn 0.997071 -0.076480 -0.000000
vn 0.851599 -0.524194 -0.000000
vn -0.235375 -0.971905 0.000000
vn 0.851601 -0.524191 0.000000
vn -0.235380 -0.971903 0.000000
vn 0.235375 -0.971905 0.000000
vn 0.997071 -0.076476 0.000000
vn 0.380845 0.924639 -0.000000
vn 0.761693 0.647938 -0.000000
vn 0.761695 0.647935 0.000000
vn 0.380848 0.924638 0.000000
vn -0.761697 0.647934 0.000000
vn -0.380847 0.924638 0.000000
vn -0.380844 0.924639 -0.000000
vn -0.761693 0.647938 -0.000000
vn -0.851600 -0.524192 0.000001
vn -0.997071 -0.076482 0.000000
vn -0.997071 -0.076478 -0.000000
vn -0.851601 -0.524191 -0.000000
vn 0.000000 0.000000 1.000000
vn 0.000000 0.000000 1.000000
vn 0.000000 0.000000 1.000000
vn 0.000000 0.000000 1.000000
vn 0.000000 0.000000 1.000000
vn 0.000000 0.000000 1.000000
vn 0.000000 0.000000 1.000000
vn 0.000000 0.000000 1.000000
vn 0.000000 0.000000 1.000000
vn -0.707107 0.707107 0.000000
vn -0.707107 0.707107 0.000000
vn -0.707107 0.707107 0.000000
vn -0.707107 0.707107 0.000000
vn 0.000000 0.000000 -1.000000
vn 0.000000 0.000000 -1.000000
vn 0.000000 0.000000 -1.000000
vn 0.000000 0.000000 -1.000000
vn 0.707107 -0.707107 0.000000
vn 0.707107 -0.707107 0.000000
vn 0.707107 -0.707107 0.000000
vn 0.707107 -0.707107 0.000000
vn 0.000000 0.000000 1.000000
vn 0.000000 0.000000 1.000000
vn 0.000000 0.000000 1.000000
vn 0.000000 0.000000 1.000000
vn -0.707107 0.707107 0.000000
vn -0.707107 0.707107 0.000000
vn -0.707107 0.707107 0.000000
vn -0.707107 0.707107 0.000000
vn 0.000000 0.000000 -1.000000
vn 0.000000 0.000000 -1.000000
vn 0.000000 0.000000 -1.000000
vn 0.000000 0.000000 -1.000000
vn 0.707107 -0.707107 -0.000000
vn 0.707107 -0.707107 0.000000
vn 0.707107 -0.707107 -0.000000
vn 0.707107 -0.707107 -0.000000
vn 0.000000 1.000000 0.000000
vn 0.000000 1.000000 0.000000
vn 0.000000 1.000000 0.000000
vn 0.000000 1.000000 0.000000
vn 0.000000 1.000000 0.000000
vn 0.851574 -0.000000 -0.524234
vn -0.235350 0.000000 -0.971911
vn 0.235350 -0.000000 -0.971911
vn 0.997071 -0.000000 -0.076487
vn 0.761663 -0.000000 0.647974
vn 0.380814 -0.000000 0.924652
vn -0.380815 0.000000 0.924651
vn -0.761663 0.000000 0.647974
vn -0.997071 0.000000 -0.076486
vn -0.851575 0.000000 -0.524233
vn 0.000000 -1.000000 0.000000
vn 0.000000 -1.000000 0.000000
vn 0.000000 -1.000000 0.000000
vn 0.000000 -1.000000 0.000000
vn 0.000000 -1.000000 0.000000
vn 0.096299 -0.587524 0.803456
vn 0.588526 -0.089967 0.803457
vn 0.490641 -0.363701 0.791829
vn -0.194284 -0.579020 0.791827
vn 0.267429 0.531919 0.803458
vn 0.497517 0.354239 0.791828
vn -0.423248 0.418712 0.803456
vn -0.183161 0.582634 0.791827
vn -0.529010 -0.273141 0.803456
vn -0.610720 0.005849 0.791825
vn 0.235376 -0.971904 0.000000
vn 0.997071 -0.076481 0.000000
vn 0.851598 -0.524195 0.000000
vn -0.235376 -0.971904 0.000000
vn 0.851600 -0.524192 0.000000
vn -0.235375 -0.971905 0.000000
vn 0.235376 -0.971904 0.000000
vn 0.997071 -0.076478 0.000000
vn 0.380846 0.924638 0.000000
vn 0.761692 0.647939 -0.000000
vn 0.761696 0.647935 0.000000
vn 0.380848 0.924638 -0.000000
vn -0.761697 0.647934 0.000000
vn -0.380845 0.924639 0.000000
vn -0.380848 0.924638 -0.000000
vn -0.761696 0.647935 -0.000001
vn -0.851601 -0.524191 0.000001
vn -0.997071 -0.076486 0.000000
vn -0.997071 -0.076480 -0.000000
vn -0.851600 -0.524193 -0.000000
vn 0.000000 0.000000 1.000000
vn 0.000000 0.000000 1.000000
vn 0.000000 0.000000 1.000000
vn 0.000000 0.000000 1.000000
vn 0.000000 0.000000 1.000000
vn 0.096295 -0.587517 0.803462
vn 0.588521 -0.089967 0.803460
vn 0.490635 -0.363699 0.791833
vn -0.194285 -0.579018 0.791828
vn 0.267432 0.531925 0.803453
vn 0.497519 0.354241 0.791826
vn -0.423251 0.418720 0.803450
vn -0.183163 0.582643 0.791820
vn -0.529012 -0.273144 0.803454
vn -0.610724 0.005849 0.791822
vn 0.235375 -0.971905 -0.000000
vn 0.997071 -0.076480 -0.000000
vn 0.851599 -0.524194 -0.000000
vn -0.235375 -0.971905 0.000000
vn 0.851601 -0.524191 0.000000
vn -0.235380 -0.971903 0.000000
vn 0.235375 -0.971905 0.000000
vn 0.997071 -0.076476 0.000000
vn 0.380845 0.924639 -0.000000
vn 0.761693 0.647938 -0.000000
vn 0.761695 0.647935 0.000000
vn 0.380848 0.924638 0.000000
vn -0.761697 0.647934 0.000000
vn -0.380847 0.924638 0.000000
vn -0.380844 0.924639 -0.000000
vn -0.761693 0.647938 -0.000000
vn -0.851600 -0.524192 0.000001
vn -0.997071 -0.076482 0.000000
vn -0.997071 -0.076478 -0.000000
vn -0.851601 -0.524191 -0.000000
vn 0.000000 0.000000 1.000000
vn 0.000000 0.000000 1.000000
vn 0.000000 0.000000 1.000000
vn 0.000000 0.000000 1.000000
vn 0.000000 0.000000 1.000000
vn 1.000000 0.000000 0.000000
vn 1.000000 0.000000 0.000000
vn 1.000000 0.000000 0.000000
vn 1.000000 0.000000 0.000000
vn 1.000000 0.000000 0.000000
vn -0.000000 -0.851574 -0.524234
vn 0.000000 0.235350 -0.971911
vn -0.000000 -0.235350 -0.971911
vn -0.000000 -0.997071 -0.076487
vn -0.000000 -0.761662 0.647974
vn -0.000000 -0.380814 0.924652
vn 0.000000 0.380814 0.924652
vn 0.000000 0.761662 0.647974
vn 0.000000 0.997071 -0.076487
vn 0.000000 0.851574 -0.524234
vn -1.000000 0.000000 0.000000
vn -1.000000 0.000000 0.000000
vn -1.000000 0.000000 0.000000
vn -1.000000 0.000000 0.000000
vn -1.000000 0.000000 0.000000
vn -0.587520 -0.096299 0.803459
vn -0.089964 -0.588524 0.803459
vn -0.363699 -0.490639 0.791831
vn -0.579017 0.194282 0.791829
vn 0.531919 -0.267429 0.803457
vn 0.354241 -0.497517 0.791827
vn 0.418712 0.423250 0.803455
vn 0.582635 0.183161 0.791826
vn -0.273143 0.529010 0.803456
vn 0.005846 0.610721 0.791825
vn -0.971905 -0.235373 0.000000
vn -0.076474 -0.997072 -0.000000
vn -0.524193 -0.851600 0.000000
vn -0.971904 0.235376 0.000000
vn -0.524191 -0.851601 0.000000
vn -0.971904 0.235376 0.000000
vn -0.971904 -0.235376 0.000000
vn -0.076477 -0.997071 0.000000
vn 0.924639 -0.380846 -0.000000
vn 0.647941 -0.761690 -0.000000
vn 0.647936 -0.761695 -0.000000
vn 0.924638 -0.380848 -0.000000
vn 0.647931 0.761699 0.000000
vn 0.924638 0.380848 0.000000
vn 0.924637 0.380850 -0.000001
vn 0.647933 0.761698 -0.000001
vn -0.524195 0.851598 0.000001
vn -0.076488 0.997071 0.000000
vn -0.076481 0.997071 -0.000000
vn -0.524192 0.851600 -0.000000
vn 0.000000 0.000000 1.000000
vn 0.000000 0.000000 1.000000
vn 0.000000 0.000000 1.000000
vn 0.000000 0.000000 1.000000
vn 0.000000 0.000000 1.000000
vn -0.587526 -0.096300 0.803454
vn -0.089967 -0.588522 0.803460
vn -0.363700 -0.490638 0.791832
vn -0.579025 0.194285 0.791823
vn 0.531924 -0.267430 0.803454
vn 0.354237 -0.497517 0.791829
vn 0.418716 0.423248 0.803454
vn 0.582638 0.183162 0.791823
vn -0.273145 0.529015 0.803452
vn 0.005851 0.610720 0.791825
vn -0.971903 -0.235384 0.000000
vn -0.076485 -0.997071 0.000000
vn -0.524192 -0.851600 0.000000
vn -0.971904 0.235377 0.000000
vn -0.524189 -0.851602 0.000000
vn -0.971904 0.235378 0.000001
vn -0.971904 -0.235376 0.000001
vn -0.076475 -0.997071 0.000000
vn 0.924636 -0.380851 0.000000
vn 0.647935 -0.761696 -0.000000
vn 0.647937 -0.761694 0.000000
vn 0.924638 -0.380848 0.000000
vn 0.647938 0.761693 -0.000000
vn 0.924639 0.380844 0.000000
vn 0.924639 0.380846 -0.000000
vn 0.647936 0.761694 -0.000000
vn -0.524184 0.851605 0.000001
vn -0.076476 0.997071 0.000000
vn -0.076481 0.997071 -0.000000
vn -0.524193 0.851599 0.000000
vn 0.000000 0.000000 1.000000
vn 0.000000 0.000000 1.000000
vn 0.000000 0.000000 1.000000
vn 0.000000 0.000000 1.000000
vn 0.000000 0.000000 1.000000
vn 1.000000 0.000000 0.000000
vn 1.000000 0.000000 0.000000
vn 1.000000 0.000000 0.000000
vn 1.000000 0.000000 0.000000
vn 1.000000 0.000000 0.000000
vn -0.000000 -0.851575 -0.524232
vn 0.000000 0.235350 -0.971911
vn -0.000000 -0.235350 -0.971911
vn -0.000000 -0.997071 -0.076485
vn -0.000000 -0.761662 0.647975
vn -0.000000 -0.380815 0.924651
vn 0.000000 0.380815 0.924651
vn 0.000000 0.761663 0.647974
vn 0.000000 0.997071 -0.076485
vn 0.000000 0.851575 -0.524233
vn -1.000000 0.000000 0.000000
vn -1.000000 0.000000 0.000000
vn -1.000000 0.000000 0.000000
vn -1.000000 0.000000 0.000000
vn -1.000000 0.000000 0.000000
vn -0.587520 -0.096298 0.803459
vn -0.089968 -0.588523 0.803459
vn -0.363702 -0.490636 0.791831
vn -0.579019 0.194283 0.791828
vn 0.531920 -0.267430 0.803457
vn 0.354238 -0.497517 0.791828
vn 0.418717 0.423248 0.803453
vn 0.582633 0.183160 0.791828
vn -0.273142 0.529011 0.803456
vn 0.005853 0.610720 0.791825
vn -0.971905 -0.235372 0.000000
vn -0.076483 -0.997071 0.000000
vn -0.524198 -0.851596 0.000000
vn -0.971905 0.235374 0.000001
vn -0.524192 -0.851600 0.000000
vn -0.971905 0.235375 0.000000
vn -0.971905 -0.235375 0.000000
vn -0.076475 -0.997072 0.000000
vn 0.924637 -0.380849 0.000000
vn 0.647934 -0.761696 -0.000000
vn 0.647936 -0.761695 -0.000000
vn 0.924637 -0.380849 -0.000000
vn 0.647942 0.761690 0.000000
vn 0.924639 0.380845 0.000000
vn 0.924637 0.380849 -0.000000
vn 0.647937 0.761694 -0.000001
vn -0.524190 0.851602 0.000001
vn -0.076467 0.997072 0.000001
vn -0.076474 0.997072 -0.000000
vn -0.524191 0.851600 -0.000000
vn 0.000000 0.000000 1.000000
vn 0.000000 0.000000 1.000000
vn 0.000000 0.000000 1.000000
vn 0.000000 0.000000 1.000000
vn 0.000000 0.000000 1.000000
vn -0.587525 -0.096300 0.803455
vn -0.089966 -0.588526 0.803457
vn -0.363700 -0.490644 0.791827
vn -0.579024 0.194284 0.791824
vn 0.531926 -0.267429 0.803452
vn 0.354242 -0.497517 0.791826
vn 0.418717 0.423252 0.803451
vn 0.582642 0.183164 0.791820
vn -0.273147 0.529011 0.803454
vn 0.005843 0.610725 0.791821
vn -0.971903 -0.235381 0.000000
vn -0.076477 -0.997071 0.000000
vn -0.524190 -0.851601 0.000000
vn -0.971905 0.235374 0.000000
vn -0.524190 -0.851602 0.000001
vn -0.971903 0.235380 0.000001
vn -0.971904 -0.235376 0.000001
vn -0.076477 -0.997071 0.000000
vn 0.924639 -0.380846 -0.000000
vn 0.647941 -0.761691 -0.000000
vn 0.647939 -0.761693 0.000000
vn 0.924638 -0.380847 0.000000
vn 0.647932 0.761698 0.000000
vn 0.924640 0.380843 0.000000
vn 0.924638 0.380846 -0.000000
vn 0.647936 0.761695 -0.000000
vn -0.524195 0.851599 0.000001
vn -0.076489 0.997070 0.000001
vn -0.076481 0.997071 -0.000000
vn -0.524191 0.851601 0.000000
vn 0.000000 0.000000 1.000000
vn 0.000000 0.000000 1.000000
vn 0.000000 0.000000 1.000000
vn 0.000000 0.000000 1.000000
vn 0.000000 0.000000 1.000000
vn 1.000000 0.000000 0.000000
vn 1.000000 0.000000 0.000000
vn 1.000000 0.000000 0.000000
vn 1.000000 0.000000 0.000000
vn 0.000000 0.000000 1.000000
vn 0.000000 0.000000 1.000000
vn 0.000000 0.000000 1.000000
vn 0.000000 0.000000 1.000000
vn 0.000000 1.000000 0.000000
vn 0.000000 1.000000 0.000000
vn 0.000000 1.000000 0.000000
vn 0.000000 1.000000 0.000000
vn 0.000000 0.000000 -1.000000
vn 0.000000 0.000000 -1.000000
vn 0.000000 0.000000 -1.000000
vn 0.000000 0.000000 -1.000000
vn 0.000000 -1.000000 0.000000
vn 0.000000 -1.000000 0.000000
vn 0.000000 -1.000000 0.000000
vn 0.000000 -1.000000 0.000000
usemtl m0
f 1/1/1 2/2/2 3/3/3
f 3/3/3 4/4/4 1/1/1
f 5/5/5 6/6/6 7/7/7
f 7/7/7 8/8/8 5/5/5
f 6/6/6 9/9/9 10/10/10
f 10/10/10 7/7/7 6/6/6
f 9/9/9 11/11/11 12/12/12
f 12/12/12 10/10/10 9/9/9
f 11/11/11 13/13/13 14/14/14
f 14/14/14 12/12/12 11/11/11
f 13/13/13 15/15/15 16/16/16
f 16/16/16 14/14/14 13/13/13
f 15/15/15 17/17/17 18/18/18
f 18/18/18 16/16/16 15/15/15
f 17/17/17 1/1/1 4/4/4
f 4/4/4 18/18/18 17/17/17
f 19/19/19 20/20/20 21/21/21
f 21/21/21 22/22/22 19/19/19
f 20/20/20 23/23/23 24/24/24
f 24/24/24 21/21/21 20/20/20
f 25/25/25 26/26/26 27/27/27
f 27/27/27 28/28/28 25/25/25
f 26/26/26 29/29/29 30/30/30
f 30/30/30 27/27/27 26/26/26
f 29/29/29 31/31/31 32/32/32
f 32/32/32 30/30/30 29/29/29
f 31/31/31 19/19/19 22/22/22
f 22/22/22 32/32/32 31/31/31
f 33/33/33 34/34/34 35/35/35
f 35/35/35 36/36/36 33/33/33
f 34/34/34 37/37/37 38/38/38
f 38/38/38 35/35/35 34/34/34
f 39/39/39 40/40/40 41/41/41
f 41/41/41 42/42/42 39/39/39
f 40/40/40 43/43/43 44/44/44
f 44/44/44 41/41/41 40/40/40
f 43/43/43 45/45/45 46/46/46
f 46/46/46 44/44/44 43/43/43
f 45/45/45 33/33/33 36/36/36
f 36/36/36 46/46/46 45/45/45
f 47/47/47 48/48/48 49/49/49
f 49/49/49 50/50/50 47/47/47
f 48/48/48 51/51/51 52/52/52
f 52/52/52 49/49/49 48/48/48
f 53/53/53 54/54/54 55/55/55
f 55/55/55 56/56/56 53/53/53
f 54/54/54 57/57/57 58/58/58
f 58/58/58 55/55/55 54/54/54
f 57/57/57 59/59/59 60/60/60
f 60/60/60 58/58/58 57/57/57
f 59/59/59 47/47/47 50/50/50
f 50/50/50 60/60/60 59/59/59
f 61/61/61 62/62/62 63/63/63
f 63/63/63 64/64/64 61/61/61
f 62/62/62 65/65/65 66/66/66
f 66/66/66 63/63/63 62/62/62
f 67/67/67 68/68/68 69/69/69
f 69/69/69 70/70/70 67/67/67
f 68/68/68 71/71/71 72/72/72
f 72/72/72 69/69/69 68/68/68
f 71/71/71 73/73/73 74/74/74
f 74/74/74 72/72/72 71/71/71
f 73/73/73 61/61/61 64/64/64
f 64/64/64 74/74/74 73/73/73
f 75/75/75 76/76/76 77/77/77
f 77/77/77 78/78/78 75/75/75
f 76/76/76 79/79/79 80/80/80
f 80/80/80 77/77/77 76/76/76
f 81/81/81 82/82/82 83/83/83
f 83/83/83 84/84/84 81/81/81
f 82/82/82 85/85/85 86/86/86
f 86/86/86 83/83/83 82/82/82
f 85/85/85 87/87/87 88/88/88
f 88/88/88 86/86/86 85/85/85
f 87/87/87 75/75/75 78/78/78
f 78/78/78 88/88/88 87/87/87
f 89/89/89 90/90/90 91/91/91
f 91/91/91 92/92/92 89/89/89
f 90/90/90 93/93/93 94/94/94
f 94/94/94 91/91/91 90/90/90
f 95/95/95 96/96/96 97/97/97
f 97/97/97 98/98/98 95/95/95
f 96/96/96 99/99/99 100/100/100
f 100/100/100 97/97/97 96/96/96
f 99/99/99 101/101/101 102/102/102
f 102/102/102 100/100/100 99/99/99
f 101/101/101 89/89/89 92/92/92
f 92/92/92 102/102/102 101/101/101
f 103/103/103 104/104/104 105/105/105
f 105/105/105 106/106/106 103/103/103
f 104/104/104 107/107/107 108/108/108
f 108/108/108 105/105/105 104/104/104
f 109/109/109 110/110/110 111/111/111
f 111/111/111 112/112/112 109/109/109
f 110/110/110 113/113/113 114/114/114
f 114/114/114 111/111/111 110/110/110
f 113/113/113 115/115/115 116/116/116
f 116/116/116 114/114/114 113/113/113
f 115/115/115 103/103/103 106/106/106
f 106/106/106 116/116/116 115/115/115
f 117/117/117 118/118/118 119/119/119
f 119/119/119 120/120/120 117/117/117
f 118/118/118 121/121/121 122/122/122
f 122/122/122 119/119/119 118/118/118
f 123/123/123 124/124/124 125/125/125
f 125/125/125 126/126/126 123/123/123
f 124/124/124 127/127/127 128/128/128
f 128/128/128 125/125/125 124/124/124
f 127/127/127 129/129/129 130/130/130
f 130/130/130 128/128/128 127/127/127
f 129/129/129 117/117/117 120/120/120
f 120/120/120 130/130/130 129/129/129
f 131/131/131 132/132/132 133/133/133
f 133/133/133 134/134/134 131/131/131
f 132/132/132 135/135/135 136/136/136
f 136/136/136 133/133/133 132/132/132
f 137/137/137 138/138/138 139/139/139
f 139/139/139 140/140/140 137/137/137
f 138/138/138 141/141/141 142/142/142
f 142/142/142 139/139/139 138/138/138
f 141/141/141 143/143/143 144/144/144
f 144/144/144 142/142/142 141/141/141
f 143/143/143 131/131/131 134/134/134
f 134/134/134 144/144/144 143/143/143
f 145/145/145 146/146/146 147/147/147
f 147/147/147 148/148/148 145/145/145
f 146/146/146 149/149/149 150/150/150
f 150/150/150 147/147/147 146/146/146
f 151/151/151 152/152/152 153/153/153
f 153/153/153 154/154/154 151/151/151
f 152/152/152 155/155/155 156/156/156
f 156/156/156 153/153/153 152/152/152
f 155/155/155 157/157/157 158/158/158
f 158/158/158 156/156/156 155/155/155
f 157/157/157 145/145/145 148/148/148
f 148/148/148 158/158/158 157/157/157
f 159/159/159 160/160/160 161/161/161
f 161/161/161 162/162/162 159/159/159
f 160/160/160 163/163/163 164/164/164
f 164/164/164 161/161/161 160/160/160
f 165/165/165 166/166/166 167/167/167
f 167/167/167 168/168/168 165/165/165
f 166/166/166 169/169/169 170/170/170
f 170/170/170 167/167/167 166/166/166
f 169/169/169 171/171/171 172/172/172
f 172/172/172 170/170/170 169/169/169
f 171/171/171 159/159/159 162/162/162
f 162/162/162 172/172/172 171/171/171
f 173/173/173 174/174/174 175/175/175
f 175/175/175 176/176/176 173/173/173
f 174/174/174 177/177/177 178/178/178
f 178/178/178 175/175/175 174/174/174
f 179/179/179 180/180/180 181/181/181
f 181/181/181 182/182/182 179/179/179
f 180/180/180 183/183/183 184/184/184
f 184/184/184 181/181/181 180/180/180
f 183/183/183 185/185/185 186/186/186
f 186/186/186 184/184/184 183/183/183
f 185/185/185 173/173/173 176/176/176
f 176/176/176 186/186/186 185/185/185
f 187/187/187 188/188/188 189/189/189
f 189/189/189 190/190/190 187/187/187
f 188/188/188 191/191/191 192/192/192
f 192/192/192 189/189/189 188/188/188
f 193/193/193 194/194/194 195/195/195
f 195/195/195 196/196/196 193/193/193
f 194/194/194 197/197/197 198/198/198
f 198/198/198 195/195/195 194/194/194
f 197/197/197 199/199/199 200/200/200
f 200/200/200 198/198/198 197/197/197
f 199/199/199 187/187/187 190/190/190
f 190/190/190 200/200/200 199/199/199
f 201/201/201 202/202/202 203/203/203
f 203/203/203 204/204/204 201/201/201
f 202/202/202 205/205/205 206/206/206
f 206/206/206 203/203/203 202/202/202
f 207/207/207 208/208/208 209/209/209
f 209/209/209 210/210/210 207/207/207
f 208/208/208 211/211/211 212/212/212
f 212/212/212 209/209/209 208/208/208
f 211/211/211 213/213/213 214/214/214
f 214/214/214 212/212/212 211/211/211
f 213/213/213 201/201/201 204/204/204
f 204/204/204 214/214/214 213/213/213
f 215/215/215 216/216/216 217/217/217
f 217/217/217 218/218/218 215/215/215
f 219/219/219 220/220/220 221/221/221
f 221/221/221 222/222/222 219/219/219
f 220/220/220 223/223/223 224/224/224
f 224/224/224 221/221/221 220/220/220
f 223/223/223 225/225/225 226/226/226
f 226/226/226 224/224/224 223/223/223
f 225/225/225 227/227/227 228/228/228
f 228/228/228 226/226/226 225/225/225
f 227/227/227 229/229/229 230/230/230
f 230/230/230 228/228/228 227/227/227
f 229/229/229 231/231/231 232/232/232
f 232/232/232 230/230/230 229/229/229
f 231/231/231 215/215/215 218/218/218
f 218/218/218 232/232/232 231/231/231
f 233/233/233 20/20/20 21/21/21
f 21/21/21 22/22/22 233/233/233
f 20/20/20 234/234/234 24/24/24
f 24/24/24 21/21/21 20/20/20
f 235/235/235 26/26/26 27/27/27
f 27/27/27 28/28/28 235/235/235
f 26/26/26 236/236/236 30/30/30
f 30/30/30 27/27/27 26/26/26
f 236/236/236 31/31/31 32/32/32
f 32/32/32 30/30/30 236/236/236
f 31/31/31 233/233/233 22/22/22
f 22/22/22 32/32/32 31/31/31
f 237/237/237 238/238/238 239/239/239
f 239/239/239 240/240/240 237/237/237
f 238/238/238 241/241/241 38/38/38
f 38/38/38 239/239/239 238/238/238
f 242/242/242 40/40/40 41/41/41
f 41/41/41 42/42/42 242/242/242
f 40/40/40 243/243/243 44/44/44
f 44/44/44 41/41/41 40/40/40
f 243/243/243 244/244/244 245/245/245
f 245/245/245 44/44/44 243/243/243
f 244/244/244 237/237/237 240/240/240
f 240/240/240 245/245/245 244/244/244
f 246/246/246 247/247/247 248/248/248
f 248/248/248 249/249/249 246/246/246
f 247/247/247 250/250/250 251/251/251
f 251/251/251 248/248/248 247/247/247
f 252/252/252 54/54/54 55/55/55
f 55/55/55 253/253/253 252/252/252
f 54/54/54 254/254/254 255/255/255
f 255/255/255 55/55/55 54/54/54
f 254/254/254 256/256/256 257/257/257
f 257/257/257 255/255/255 254/254/254
f 256/256/256 246/246/246 249/249/249
f 249/249/249 257/257/257 256/256/256
f 61/61/61 62/62/62 258/258/258
f 258/258/258 64/64/64 61/61/61
f 62/62/62 259/259/259 66/66/66
f 66/66/66 258/258/258 62/62/62
f 260/260/260 261/261/261 69/69/69
f 69/69/69 70/70/70 260/260/260
f 261/261/261 262/262/262 72/72/72
f 72/72/72 69/69/69 261/261/261
f 262/262/262 263/263/263 264/264/264
f 264/264/264 72/72/72 262/262/262
f 263/263/263 61/61/61 64/64/64
f 64/64/64 264/264/264 263/263/263
f 75/75/75 76/76/76 77/77/77
f 77/77/77 78/78/78 75/75/75
f 76/76/76 79/79/79 265/265/265
f 265/265/265 77/77/77 76/76/76
f 81/81/81 266/266/266 267/267/267
f 267/267/267 268/268/268 81/81/81
f 266/266/266 269/269/269 270/270/270
f 270/270/270 267/267/267 266/266/266
f 269/269/269 87/87/87 271/271/271
f 271/271/271 270/270/270 269/269/269
f 87/87/87 75/75/75 78/78/78
f 78/78/78 271/271/271 87/87/87
f 89/89/89 90/90/90 91/91/91
f 91/91/91 92/92/92 89/89/89
f 90/90/90 93/93/93 272/272/272
f 272/272/272 91/91/91 90/90/90
f 95/95/95 273/273/273 274/274/274
f 274/274/274 275/275/275 95/95/95
f 273/273/273 276/276/276 277/277/277
f 277/277/277 274/274/274 273/273/273
f 276/276/276 278/278/278 279/279/279
f 279/279/279 277/277/277 276/276/276
f 278/278/278 89/89/89 92/92/92
f 92/92/92 279/279/279 278/278/278
f 280/280/280 281/281/281 282/282/282
f 282/282/282 283/283/283 280/280/280
f 281/281/281 107/107/107 108/108/108
f 108/108/108 282/282/282 281/281/281
f 109/109/109 284/284/284 285/285/285
f 285/285/285 112/112/112 109/109/109
f 284/284/284 286/286/286 114/114/114
f 114/114/114 285/285/285 284/284/284
f 286/286/286 287/287/287 288/288/288
f 288/288/288 114/114/114 286/286/286
f 287/287/287 280/280/280 283/283/283
f 283/283/283 288/288/288 287/287/287
f 289/289/289 290/290/290 119/119/119
f 119/119/119 291/291/291 289/289/289
f 290/290/290 121/121/121 292/292/292
f 292/292/292 119/119/119 290/290/290
f 123/123/123 124/124/124 293/293/293
f 293/293/293 294/294/294 123/123/123
f 124/124/124 295/295/295 296/296/296
f 296/296/296 293/293/293 124/124/124
f 295/295/295 297/297/297 130/130/130
f 130/130/130 296/296/296 295/295/295
f 297/297/297 289/289/289 291/291/291
f 291/291/291 130/130/130 297/297/297
f 298/298/298 299/299/299 300/300/300
f 300/300/300 301/301/301 298/298/298
f 299/299/299 302/302/302 303/303/303
f 303/303/303 300/300/300 299/299/299
f 304/304/304 305/305/305 139/139/139
f 139/139/139 306/306/306 304/304/304
f 305/305/305 307/307/307 308/308/308
f 308/308/308 139/139/139 305/305/305
f 307/307/307 309/309/309 310/310/310
f 310/310/310 308/308/308 307/307/307
f 309/309/309 298/298/298 301/301/301
f 301/301/301 310/310/310 309/309/309
f 311/311/311 312/312/312 147/147/147
f 147/147/147 313/313/313 311/311/311
f 312/312/312 314/314/314 315/315/315
f 315/315/315 147/147/147 312/312/312
f 316/316/316 317/317/317 318/318/318
f 318/318/318 319/319/319 316/316/316
f 317/317/317 320/320/320 321/321/321
f 321/321/321 318/318/318 317/317/317
f 320/320/320 322/322/322 158/158/158
f 158/158/158 321/321/321 320/320/320
f 322/322/322 311/311/311 313/313/313
f 313/313/313 158/158/158 322/322/322
f 159/159/159 323/323/323 161/161/161
f 161/161/161 162/162/162 159/159/159
f 323/323/323 163/163/163 164/164/164
f 164/164/164 161/161/161 323/323/323
f 165/165/165 324/324/324 325/325/325
f 325/325/325 168/168/168 165/165/165
f 324/324/324 326/326/326 170/170/170
f 170/170/170 325/325/325 324/324/324
f 326/326/326 327/327/327 172/172/172
f 172/172/172 170/170/170 326/326/326
f 327/327/327 159/159/159 162/162/162
f 162/162/162 172/172/172 327/327/327
f 328/328/328 174/174/174 175/175/175
f 175/175/175 329/329/329 328/328/328
f 174/174/174 330/330/330 178/178/178
f 178/178/178 175/175/175 174/174/174
f 331/331/331 332/332/332 181/181/181
f 181/181/181 182/182/182 331/331/331
f 332/332/332 183/183/183 184/184/184
f 184/184/184 181/181/181 332/332/332
f 183/183/183 333/333/333 186/186/186
f 186/186/186 184/184/184 183/183/183
f 333/333/333 328/328/328 329/329/329
f 329/329/329 186/186/186 333/333/333
f 187/187/187 188/188/188 189/189/189
f 189/189/189 190/190/190 187/187/187
f 188/188/188 334/334/334 192/192/192
f 192/192/192 189/189/189 188/188/188
f 335/335/335 336/336/336 195/195/195
f 195/195/195 196/196/196 335/335/335
f 336/336/336 337/337/337 198/198/198
f 198/198/198 195/195/195 336/336/336
f 337/337/337 199/199/199 200/200/200
f 200/200/200 198/198/198 337/337/337
f 199/199/199 187/187/187 190/190/190
f 190/190/190 200/200/200 199/199/199
f 201/201/201 202/202/202 203/203/203
f 203/203/203 338/338/338 201/201/201
f 202/202/202 205/205/205 339/339/339
f 339/339/339 203/203/203 202/202/202
f 207/207/207 208/208/208 209/209/209
f 209/209/209 340/340/340 207/207/207
f 208/208/208 341/341/341 342/342/342
f 342/342/342 209/209/209 208/208/208
f 341/341/341 213/213/213 214/214/214
f 214/214/214 342/342/342 341/341/341
f 213/213/213 201/201/201 338/338/338
f 338/338/338 214/214/214 213/213/213
f 343/343/343 344/344/344 345/345/345
f 345/345/345 346/346/346 343/343/343
f 347/347/347 348/348/348 349/349/349
f 349/349/349 350/350/350 347/347/347
f 348/348/348 351/351/351 352/352/352
f 352/352/352 349/349/349 348/348/348
f 351/351/351 353/353/353 354/354/354
f 354/354/354 352/352/352 351/351/351
f 353/353/353 355/355/355 356/356/356
f 356/356/356 354/354/354 353/353/353
f 355/355/355 357/357/357 358/358/358
f 358/358/358 356/356/356 355/355/355
f 357/357/357 359/359/359 360/360/360
f 360/360/360 358/358/358 357/357/357
f 359/359/359 343/343/343 346/346/346
f 346/346/346 360/360/360 359/359/359
f 361/361/361 362/362/362 363/363/363
f 363/363/363 364/364/364 361/361/361
f 362/362/362 365/365/365 366/366/366
f 366/366/366 363/363/363 362/362/362
f 367/367/367 368/368/368 369/369/369
f 369/369/369 370/370/370 367/367/367
f 368/368/368 371/371/371 372/372/372
f 372/372/372 369/369/369 368/368/368
f 371/371/371 373/373/373 374/374/374
f 374/374/374 372/372/372 371/371/371
f 373/373/373 361/361/361 364/364/364
f 364/364/364 374/374/374 373/373/373
f 375/375/375 376/376/376 377/377/377
f 377/377/377 378/378/378 375/375/375
f 376/376/376 379/379/379 380/380/380
f 380/380/380 377/377/377 376/376/376
f 381/381/381 382/382/382 383/383/383
f 383/383/383 384/384/384 381/381/381
f 382/382/382 385/385/385 386/386/386
f 386/386/386 383/383/383 382/382/382
f 385/385/385 387/387/387 388/388/388
f 388/388/388 386/386/386 385/385/385
f 387/387/387 375/375/375 378/378/378
f 378/378/378 388/388/388 387/387/387
f 389/389/389 390/390/390 391/391/391
f 391/391/391 392/392/392 389/389/389
f 390/390/390 393/393/393 394/394/394
f 394/394/394 391/391/391 390/390/390
f 395/395/395 396/396/396 397/397/397
f 397/397/397 398/398/398 395/395/395
f 396/396/396 399/399/399 400/400/400
f 400/400/400 397/397/397 396/396/396
f 399/399/399 401/401/401 402/402/402
f 402/402/402 400/400/400 399/399/399
f 401/401/401 389/389/389 392/392/392
f 392/392/392 402/402/402 401/401/401
f 403/403/403 404/404/404 405/405/405
f 405/405/405 406/406/406 403/403/403
f 404/404/404 407/407/407 408/408/408
f 408/408/408 405/405/405 404/404/404
f 409/409/409 410/410/410 411/411/411
f 411/411/411 412/412/412 409/409/409
f 410/410/410 413/413/413 414/414/414
f 414/414/414 411/411/411 410/410/410
f 413/413/413 415/415/415 416/416/416
f 416/416/416 414/414/414 413/413/413
f 415/415/415 403/403/403 406/406/406
f 406/406/406 416/416/416 415/415/415
f 417/417/417 418/418/418 419/419/419
f 419/419/419 420/420/420 417/417/417
f 418/418/418 421/421/421 422/422/422
f 422/422/422 419/419/419 418/418/418
f 423/423/423 424/424/424 425/425/425
f 425/425/425 426/426/426 423/423/423
f 424/424/424 427/427/427 428/428/428
f 428/428/428 425/425/425 424/424/424
f 427/427/427 429/429/429 430/430/430
f 430/430/430 428/428/428 427/427/427
f 429/429/429 417/417/417 420/420/420
f 420/420/420 430/430/430 429/429/429
f 431/431/431 432/432/432 433/433/433
f 433/433/433 434/434/434 431/431/431
f 432/432/432 435/435/435 436/436/436
f 436/436/436 433/433/433 432/432/432
f 437/437/437 438/438/438 439/439/439
f 439/439/439 440/440/440 437/437/437
f 438/438/438 441/441/441 442/442/442
f 442/442/442 439/439/439 438/438/438
f 441/441/441 443/443/443 444/444/444
f 444/444/444 442/442/442 441/441/441
f 443/443/443 431/431/431 434/434/434
f 434/434/434 444/444/444 443/443/443
f 445/445/445 446/446/446 447/447/447
f 447/447/447 448/448/448 445/445/445
f 446/446/446 449/449/449 450/450/450
f 450/450/450 447/447/447 446/446/446
f 451/451/451 452/452/452 453/453/453
f 453/453/453 454/454/454 451/451/451
f 452/452/452 455/455/455 456/456/456
f 456/456/456 453/453/453 452/452/452
f 455/455/455 457/457/457 458/458/458
f 458/458/458 456/456/456 455/455/455
f 457/457/457 445/445/445 448/448/448
f 448/448/448 458/458/458 457/457/457
f 459/459/459 460/460/460 461/461/461
f 461/461/461 462/462/462 459/459/459
f 460/460/460 463/463/463 464/464/464
f 464/464/464 461/461/461 460/460/460
f 465/465/465 466/466/466 467/467/467
f 467/467/467 468/468/468 465/465/465
f 466/466/466 469/469/469 470/470/470
f 470/470/470 467/467/467 466/466/466
f 469/469/469 471/471/471 472/472/472
f 472/472/472 470/470/470 469/469/469
f 471/471/471 459/459/459 462/462/462
f 462/462/462 472/472/472 471/471/471
f 473/473/473 474/474/474 475/475/475
f 475/475/475 476/476/476 473/473/473
f 474/474/474 477/477/477 478/478/478
f 478/478/478 475/475/475 474/474/474
f 479/479/479 480/480/480 481/481/481
f 481/481/481 482/482/482 479/479/479
f 480/480/480 483/483/483 484/484/484
f 484/484/484 481/481/481 480/480/480
f 483/483/483 485/485/485 486/486/486
f 486/486/486 484/484/484 483/483/483
f 485/485/485 473/473/473 476/476/476
f 476/476/476 486/486/486 485/485/485
f 487/487/487 488/488/488 489/489/489
f 489/489/489 490/490/490 487/487/487
f 488/488/488 491/491/491 492/492/492
f 492/492/492 489/489/489 488/488/488
f 493/493/493 494/494/494 495/495/495
f 495/495/495 496/496/496 493/493/493
f 494/494/494 497/497/497 498/498/498
f 498/498/498 495/495/495 494/494/494
f 497/497/497 499/499/499 500/500/500
f 500/500/500 498/498/498 497/497/497
f 499/499/499 487/487/487 490/490/490
f 490/490/490 500/500/500 499/499/499
f 501/501/501 502/502/502 503/503/503
f 503/503/503 504/504/504 501/501/501
f 502/502/502 505/505/505 506/506/506
f 506/506/506 503/503/503 502/502/502
f 507/507/507 508/508/508 509/509/509
f 509/509/509 510/510/510 507/507/507
f 508/508/508 511/511/511 512/512/512
f 512/512/512 509/509/509 508/508/508
f 511/511/511 513/513/513 514/514/514
f 514/514/514 512/512/512 511/511/511
f 513/513/513 501/501/501 504/504/504
f 504/504/504 514/514/514 513/513/513
f 515/515/515 516/516/516 517/517/517
f 517/517/517 518/518/518 515/515/515
f 516/516/516 519/519/519 520/520/520
f 520/520/520 517/517/517 516/516/516
f 521/521/521 522/522/522 523/523/523
f 523/523/523 524/524/524 521/521/521
f 522/522/522 525/525/525 526/526/526
f 526/526/526 523/523/523 522/522/522
f 525/525/525 527/527/527 528/528/528
f 528/528/528 526/526/526 525/525/525
f 527/527/527 515/515/515 518/518/518
f 518/518/518 528/528/528 527/527/527
f 529/529/529 530/530/530 531/531/531
f 531/531/531 532/532/532 529/529/529
f 530/530/530 533/533/533 534/534/534
f 534/534/534 531/531/531 530/530/530
f 535/535/535 536/536/536 537/537/537
f 537/537/537 538/538/538 535/535/535
f 536/536/536 539/539/539 540/540/540
f 540/540/540 537/537/537 536/536/536
f 539/539/539 541/541/541 542/542/542
f 542/542/542 540/540/540 539/539/539
f 541/541/541 529/529/529 532/532/532
f 532/532/532 542/542/542 541/541/541
f 543/543/543 544/544/544 545/545/545
f 545/545/545 546/546/546 543/543/543
f 544/544/544 547/547/547 548/548/548
f 548/548/548 545/545/545 544/544/544
f 549/549/549 550/550/550 551/551/551
f 551/551/551 552/552/552 549/549/549
f 550/550/550 553/553/553 554/554/554
f 554/554/554 551/551/551 550/550/550
f 553/553/553 555/555/555 556/556/556
f 556/556/556 554/554/554 553/553/553
f 555/555/555 543/543/543 546/546/546
f 546/546/546 556/556/556 555/555/555
f 557/557/557 558/558/558 559/559/559
f 559/559/559 560/560/560 557/557/557
f 561/561/561 562/562/562 563/563/563
f 563/563/563 564/564/564 561/561/561
f 562/562/562 565/565/565 566/566/566
f 566/566/566 563/563/563 562/562/562
f 565/565/565 567/567/567 568/568/568
f 568/568/568 566/566/566 565/565/565
f 567/567/567 569/569/569 570/570/570
f 570/570/570 568/568/568 567/567/567
f 569/569/569 571/571/571 572/572/572
f 572/572/572 570/570/570 569/569/569
f 571/571/571 573/573/573 574/574/574
f 574/574/574 572/572/572 571/571/571
f 573/573/573 557/557/557 560/560/560
f 560/560/560 574/574/574 573/573/573
f 575/575/575 576/576/576 577/577/577
f 577/577/577 578/578/578 575/575/575
f 576/576/576 579/579/579 580/580/580
f 580/580/580 577/577/577 576/576/576
f 581/581/581 582/582/582 583/583/583
f 583/583/583 584/584/584 581/581/581
f 582/582/582 585/585/585 586/586/586
f 586/586/586 583/583/583 582/582/582
f 585/585/585 587/587/587 588/588/588
f 588/588/588 586/586/586 585/585/585
f 587/587/587 575/575/575 578/578/578
f 578/578/578 588/588/588 587/587/587
f 589/589/589 590/590/590 591/591/591
f 591/591/591 592/592/592 589/589/589
f 590/590/590 593/593/593 594/594/594
f 594/594/594 591/591/591 590/590/590
f 595/595/595 596/596/596 597/597/597
f 597/597/597 598/598/598 595/595/595
f 596/596/596 599/599/599 600/600/600
f 600/600/600 597/597/597 596/596/596
f 599/599/599 601/601/601 602/602/602
f 602/602/602 600/600/600 599/599/599
f 601/601/601 589/589/589 592/592/592
f 592/592/592 602/602/602 601/601/601
f 603/603/603 604/604/604 605/605/605
f 605/605/605 606/606/606 603/603/603
f 604/604/604 607/607/607 608/608/608
f 608/608/608 605/605/605 604/604/604
f 609/609/609 610/610/610 611/611/611
f 611/611/611 612/612/612 609/609/609
f 610/610/610 613/613/613 614/614/614
f 614/614/614 611/611/611 610/610/610
f 613/613/613 615/615/615 616/616/616
f 616/616/616 614/614/614 613/613/613
f 615/615/615 603/603/603 606/606/606
f 606/606/606 616/616/616 615/615/615
f 617/617/617 618/618/618 619/619/619
f 619/619/619 620/620/620 617/617/617
f 618/618/618 621/621/621 622/622/622
f 622/622/622 619/619/619 618/618/618
f 623/623/623 624/624/624 625/625/625
f 625/625/625 626/626/626 623/623/623
f 624/624/624 627/627/627 628/628/628
f 628/628/628 625/625/625 624/624/624
f 627/627/627 629/629/629 630/630/630
f 630/630/630 628/628/628 627/627/627
f 629/629/629 617/617/617 620/620/620
f 620/620/620 630/630/630 629/629/629
f 631/631/631 632/632/632 633/633/633
f 633/633/633 634/634/634 631/631/631
f 632/632/632 635/635/635 636/636/636
f 636/636/636 633/633/633 632/632/632
f 637/637/637 638/638/638 639/639/639
f 639/639/639 640/640/640 637/637/637
f 638/638/638 641/641/641 642/642/642
f 642/642/642 639/639/639 638/638/638
f 641/641/641 643/643/643 644/644/644
f 644/644/644 642/642/642 641/641/641
f 643/643/643 631/631/631 634/634/634
f 634/634/634 644/644/644 643/643/643
f 645/645/645 646/646/646 647/647/647
f 647/647/647 648/648/648 645/645/645
f 646/646/646 649/649/649 650/650/650
f 650/650/650 647/647/647 646/646/646
f 651/651/651 652/652/652 653/653/653
f 653/653/653 654/654/654 651/651/651
f 652/652/652 655/655/655 656/656/656
f 656/656/656 653/653/653 652/652/652
f 655/655/655 657/657/657 658/658/658
f 658/658/658 656/656/656 655/655/655
f 657/657/657 645/645/645 648/648/648
f 648/648/648 658/658/658 657/657/657
f 659/659/659 660/660/660 661/661/661
f 661/661/661 662/662/662 659/659/659
f 660/660/660 663/663/663 664/664/664
f 664/664/664 661/661/661 660/660/660
f 665/665/665 666/666/666 667/667/667
f 667/667/667 668/668/668 665/665/665
f 666/666/666 669/669/669 670/670/670
f 670/670/670 667/667/667 666/666/666
f 669/669/669 671/671/671 672/672/672
f 672/672/672 670/670/670 669/669/669
f 671/671/671 659/659/659 662/662/662
f 662/662/662 672/672/672 671/671/671
f 673/673/673 674/674/674 675/675/675
f 675/675/675 676/676/676 673/673/673
f 674/674/674 677/677/677 678/678/678
f 678/678/678 675/675/675 674/674/674
f 679/679/679 680/680/680 681/681/681
f 681/681/681 682/682/682 679/679/679
f 680/680/680 683/683/683 684/684/684
f 684/684/684 681/681/681 680/680/680
f 683/683/683 685/685/685 686/686/686
f 686/686/686 684/684/684 683/683/683
f 685/685/685 673/673/673 676/676/676
f 676/676/676 686/686/686 685/685/685
f 687/687/687 688/688/688 689/689/689
f 689/689/689 690/690/690 687/687/687
f 688/688/688 691/691/691 692/692/692
f 692/692/692 689/689/689 688/688/688
f 693/693/693 694/694/694 695/695/695
f 695/695/695 696/696/696 693/693/693
f 694/694/694 697/697/697 698/698/698
f 698/698/698 695/695/695 694/694/694
f 697/697/697 699/699/699 700/700/700
f 700/700/700 698/698/698 697/697/697
f 699/699/699 687/687/687 690/690/690
f 690/690/690 700/700/700 699/699/699
f 701/701/701 702/702/702 703/703/703
f 703/703/703 704/704/704 701/701/701
f 702/702/702 705/705/705 706/706/706
f 706/706/706 703/703/703 702/702/702
f 707/707/707 708/708/708 709/709/709
f 709/709/709 710/710/710 707/707/707
f 708/708/708 711/711/711 712/712/712
f 712/712/712 709/709/709 708/708/708
f 711/711/711 713/713/713 714/714/714
f 714/714/714 712/712/712 711/711/711
f 713/713/713 701/701/701 704/704/704
f 704/704/704 714/714/714 713/713/713
f 715/715/715 716/716/716 717/717/717
f 717/717/717 718/718/718 715/715/715
f 716/716/716 719/719/719 720/720/720
f 720/720/720 717/717/717 716/716/716
f 721/721/721 722/722/722 723/723/723
f 723/723/723 724/724/724 721/721/721
f 722/722/722 725/725/725 726/726/726
f 726/726/726 723/723/723 722/722/722
f 725/725/725 727/727/727 728/728/728
f 728/728/728 726/726/726 725/725/725
f 727/727/727 715/715/715 718/718/718
f 718/718/718 728/728/728 727/727/727
f 729/729/729 730/730/730 731/731/731
f 731/731/731 732/732/732 729/729/729
f 730/730/730 733/733/733 734/734/734
f 734/734/734 731/731/731 730/730/730
f 735/735/735 736/736/736 737/737/737
f 737/737/737 738/738/738 735/735/735
f 736/736/736 739/739/739 740/740/740
f 740/740/740 737/737/737 736/736/736
f 739/739/739 741/741/741 742/742/742
f 742/742/742 740/740/740 739/739/739
f 741/741/741 729/729/729 732/732/732
f 732/732/732 742/742/742 741/741/741
f 743/743/743 744/744/744 745/745/745
f 745/745/745 746/746/746 743/743/743
f 744/744/744 747/747/747 748/748/748
f 748/748/748 745/745/745 744/744/744
f 749/749/749 750/750/750 751/751/751
f 751/751/751 752/752/752 749/749/749
f 750/750/750 753/753/753 754/754/754
f 754/754/754 751/751/751 750/750/750
f 753/753/753 755/755/755 756/756/756
f 756/756/756 754/754/754 753/753/753
f 755/755/755 743/743/743 746/746/746
f 746/746/746 756/756/756 755/755/755
f 757/757/757 758/758/758 759/759/759
f 759/759/759 760/760/760 757/757/757
f 758/758/758 761/761/761 762/762/762
f 762/762/762 759/759/759 758/758/758
f 763/763/763 764/764/764 765/765/765
f 765/765/765 766/766/766 763/763/763
f 764/764/764 767/767/767 768/768/768
f 768/768/768 765/765/765 764/764/764
f 767/767/767 769/769/769 770/770/770
f 770/770/770 768/768/768 767/767/767
f 769/769/769 757/757/757 760/760/760
f 760/760/760 770/770/770 769/769/769
f 771/771/771 772/772/772 773/773/773
f 773/773/773 774/774/774 771/771/771
f 775/775/775 776/776/776 777/777/777
f 777/777/777 778/778/778 775/775/775
f 776/776/776 779/779/779 780/780/780
f 780/780/780 777/777/777 776/776/776
f 779/779/779 781/781/781 782/782/782
f 782/782/782 780/780/780 779/779/779
f 781/781/781 783/783/783 784/784/784
f 784/784/784 782/782/782 781/781/781
f 783/783/783 785/785/785 786/786/786
f 786/786/786 784/784/784 783/783/783
f 785/785/785 787/787/787 788/788/788
f 788/788/788 786/786/786 785/785/785
f 787/787/787 771/771/771 774/774/774
f 774/774/774 788/788/788 787/787/787
f 789/789/789 790/790/790 791/791/791
f 791/791/791 792/792/792 789/789/789
f 790/790/790 793/793/793 794/794/794
f 794/794/794 791/791/791 790/790/790
f 795/795/795 796/796/796 797/797/797
f 797/797/797 798/798/798 795/795/795
f 796/796/796 799/799/799 800/800/800
f 800/800/800 797/797/797 796/796/796
f 799/799/799 801/801/801 802/802/802
f 802/802/802 800/800/800 799/799/799
f 801/801/801 789/789/789 792/792/792
f 792/792/792 802/802/802 801/801/801
f 803/803/803 804/804/804 805/805/805
f 805/805/805 806/806/806 803/803/803
f 804/804/804 807/807/807 808/808/808
f 808/808/808 805/805/805 804/804/804
f 809/809/809 810/810/810 811/811/811
f 811/811/811 812/812/812 809/809/809
f 810/810/810 813/813/813 814/814/814
f 814/814/814 811/811/811 810/810/810
f 813/813/813 815/815/815 816/816/816
f 816/816/816 814/814/814 813/813/813
f 815/815/815 803/803/803 806/806/806
f 806/806/806 816/816/816 815/815/815
f 817/817/817 818/818/818 819/819/819
f 819/819/819 820/820/820 817/817/817
f 818/818/818 821/821/821 822/822/822
f 822/822/822 819/819/819 818/818/818
f 823/823/823 824/824/824 825/825/825
f 825/825/825 826/826/826 823/823/823
f 824/824/824 827/827/827 828/828/828
f 828/828/828 825/825/825 824/824/824
f 827/827/827 829/829/829 830/830/830
f 830/830/830 828/828/828 827/827/827
f 829/829/829 817/817/817 820/820/820
f 820/820/820 830/830/830 829/829/829
f 831/831/831 832/832/832 833/833/833
f 833/833/833 834/834/834 831/831/831
f 832/832/832 835/835/835 836/836/836
f 836/836/836 833/833/833 832/832/832
f 837/837/837 838/838/838 839/839/839
f 839/839/839 840/840/840 837/837/837
f 838/838/838 841/841/841 842/842/842
f 842/842/842 839/839/839 838/838/838
f 841/841/841 843/843/843 844/844/844
f 844/844/844 842/842/842 841/841/841
f 843/843/843 831/831/831 834/834/834
f 834/834/834 844/844/844 843/843/843
f 845/845/845 846/846/846 847/847/847
f 847/847/847 848/848/848 845/845/845
f 846/846/846 849/849/849 850/850/850
f 850/850/850 847/847/847 846/846/846
f 851/851/851 852/852/852 853/853/853
f 853/853/853 854/854/854 851/851/851
f 852/852/852 855/855/855 856/856/856
f 856/856/856 853/853/853 852/852/852
f 855/855/855 857/857/857 858/858/858
f 858/858/858 856/856/856 855/855/855
f 857/857/857 845/845/845 848/848/848
f 848/848/848 858/858/858 857/857/857
f 859/859/859 860/860/860 861/861/861
f 861/861/861 862/862/862 859/859/859
f 860/860/860 863/863/863 864/864/864
f 864/864/864 861/861/861 860/860/860
f 865/865/865 866/866/866 867/867/867
f 867/867/867 868/868/868 865/865/865
f 866/866/866 869/869/869 870/870/870
f 870/870/870 867/867/867 866/866/866
f 869/869/869 871/871/871 872/872/872
f 872/872/872 870/870/870 869/869/869
f 871/871/871 859/859/859 862/862/862
f 862/862/862 872/872/872 871/871/871
f 873/873/873 874/874/874 875/875/875
f 875/875/875 876/876/876 873/873/873
f 874/874/874 877/877/877 878/878/878
f 878/878/878 875/875/875 874/874/874
f 879/879/879 880/880/880 881/881/881
f 881/881/881 882/882/882 879/879/879
f 880/880/880 883/883/883 884/884/884
f 884/884/884 881/881/881 880/880/880
f 883/883/883 885/885/885 886/886/886
f 886/886/886 884/884/884 883/883/883
f 885/885/885 873/873/873 876/876/876
f 876/876/876 886/886/886 885/885/885
f 887/887/887 888/888/888 889/889/889
f 889/889/889 890/890/890 887/887/887
f 888/888/888 891/891/891 892/892/892
f 892/892/892 889/889/889 888/888/888
f 893/893/893 894/894/894 895/895/895
f 895/895/895 896/896/896 893/893/893
f 894/894/894 897/897/897 898/898/898
f 898/898/898 895/895/895 894/894/894
f 897/897/897 899/899/899 900/900/900
f 900/900/900 898/898/898 897/897/897
f 899/899/899 887/887/887 890/890/890
f 890/890/890 900/900/900 899/899/899
f 901/901/901 902/902/902 903/903/903
f 903/903/903 904/904/904 901/901/901
f 902/902/902 905/905/905 906/906/906
f 906/906/906 903/903/903 902/902/902
f 907/907/907 908/908/908 909/909/909
f 909/909/909 910/910/910 907/907/907
f 908/908/908 911/911/911 912/912/912
f 912/912/912 909/909/909 908/908/908
f 911/911/911 913/913/913 914/914/914
f 914/914/914 912/912/912 911/911/911
f 913/913/913 901/901/901 904/904/904
f 904/904/904 914/914/914 913/913/913
f 915/915/915 916/916/916 917/917/917
f 917/917/917 918/918/918 915/915/915
f 916/916/916 919/919/919 920/920/920
f 920/920/920 917/917/917 916/916/916
f 921/921/921 922/922/922 923/923/923
f 923/923/923 924/924/924 921/921/921
f 922/922/922 925/925/925 926/926/926
f 926/926/926 923/923/923 922/922/922
f 925/925/925 927/927/927 928/928/928
f 928/928/928 926/926/926 925/925/925
f 927/927/927 915/915/915 918/918/918
f 918/918/918 928/928/928 927/927/927
f 929/929/929 930/930/930 931/931/931
f 931/931/931 932/932/932 929/929/929
f 930/930/930 933/933/933 934/934/934
f 934/934/934 931/931/931 930/930/930
f 935/935/935 936/936/936 937/937/937
f 937/937/937 938/938/938 935/935/935
f 936/936/936 939/939/939 940/940/940
f 940/940/940 937/937/937 936/936/936
f 939/939/939 941/941/941 942/942/942
f 942/942/942 940/940/940 939/939/939
f 941/941/941 929/929/929 932/932/932
f 932/932/932 942/942/942 941/941/941
f 943/943/943 944/944/944 945/945/945
f 945/945/945 946/946/946 943/943/943
f 944/944/944 947/947/947 948/948/948
f 948/948/948 945/945/945 944/944/944
f 949/949/949 950/950/950 951/951/951
f 951/951/951 952/952/952 949/949/949
f 950/950/950 953/953/953 954/954/954
f 954/954/954 951/951/951 950/950/950
f 953/953/953 955/955/955 956/956/956
f 956/956/956 954/954/954 953/953/953
f 955/955/955 943/943/943 946/946/946
f 946/946/946 956/956/956 955/955/955
f 957/957/957 958/958/958 959/959/959
f 959/959/959 960/960/960 957/957/957
f 958/958/958 961/961/961 962/962/962
f 962/962/962 959/959/959 958/958/958
f 963/963/963 964/964/964 965/965/965
f 965/965/965 966/966/966 963/963/963
f 964/964/964 967/967/967 968/968/968
f 968/968/968 965/965/965 964/964/964
f 967/967/967 969/969/969 970/970/970
f 970/970/970 968/968/968 967/967/967
f 969/969/969 957/957/957 960/960/960
f 960/960/960 970/970/970 969/969/969
f 971/971/971 972/972/972 973/973/973
f 973/973/973 974/974/974 971/971/971
f 972/972/972 975/975/975 976/976/976
f 976/976/976 973/973/973 972/972/972
f 977/977/977 978/978/978 979/979/979
f 979/979/979 980/980/980 977/977/977
f 978/978/978 981/981/981 982/982/982
f 982/982/982 979/979/979 978/978/978
f 981/981/981 983/983/983 984/984/984
f 984/984/984 982/982/982 981/981/981
f 983/983/983 971/971/971 974/974/974
f 974/974/974 984/984/984 983/983/983
f 985/985/985 986/986/986 987/987/987
f 987/987/987 988/988/988 989/989/989
f 985/985/985 987/987/987 989/989/989
f 990/990/990 991/991/991 992/992/992
f 992/992/992 993/993/993 990/990/990
f 994/994/994 990/990/990 993/993/993
f 993/993/993 995/995/995 994/994/994
f 996/996/996 994/994/994 995/995/995
f 995/995/995 997/997/997 996/996/996
f 998/998/998 996/996/996 997/997/997
f 997/997/997 999/999/999 998/998/998
f 991/991/991 998/998/998 999/999/999
f 999/999/999 992/992/992 991/991/991
f 1000/1000/1000 1001/1001/1001 1002/1002/1002
f 1002/1002/1002 1003/1003/1003 1004/1004/1004
f 1000/1000/1000 1002/1002/1002 1004/1004/1004
f 1005/1005/1005 1006/1006/1006 1007/1007/1007
f 1007/1007/1007 1008/1008/1008 1005/1005/1005
f 1006/1006/1006 1009/1009/1009 1010/1010/1010
f 1010/1010/1010 1007/1007/1007 1006/1006/1006
f 1009/1009/1009 1011/1011/1011 1012/1012/1012
f 1012/1012/1012 1010/1010/1010 1009/1009/1009
f 1011/1011/1011 1013/1013/1013 1014/1014/1014
f 1014/1014/1014 1012/1012/1012 1011/1011/1011
f 1013/1013/1013 1005/1005/1005 1008/1008/1008
f 1008/1008/1008 1014/1014/1014 1013/1013/1013
f 1015/1015/1015 1016/1016/1016 1017/1017/1017
f 1017/1017/1017 1018/1018/1018 1015/1015/1015
f 1019/1019/1019 1020/1020/1020 1021/1021/1021
f 1021/1021/1021 1022/1022/1022 1019/1019/1019
f 1016/1016/1016 1023/1023/1023 1024/1024/1024
f 1024/1024/1024 1017/1017/1017 1016/1016/1016
f 1025/1025/1025 1019/1019/1019 1022/1022/1022
f 1022/1022/1022 1026/1026/1026 1025/1025/1025
f 1023/1023/1023 1027/1027/1027 1028/1028/1028
f 1028/1028/1028 1024/1024/1024 1023/1023/1023
f 1029/1029/1029 1025/1025/1025 1026/1026/1026
f 1026/1026/1026 1030/1030/1030 1029/1029/1029
f 1027/1027/1027 1031/1031/1031 1032/1032/1032
f 1032/1032/1032 1028/1028/1028 1027/1027/1027
f 1033/1033/1033 1029/1029/1029 1030/1030/1030
f 1030/1030/1030 1034/1034/1034 1033/1033/1033
f 1031/1031/1031 1015/1015/1015 1018/1018/1018
f 1018/1018/1018 1032/1032/1032 1031/1031/1031
f 1020/1020/1020 1033/1033/1033 1034/1034/1034
f 1034/1034/1034 1021/1021/1021 1020/1020/1020
f 1035/1035/1035 1036/1036/1036 1037/1037/1037
f 1037/1037/1037 1038/1038/1038 1039/1039/1039
f 1035/1035/1035 1037/1037/1037 1039/1039/1039
f 1040/1040/1040 1041/1041/1041 1042/1042/1042
f 1042/1042/1042 1043/1043/1043 1040/1040/1040
f 1041/1041/1041 1044/1044/1044 1045/1045/1045
f 1045/1045/1045 1042/1042/1042 1041/1041/1041
f 1044/1044/1044 1046/1046/1046 1047/1047/1047
f 1047/1047/1047 1045/1045/1045 1044/1044/1044
f 1046/1046/1046 1048/1048/1048 1049/1049/1049
f 1049/1049/1049 1047/1047/1047 1046/1046/1046
f 1048/1048/1048 1040/1040/1040 1043/1043/1043
f 1043/1043/1043 1049/1049/1049 1048/1048/1048
f 1050/1050/1050 1051/1051/1051 1052/1052/1052
f 1052/1052/1052 1053/1053/1053 1050/1050/1050
f 1054/1054/1054 1055/1055/1055 1056/1056/1056
f 1056/1056/1056 1057/1057/1057 1054/1054/1054
f 1051/1051/1051 1058/1058/1058 1059/1059/1059
f 1059/1059/1059 1052/1052/1052 1051/1051/1051
f 1060/1060/1060 1054/1054/1054 1057/1057/1057
f 1057/1057/1057 1061/1061/1061 1060/1060/1060
f 1058/1058/1058 1062/1062/1062 1063/1063/1063
f 1063/1063/1063 1059/1059/1059 1058/1058/1058
f 1064/1064/1064 1060/1060/1060 1061/1061/1061
f 1061/1061/1061 1065/1065/1065 1064/1064/1064
f 1062/1062/1062 1066/1066/1066 1067/1067/1067
f 1067/1067/1067 1063/1063/1063 1062/1062/1062
f 1068/1068/1068 1064/1064/1064 1065/1065/1065
f 1065/1065/1065 1069/1069/1069 1068/1068/1068
f 1066/1066/1066 1050/1050/1050 1053/1053/1053
f 1053/1053/1053 1067/1067/1067 1066/1066/1066
f 1055/1055/1055 1068/1068/1068 1069/1069/1069
f 1069/1069/1069 1056/1056/1056 1055/1055/1055
f 1070/1070/1070 1071/1071/1071 1072/1072/1072
f 1072/1072/1072 1073/1073/1073 1074/1074/1074
f 1070/1070/1070 1072/1072/1072 1074/1074/1074
f 1075/1075/1075 1076/1076/1076 1077/1077/1077
f 1077/1077/1077 1078/1078/1078 1075/1075/1075
f 1079/1079/1079 1080/1080/1080 1081/1081/1081
f 1081/1081/1081 1082/1082/1082 1079/1079/1079
f 1083/1083/1083 1084/1084/1084 1085/1085/1085
f 1085/1085/1085 1086/1086/1086 1083/1083/1083
f 1087/1087/1087 1088/1088/1088 1089/1089/1089
f 1089/1089/1089 1090/1090/1090 1087/1087/1087
f 1091/1091/1091 1092/1092/1092 1093/1093/1093
f 1093/1093/1093 1094/1094/1094 1091/1091/1091
f 1095/1095/1095 1096/1096/1096 1097/1097/1097
f 1097/1097/1097 1098/1098/1098 1095/1095/1095
f 1099/1099/1099 1100/1100/1100 1101/1101/1101
f 1101/1101/1101 1102/1102/1102 1099/1099/1099
f 1103/1103/1103 1104/1104/1104 1105/1105/1105
f 1105/1105/1105 1106/1106/1106 1103/1103/1103
f 1107/1107/1107 1108/1108/1108 1109/1109/1109
f 1109/1109/1109 1110/1110/1110 1107/1107/1107
f 1111/1111/1111 1112/1112/1112 1113/1113/1113
f 1113/1113/1113 1114/1114/1114 1111/1111/1111
f 1115/1115/1115 1116/1116/1116 1117/1117/1117
f 1117/1117/1117 1118/1118/1118 1115/1115/1115
f 1119/1119/1119 1120/1120/1120 1121/1121/1121
f 1121/1121/1121 1122/1122/1122 1119/1119/1119
f 1123/1123/1123 1124/1124/1124 1125/1125/1125
f 1125/1125/1125 1126/1126/1126 1123/1123/1123
f 1127/1127/1127 1128/1128/1128 1129/1129/1129
f 1129/1129/1129 1130/1130/1130 1127/1127/1127
f 1131/1131/1131 1132/1132/1132 1133/1133/1133
f 1133/1133/1133 1134/1134/1134 1131/1131/1131
f 1135/1135/1135 1136/1136/1136 1137/1137/1137
f 1137/1137/1137 1138/1138/1138 1135/1135/1135
f 1139/1139/1139 1140/1140/1140 1141/1141/1141
f 1141/1141/1141 1142/1142/1142 1139/1139/1139
f 1143/1143/1143 1144/1144/1144 1145/1145/1145
f 1145/1145/1145 1146/1146/1146 1143/1143/1143
f 1147/1147/1147 1148/1148/1148 1149/1149/1149
f 1149/1149/1149 1150/1150/1150 1147/1147/1147
f 1151/1151/1151 1152/1152/1152 1153/1153/1153
f 1153/1153/1153 1154/1154/1154 1151/1151/1151
f 1155/1155/1155 1156/1156/1156 1157/1157/1157
f 1157/1157/1157 1158/1158/1158 1155/1155/1155
f 1159/1159/1159 1155/1155/1155 1158/1158/1158
f 1158/1158/1158 1160/1160/1160 1159/1159/1159
f 1161/1161/1161 1162/1162/1162 1163/1163/1163
f 1163/1163/1163 1164/1164/1164 1161/1161/1161
f 1165/1165/1165 1161/1161/1161 1164/1164/1164
f 1164/1164/1164 1166/1166/1166 1165/1165/1165
f 1156/1156/1156 1165/1165/1165 1166/1166/1166
f 1166/1166/1166 1157/1157/1157 1156/1156/1156
f 1167/1167/1167 1168/1168/1168 1169/1169/1169
f 1169/1169/1169 1170/1170/1170 1167/1167/1167
f 1171/1171/1171 1172/1172/1172 1173/1173/1173
f 1173/1173/1173 1174/1174/1174 1171/1171/1171
f 1175/1175/1175 1176/1176/1176 1177/1177/1177
f 1177/1177/1177 1178/1178/1178 1175/1175/1175
f 1179/1179/1179 1180/1180/1180 1181/1181/1181
f 1181/1181/1181 1182/1182/1182 1179/1179/1179
f 1183/1183/1183 1184/1184/1184 1185/1185/1185
f 1185/1185/1185 1186/1186/1186 1183/1183/1183
f 1187/1187/1187 1188/1188/1188 1189/1189/1189
f 1189/1189/1189 1190/1190/1190 1187/1187/1187
f 1191/1191/1191 1192/1192/1192 1193/1193/1193
f 1193/1193/1193 1194/1194/1194 1191/1191/1191
f 1195/1195/1195 1196/1196/1196 1197/1197/1197
f 1197/1197/1197 1198/1198/1198 1195/1195/1195
f 1199/1199/1199 1200/1200/1200 1201/1201/1201
f 1201/1201/1201 1202/1202/1202 1199/1199/1199
f 1203/1203/1203 1204/1204/1204 1205/1205/1205
f 1205/1205/1205 1206/1206/1206 1203/1203/1203
f 1207/1207/1207 1208/1208/1208 1209/1209/1209
f 1209/1209/1209 1210/1210/1210 1207/1207/1207
f 1211/1211/1211 1212/1212/1212 1208/1208/1208
f 1208/1208/1208 1207/1207/1207 1211/1211/1211
f 1213/1213/1213 1214/1214/1214 1212/1212/1212
f 1212/1212/1212 1211/1211/1211 1213/1213/1213
f 1215/1215/1215 1216/1216/1216 1214/1214/1214
f 1214/1214/1214 1213/1213/1213 1215/1215/1215
f 1217/1217/1217 1218/1218/1218 1216/1216/1216
f 1216/1216/1216 1215/1215/1215 1217/1217/1217
f 1219/1219/1219 1220/1220/1220 1218/1218/1218
f 1218/1218/1218 1217/1217/1217 1219/1219/1219
f 1221/1221/1221 1222/1222/1222 1220/1220/1220
f 1220/1220/1220 1219/1219/1219 1221/1221/1221
f 1223/1223/1223 1224/1224/1224 1222/1222/1222
f 1222/1222/1222 1221/1221/1221 1223/1223/1223
f 1225/1225/1225 1226/1226/1226 1224/1224/1224
f 1224/1224/1224 1223/1223/1223 1225/1225/1225
f 1227/1227/1227 1228/1228/1228 1226/1226/1226
f 1226/1226/1226 1225/1225/1225 1227/1227/1227
f 1229/1229/1229 1230/1230/1230 1228/1228/1228
f 1228/1228/1228 1227/1227/1227 1229/1229/1229
f 1231/1231/1231 1232/1232/1232 1230/1230/1230
f 1230/1230/1230 1229/1229/1229 1231/1231/1231
f 1233/1233/1233 1234/1234/1234 1232/1232/1232
f 1232/1232/1232 1231/1231/1231 1233/1233/1233
f 1235/1235/1235 1236/1236/1236 1234/1234/1234
f 1234/1234/1234 1233/1233/1233 1235/1235/1235
f 1237/1237/1237 1238/1238/1238 1236/1236/1236
f 1236/1236/1236 1235/1235/1235 1237/1237/1237
f 1239/1239/1239 1240/1240/1240 1238/1238/1238
f 1238/1238/1238 1237/1237/1237 1239/1239/1239
f 1241/1241/1241 1242/1242/1242 1240/1240/1240
f 1240/1240/1240 1239/1239/1239 1241/1241/1241
f 1243/1243/1243 1244/1244/1244 1242/1242/1242
f 1242/1242/1242 1241/1241/1241 1243/1243/1243
f 1245/1245/1245 1246/1246/1246 1244/1244/1244
f 1244/1244/1244 1243/1243/1243 1245/1245/1245
f 1247/1247/1247 1248/1248/1248 1246/1246/1246
f 1246/1246/1246 1245/1245/1245 1247/1247/1247
f 1249/1249/1249 1250/1250/1250 1248/1248/1248
f 1248/1248/1248 1247/1247/1247 1249/1249/1249
f 1251/1251/1251 1252/1252/1252 1250/1250/1250
f 1250/1250/1250 1249/1249/1249 1251/1251/1251
f 1253/1253/1253 1254/1254/1254 1252/1252/1252
f 1252/1252/1252 1251/1251/1251 1253/1253/1253
f 1210/1210/1210 1209/1209/1209 1254/1254/1254
f 1254/1254/1254 1253/1253/1253 1210/1210/1210
f 1255/1255/1255 1207/1207/1207 1210/1210/1210
f 1210/1210/1210 1256/1256/1256 1255/1255/1255
f 1257/1257/1257 1211/1211/1211 1207/1207/1207
f 1207/1207/1207 1255/1255/1255 1257/1257/1257
f 1258/1258/1258 1213/1213/1213 1211/1211/1211
f 1211/1211/1211 1257/1257/1257 1258/1258/1258
f 1259/1259/1259 1215/1215/1215 1213/1213/1213
f 1213/1213/1213 1258/1258/1258 1259/1259/1259
f 1260/1260/1260 1217/1217/1217 1215/1215/1215
f 1215/1215/1215 1259/1259/1259 1260/1260/1260
f 1261/1261/1261 1219/1219/1219 1217/1217/1217
f 1217/1217/1217 1260/1260/1260 1261/1261/1261
f 1262/1262/1262 1221/1221/1221 1219/1219/1219
f 1219/1219/1219 1261/1261/1261 1262/1262/1262
f 1263/1263/1263 1223/1223/1223 1221/1221/1221
f 1221/1221/1221 1262/1262/1262 1263/1263/1263
f 1264/1264/1264 1225/1225/1225 1223/1223/1223
f 1223/1223/1223 1263/1263/1263 1264/1264/1264
f 1265/1265/1265 1227/1227/1227 1225/1225/1225
f 1225/1225/1225 1264/1264/1264 1265/1265/1265
f 1266/1266/1266 1229/1229/1229 1227/1227/1227
f 1227/1227/1227 1265/1265/1265 1266/1266/1266
f 1267/1267/1267 1231/1231/1231 1229/1229/1229
f 1229/1229/1229 1266/1266/1266 1267/1267/1267
f 1268/1268/1268 1233/1233/1233 1231/1231/1231
f 1231/1231/1231 1267/1267/1267 1268/1268/1268
f 1269/1269/1269 1235/1235/1235 1233/1233/1233
f 1233/1233/1233 1268/1268/1268 1269/1269/1269
f 1270/1270/1270 1237/1237/1237 1235/1235/1235
f 1235/1235/1235 1269/1269/1269 1270/1270/1270
f 1271/1271/1271 1239/1239/1239 1237/1237/1237
f 1237/1237/1237 1270/1270/1270 1271/1271/1271
f 1272/1272/1272 1241/1241/1241 1239/1239/1239
f 1239/1239/1239 1271/1271/1271 1272/1272/1272
f 1273/1273/1273 1243/1243/1243 1241/1241/1241
f 1241/1241/1241 1272/1272/1272 1273/1273/1273
f 1274/1274/1274 1245/1245/1245 1243/1243/1243
f 1243/1243/1243 1273/1273/1273 1274/1274/1274
f 1275/1275/1275 1247/1247/1247 1245/1245/1245
f 1245/1245/1245 1274/1274/1274 1275/1275/1275
f 1276/1276/1276 1249/1249/1249 1247/1247/1247
f 1247/1247/1247 1275/1275/1275 1276/1276/1276
f 1277/1277/1277 1251/1251/1251 1249/1249/1249
f 1249/1249/1249 1276/1276/1276 1277/1277/1277
f 1278/1278/1278 1253/1253/1253 1251/1251/1251
f 1251/1251/1251 1277/1277/1277 1278/1278/1278
f 1256/1256/1256 1210/1210/1210 1253/1253/1253
f 1253/1253/1253 1278/1278/1278 1256/1256/1256
f 1279/1279/1279 1255/1255/1255 1256/1256/1256
f 1256/1256/1256 1280/1280/1280 1279/1279/1279
f 1281/1281/1281 1257/1257/1257 1255/1255/1255
f 1255/1255/1255 1279/1279/1279 1281/1281/1281
f 1282/1282/1282 1258/1258/1258 1257/1257/1257
f 1257/1257/1257 1281/1281/1281 1282/1282/1282
f 1283/1283/1283 1259/1259/1259 1258/1258/1258
f 1258/1258/1258 1282/1282/1282 1283/1283/1283
f 1284/1284/1284 1260/1260/1260 1259/1259/1259
f 1259/1259/1259 1283/1283/1283 1284/1284/1284
f 1285/1285/1285 1261/1261/1261 1260/1260/1260
f 1260/1260/1260 1284/1284/1284 1285/1285/1285
f 1286/1286/1286 1262/1262/1262 1261/1261/1261
f 1261/1261/1261 1285/1285/1285 1286/1286/1286
f 1287/1287/1287 1263/1263/1263 1262/1262/1262
f 1262/1262/1262 1286/1286/1286 1287/1287/1287
f 1288/1288/1288 1264/1264/1264 1263/1263/1263
f 1263/1263/1263 1287/1287/1287 1288/1288/1288
f 1289/1289/1289 1265/1265/1265 1264/1264/1264
f 1264/1264/1264 1288/1288/1288 1289/1289/1289
f 1290/1290/1290 1266/1266/1266 1265/1265/1265
f 1265/1265/1265 1289/1289/1289 1290/1290/1290
f 1291/1291/1291 1267/1267/1267 1266/1266/1266
f 1266/1266/1266 1290/1290/1290 1291/1291/1291
f 1292/1292/1292 1268/1268/1268 1267/1267/1267
f 1267/1267/1267 1291/1291/1291 1292/1292/1292
f 1293/1293/1293 1269/1269/1269 1268/1268/1268
f 1268/1268/1268 1292/1292/1292 1293/1293/1293
f 1294/1294/1294 1270/1270/1270 1269/1269/1269
f 1269/1269/1269 1293/1293/1293 1294/1294/1294
f 1295/1295/1295 1271/1271/1271 1270/1270/1270
f 1270/1270/1270 1294/1294/1294 1295/1295/1295
f 1296/1296/1296 1272/1272/1272 1271/1271/1271
f 1271/1271/1271 1295/1295/1295 1296/1296/1296
f 1297/1297/1297 1273/1273/1273 1272/1272/1272
f 1272/1272/1272 1296/1296/1296 1297/1297/1297
f 1298/1298/1298 1274/1274/1274 1273/1273/1273
f 1273/1273/1273 1297/1297/1297 1298/1298/1298
f 1299/1299/1299 1275/1275/1275 1274/1274/1274
f 1274/1274/1274 1298/1298/1298 1299/1299/1299
f 1300/1300/1300 1276/1276/1276 1275/1275/1275
f 1275/1275/1275 1299/1299/1299 1300/1300/1300
f 1301/1301/1301 1277/1277/1277 1276/1276/1276
f 1276/1276/1276 1300/1300/1300 1301/1301/1301
f 1302/1302/1302 1278/1278/1278 1277/1277/1277
f 1277/1277/1277 1301/1301/1301 1302/1302/1302
f 1280/1280/1280 1256/1256/1256 1278/1278/1278
f 1278/1278/1278 1302/1302/1302 1280/1280/1280
f 1303/1303/1303 1279/1279/1279 1280/1280/1280
f 1280/1280/1280 1304/1304/1304 1303/1303/1303
f 1305/1305/1305 1281/1281/1281 1279/1279/1279
f 1279/1279/1279 1303/1303/1303 1305/1305/1305
f 1306/1306/1306 1282/1282/1282 1281/1281/1281
f 1281/1281/1281 1305/1305/1305 1306/1306/1306
f 1307/1307/1307 1283/1283/1283 1282/1282/1282
f 1282/1282/1282 1306/1306/1306 1307/1307/1307
f 1308/1308/1308 1284/1284/1284 1283/1283/1283
f 1283/1283/1283 1307/1307/1307 1308/1308/1308
f 1309/1309/1309 1285/1285/1285 1284/1284/1284
f 1284/1284/1284 1308/1308/1308 1309/1309/1309
f 1310/1310/1310 1286/1286/1286 1285/1285/1285
f 1285/1285/1285 1309/1309/1309 1310/1310/1310
f 1311/1311/1311 1287/1287/1287 1286/1286/1286
f 1286/1286/1286 1310/1310/1310 1311/1311/1311
f 1312/1312/1312 1288/1288/1288 1287/1287/1287
f 1287/1287/1287 1311/1311/1311 1312/1312/1312
f 1313/1313/1313 1289/1289/1289 1288/1288/1288
f 1288/1288/1288 1312/1312/1312 1313/1313/1313
f 1314/1314/1314 1290/1290/1290 1289/1289/1289
f 1289/1289/1289 1313/1313/1313 1314/1314/1314
f 1315/1315/1315 1291/1291/1291 1290/1290/1290
f 1290/1290/1290 1314/1314/1314 1315/1315/1315
f 1316/1316/1316 1292/1292/1292 1291/1291/1291
f 1291/1291/1291 1315/1315/1315 1316/1316/1316
f 1317/1317/1317 1293/1293/1293 1292/1292/1292
f 1292/1292/1292 1316/1316/1316 1317/1317/1317
f 1318/1318/1318 1294/1294/1294 1293/1293/1293
f 1293/1293/1293 1317/1317/1317 1318/1318/1318
f 1319/1319/1319 1295/1295/1295 1294/1294/1294
f 1294/1294/1294 1318/1318/1318 1319/1319/1319
f 1320/1320/1320 1296/1296/1296 1295/1295/1295
f 1295/1295/1295 1319/1319/1319 1320/1320/1320
f 1321/1321/1321 1297/1297/1297 1296/1296/1296
f 1296/1296/1296 1320/1320/1320 1321/1321/1321
f 1322/1322/1322 1298/1298/1298 1297/1297/1297
f 1297/1297/1297 1321/1321/1321 1322/1322/1322
f 1323/1323/1323 1299/1299/1299 1298/1298/1298
f 1298/1298/1298 1322/1322/1322 1323/1323/1323
f 1324/1324/1324 1300/1300/1300 1299/1299/1299
f 1299/1299/1299 1323/1323/1323 1324/1324/1324
f 1325/1325/1325 1301/1301/1301 1300/1300/1300
f 1300/1300/1300 1324/1324/1324 1325/1325/1325
f 1326/1326/1326 1302/1302/1302 1301/1301/1301
f 1301/1301/1301 1325/1325/1325 1326/1326/1326
f 1304/1304/1304 1280/1280/1280 1302/1302/1302
f 1302/1302/1302 1326/1326/1326 1304/1304/1304
f 1327/1327/1327 1303/1303/1303 1304/1304/1304
f 1327/1327/1327 1305/1305/1305 1303/1303/1303
f 1327/1327/1327 1306/1306/1306 1305/1305/1305
f 1327/1327/1327 1307/1307/1307 1306/1306/1306
f 1327/1327/1327 1308/1308/1308 1307/1307/1307
f 1327/1327/1327 1309/1309/1309 1308/1308/1308
f 1327/1327/1327 1310/1310/1310 1309/1309/1309
f 1327/1327/1327 1311/1311/1311 1310/1310/1310
f 1327/1327/1327 1312/1312/1312 1311/1311/1311
f 1327/1327/1327 1313/1313/1313 1312/1312/1312
f 1327/1327/1327 1314/1314/1314 1313/1313/1313
f 1327/1327/1327 1315/1315/1315 1314/1314/1314
f 1327/1327/1327 1316/1316/1316 1315/1315/1315
f 1327/1327/1327 1317/1317/1317 1316/1316/1316
f 1327/1327/1327 1318/1318/1318 1317/1317/1317
f 1327/1327/1327 1319/1319/1319 1318/1318/1318
f 1327/1327/1327 1320/1320/1320 1319/1319/1319
f 1327/1327/1327 1321/1321/1321 1320/1320/1320
f 1327/1327/1327 1322/1322/1322 1321/1321/1321
f 1327/1327/1327 1323/1323/1323 1322/1322/1322
f 1327/1327/1327 1324/1324/1324 1323/1323/1323
f 1327/1327/1327 1325/1325/1325 1324/1324/1324
f 1327/1327/1327 1326/1326/1326 1325/1325/1325
f 1327/1327/1327 1304/1304/1304 1326/1326/1326
f 1328/1328/1328 1329/1329/1329 1330/1330/1330
f 1330/1330/1330 1331/1331/1331 1328/1328/1328
f 1329/1329/1329 1332/1332/1332 1333/1333/1333
f 1333/1333/1333 1330/1330/1330 1329/1329/1329
f 1332/1332/1332 1334/1334/1334 1335/1335/1335
f 1335/1335/1335 1333/1333/1333 1332/1332/1332
f 1334/1334/1334 1336/1336/1336 1337/1337/1337
f 1337/1337/1337 1335/1335/1335 1334/1334/1334
f 1336/1336/1336 1338/1338/1338 1339/1339/1339
f 1339/1339/1339 1337/1337/1337 1336/1336/1336
f 1338/1338/1338 1340/1340/1340 1341/1341/1341
f 1341/1341/1341 1339/1339/1339 1338/1338/1338
f 1340/1340/1340 1342/1342/1342 1343/1343/1343
f 1343/1343/1343 1341/1341/1341 1340/1340/1340
f 1342/1342/1342 1344/1344/1344 1345/1345/1345
f 1345/1345/1345 1343/1343/1343 1342/1342/1342
f 1344/1344/1344 1346/1346/1346 1347/1347/1347
f 1347/1347/1347 1345/1345/1345 1344/1344/1344
f 1346/1346/1346 1348/1348/1348 1349/1349/1349
f 1349/1349/1349 1347/1347/1347 1346/1346/1346
f 1348/1348/1348 1350/1350/1350 1351/1351/1351
f 1351/1351/1351 1349/1349/1349 1348/1348/1348
f 1350/1350/1350 1352/1352/1352 1353/1353/1353
f 1353/1353/1353 1351/1351/1351 1350/1350/1350
f 1352/1352/1352 1354/1354/1354 1355/1355/1355
f 1355/1355/1355 1353/1353/1353 1352/1352/1352
f 1354/1354/1354 1356/1356/1356 1357/1357/1357
f 1357/1357/1357 1355/1355/1355 1354/1354/1354
f 1356/1356/1356 1358/1358/1358 1359/1359/1359
f 1359/1359/1359 1357/1357/1357 1356/1356/1356
f 1358/1358/1358 1360/1360/1360 1361/1361/1361
f 1361/1361/1361 1359/1359/1359 1358/1358/1358
f 1360/1360/1360 1362/1362/1362 1363/1363/1363
f 1363/1363/1363 1361/1361/1361 1360/1360/1360
f 1362/1362/1362 1364/1364/1364 1365/1365/1365
f 1365/1365/1365 1363/1363/1363 1362/1362/1362
f 1364/1364/1364 1366/1366/1366 1367/1367/1367
f 1367/1367/1367 1365/1365/1365 1364/1364/1364
f 1366/1366/1366 1368/1368/1368 1369/1369/1369
f 1369/1369/1369 1367/1367/1367 1366/1366/1366
f 1368/1368/1368 1370/1370/1370 1371/1371/1371
f 1371/1371/1371 1369/1369/1369 1368/1368/1368
f 1370/1370/1370 1372/1372/1372 1373/1373/1373
f 1373/1373/1373 1371/1371/1371 1370/1370/1370
f 1372/1372/1372 1374/1374/1374 1375/1375/1375
f 1375/1375/1375 1373/1373/1373 1372/1372/1372
f 1374/1374/1374 1328/1328/1328 1331/1331/1331
f 1331/1331/1331 1375/1375/1375 1374/1374/1374
f 1331/1331/1331 1330/1330/1330 1376/1376/1376
f 1376/1376/1376 1377/1377/1377 1331/1331/1331
f 1330/1330/1330 1333/1333/1333 1378/1378/1378
f 1378/1378/1378 1376/1376/1376 1330/1330/1330
f 1333/1333/1333 1335/1335/1335 1379/1379/1379
f 1379/1379/1379 1378/1378/1378 1333/1333/1333
f 1335/1335/1335 1337/1337/1337 1380/1380/1380
f 1380/1380/1380 1379/1379/1379 1335/1335/1335
f 1337/1337/1337 1339/1339/1339 1381/1381/1381
f 1381/1381/1381 1380/1380/1380 1337/1337/1337
f 1339/1339/1339 1341/1341/1341 1382/1382/1382
f 1382/1382/1382 1381/1381/1381 1339/1339/1339
f 1341/1341/1341 1343/1343/1343 1383/1383/1383
f 1383/1383/1383 1382/1382/1382 1341/1341/1341
f 1343/1343/1343 1345/1345/1345 1384/1384/1384
f 1384/1384/1384 1383/1383/1383 1343/1343/1343
f 1345/1345/1345 1347/1347/1347 1385/1385/1385
f 1385/1385/1385 1384/1384/1384 1345/1345/1345
f 1347/1347/1347 1349/1349/1349 1386/1386/1386
f 1386/1386/1386 1385/1385/1385 1347/1347/1347
f 1349/1349/1349 1351/1351/1351 1387/1387/1387
f 1387/1387/1387 1386/1386/1386 1349/1349/1349
f 1351/1351/1351 1353/1353/1353 1388/1388/1388
f 1388/1388/1388 1387/1387/1387 1351/1351/1351
f 1353/1353/1353 1355/1355/1355 1389/1389/1389
f 1389/1389/1389 1388/1388/1388 1353/1353/1353
f 1355/1355/1355 1357/1357/1357 1390/1390/1390
f 1390/1390/1390 1389/1389/1389 1355/1355/1355
f 1357/1357/1357 1359/1359/1359 1391/1391/1391
f 1391/1391/1391 1390/1390/1390 1357/1357/1357
f 1359/1359/1359 1361/1361/1361 1392/1392/1392
f 1392/1392/1392 1391/1391/1391 1359/1359/1359
f 1361/1361/1361 1363/1363/1363 1393/1393/1393
f 1393/1393/1393 1392/1392/1392 1361/1361/1361
f 1363/1363/1363 1365/1365/1365 1394/1394/1394
f 1394/1394/1394 1393/1393/1393 1363/1363/1363
f 1365/1365/1365 1367/1367/1367 1395/1395/1395
f 1395/1395/1395 1394/1394/1394 1365/1365/1365
f 1367/1367/1367 1369/1369/1369 1396/1396/1396
f 1396/1396/1396 1395/1395/1395 1367/1367/1367
f 1369/1369/1369 1371/1371/1371 1397/1397/1397
f 1397/1397/1397 1396/1396/1396 1369/1369/1369
f 1371/1371/1371 1373/1373/1373 1398/1398/1398
f 1398/1398/1398 1397/1397/1397 1371/1371/1371
f 1373/1373/1373 1375/1375/1375 1399/1399/1399
f 1399/1399/1399 1398/1398/1398 1373/1373/1373
f 1375/1375/1375 1331/1331/1331 1377/1377/1377
f 1377/1377/1377 1399/1399/1399 1375/1375/1375
f 1377/1377/1377 1376/1376/1376 1400/1400/1400
f 1400/1400/1400 1401/1401/1401 1377/1377/1377
f 1376/1376/1376 1378/1378/1378 1402/1402/1402
f 1402/1402/1402 1400/1400/1400 1376/1376/1376
f 1378/1378/1378 1379/1379/1379 1403/1403/1403
f 1403/1403/1403 1402/1402/1402 1378/1378/1378
f 1379/1379/1379 1380/1380/1380 1404/1404/1404
f 1404/1404/1404 1403/1403/1403 1379/1379/1379
f 1380/1380/1380 1381/1381/1381 1405/1405/1405
f 1405/1405/1405 1404/1404/1404 1380/1380/1380
f 1381/1381/1381 1382/1382/1382 1406/1406/1406
f 1406/1406/1406 1405/1405/1405 1381/1381/1381
f 1382/1382/1382 1383/1383/1383 1407/1407/1407
f 1407/1407/1407 1406/1406/1406 1382/1382/1382
f 1383/1383/1383 1384/1384/1384 1408/1408/1408
f 1408/1408/1408 1407/1407/1407 1383/1383/1383
f 1384/1384/1384 1385/1385/1385 1409/1409/1409
f 1409/1409/1409 1408/1408/1408 1384/1384/1384
f 1385/1385/1385 1386/1386/1386 1410/1410/1410
f 1410/1410/1410 1409/1409/1409 1385/1385/1385
f 1386/1386/1386 1387/1387/1387 1411/1411/1411
f 1411/1411/1411 1410/1410/1410 1386/1386/1386
f 1387/1387/1387 1388/1388/1388 1412/1412/1412
f 1412/1412/1412 1411/1411/1411 1387/1387/1387
f 1388/1388/1388 1389/1389/1389 1413/1413/1413
f 1413/1413/1413 1412/1412/1412 1388/1388/1388
f 1389/1389/1389 1390/1390/1390 1414/1414/1414
f 1414/1414/1414 1413/1413/1413 1389/1389/1389
f 1390/1390/1390 1391/1391/1391 1415/1415/1415
f 1415/1415/1415 1414/1414/1414 1390/1390/1390
f 1391/1391/1391 1392/1392/1392 1416/1416/1416
f 1416/1416/1416 1415/1415/1415 1391/1391/1391
f 1392/1392/1392 1393/1393/1393 1417/1417/1417
f 1417/1417/1417 1416/1416/1416 1392/1392/1392
f 1393/1393/1393 1394/1394/1394 1418/1418/1418
f 1418/1418/1418 1417/1417/1417 1393/1393/1393
f 1394/1394/1394 1395/1395/1395 1419/1419/1419
f 1419/1419/1419 1418/1418/1418 1394/1394/1394
f 1395/1395/1395 1396/1396/1396 1420/1420/1420
f 1420/1420/1420 1419/1419/1419 1395/1395/1395
f 1396/1396/1396 1397/1397/1397 1421/1421/1421
f 1421/1421/1421 1420/1420/1420 1396/1396/1396
f 1397/1397/1397 1398/1398/1398 1422/1422/1422
f 1422/1422/1422 1421/1421/1421 1397/1397/1397
f 1398/1398/1398 1399/1399/1399 1423/1423/1423
f 1423/1423/1423 1422/1422/1422 1398/1398/1398
f 1399/1399/1399 1377/1377/1377 1401/1401/1401
f 1401/1401/1401 1423/1423/1423 1399/1399/1399
f 1401/1401/1401 1400/1400/1400 1424/1424/1424
f 1424/1424/1424 1425/1425/1425 1401/1401/1401
f 1400/1400/1400 1402/1402/1402 1426/1426/1426
f 1426/1426/1426 1424/1424/1424 1400/1400/1400
f 1402/1402/1402 1403/1403/1403 1427/1427/1427
f 1427/1427/1427 1426/1426/1426 1402/1402/1402
f 1403/1403/1403 1404/1404/1404 1428/1428/1428
f 1428/1428/1428 1427/1427/1427 1403/1403/1403
f 1404/1404/1404 1405/1405/1405 1429/1429/1429
f 1429/1429/1429 1428/1428/1428 1404/1404/1404
f 1405/1405/1405 1406/1406/1406 1430/1430/1430
f 1430/1430/1430 1429/1429/1429 1405/1405/1405
f 1406/1406/1406 1407/1407/1407 1431/1431/1431
f 1431/1431/1431 1430/1430/1430 1406/1406/1406
f 1407/1407/1407 1408/1408/1408 1432/1432/1432
f 1432/1432/1432 1431/1431/1431 1407/1407/1407
f 1408/1408/1408 1409/1409/1409 1433/1433/1433
f 1433/1433/1433 1432/1432/1432 1408/1408/1408
f 1409/1409/1409 1410/1410/1410 1434/1434/1434
f 1434/1434/1434 1433/1433/1433 1409/1409/1409
f 1410/1410/1410 1411/1411/1411 1435/1435/1435
f 1435/1435/1435 1434/1434/1434 1410/1410/1410
f 1411/1411/1411 1412/1412/1412 1436/1436/1436
f 1436/1436/1436 1435/1435/1435 1411/1411/1411
f 1412/1412/1412 1413/1413/1413 1437/1437/1437
f 1437/1437/1437 1436/1436/1436 1412/1412/1412
f 1413/1413/1413 1414/1414/1414 1438/1438/1438
f 1438/1438/1438 1437/1437/1437 1413/1413/1413
f 1414/1414/1414 1415/1415/1415 1439/1439/1439
f 1439/1439/1439 1438/1438/1438 1414/1414/1414
f 1415/1415/1415 1416/1416/1416 1440/1440/1440
f 1440/1440/1440 1439/1439/1439 1415/1415/1415
f 1416/1416/1416 1417/1417/1417 1441/1441/1441
f 1441/1441/1441 1440/1440/1440 1416/1416/1416
f 1417/1417/1417 1418/1418/1418 1442/1442/1442
f 1442/1442/1442 1441/1441/1441 1417/1417/1417
f 1418/1418/1418 1419/1419/1419 1443/1443/1443
f 1443/1443/1443 1442/1442/1442 1418/1418/1418
f 1419/1419/1419 1420/1420/1420 1444/1444/1444
f 1444/1444/1444 1443/1443/1443 1419/1419/1419
f 1420/1420/1420 1421/1421/1421 1445/1445/1445
f 1445/1445/1445 1444/1444/1444 1420/1420/1420
f 1421/1421/1421 1422/1422/1422 1446/1446/1446
f 1446/1446/1446 1445/1445/1445 1421/1421/1421
f 1422/1422/1422 1423/1423/1423 1447/1447/1447
f 1447/1447/1447 1446/1446/1446 1422/1422/1422
f 1423/1423/1423 1401/1401/1401 1425/1425/1425
f 1425/1425/1425 1447/1447/1447 1423/1423/1423
f 1425/1425/1425 1424/1424/1424 1448/1448/1448
f 1424/1424/1424 1426/1426/1426 1448/1448/1448
f 1426/1426/1426 1427/1427/1427 1448/1448/1448
f 1427/1427/1427 1428/1428/1428 1448/1448/1448
f 1428/1428/1428 1429/1429/1429 1448/1448/1448
f 1429/1429/1429 1430/1430/1430 1448/1448/1448
f 1430/1430/1430 1431/1431/1431 1448/1448/1448
f 1431/1431/1431 1432/1432/1432 1448/1448/1448
f 1432/1432/1432 1433/1433/1433 1448/1448/1448
f 1433/1433/1433 1434/1434/1434 1448/1448/1448
f 1434/1434/1434 1435/1435/1435 1448/1448/1448
f 1435/1435/1435 1436/1436/1436 1448/1448/1448
f 1436/1436/1436 1437/1437/1437 1448/1448/1448
f 1437/1437/1437 1438/1438/1438 1448/1448/1448
f 1438/1438/1438 1439/1439/1439 1448/1448/1448
f 1439/1439/1439 1440/1440/1440 1448/1448/1448
f 1440/1440/1440 1441/1441/1441 1448/1448/1448
f 1441/1441/1441 1442/1442/1442 1448/1448/1448
f 1442/1442/1442 1443/1443/1443 1448/1448/1448
f 1443/1443/1443 1444/1444/1444 1448/1448/1448
f 1444/1444/1444 1445/1445/1445 1448/1448/1448
f 1445/1445/1445 1446/1446/1446 1448/1448/1448
f 1446/1446/1446 1447/1447/1447 1448/1448/1448
f 1447/1447/1447 1425/1425/1425 1448/1448/1448
f 1449/1449/1449 1450/1450/1450 1451/1451/1451
f 1451/1451/1451 1452/1452/1452 1449/1449/1449
f 1450/1450/1450 1453/1453/1453 1454/1454/1454
f 1454/1454/1454 1451/1451/1451 1450/1450/1450
f 1453/1453/1453 1455/1455/1455 1456/1456/1456
f 1456/1456/1456 1454/1454/1454 1453/1453/1453
f 1455/1455/1455 1457/1457/1457 1458/1458/1458
f 1458/1458/1458 1456/1456/1456 1455/1455/1455
f 1457/1457/1457 1459/1459/1459 1460/1460/1460
f 1460/1460/1460 1458/1458/1458 1457/1457/1457
f 1459/1459/1459 1461/1461/1461 1462/1462/1462
f 1462/1462/1462 1460/1460/1460 1459/1459/1459
f 1461/1461/1461 1463/1463/1463 1464/1464/1464
f 1464/1464/1464 1462/1462/1462 1461/1461/1461
f 1463/1463/1463 1465/1465/1465 1466/1466/1466
f 1466/1466/1466 1464/1464/1464 1463/1463/1463
f 1465/1465/1465 1467/1467/1467 1468/1468/1468
f 1468/1468/1468 1466/1466/1466 1465/1465/1465
f 1467/1467/1467 1469/1469/1469 1470/1470/1470
f 1470/1470/1470 1468/1468/1468 1467/1467/1467
f 1469/1469/1469 1471/1471/1471 1472/1472/1472
f 1472/1472/1472 1470/1470/1470 1469/1469/1469
f 1471/1471/1471 1473/1473/1473 1474/1474/1474
f 1474/1474/1474 1472/1472/1472 1471/1471/1471
f 1473/1473/1473 1475/1475/1475 1476/1476/1476
f 1476/1476/1476 1474/1474/1474 1473/1473/1473
f 1475/1475/1475 1477/1477/1477 1478/1478/1478
f 1478/1478/1478 1476/1476/1476 1475/1475/1475
f 1477/1477/1477 1479/1479/1479 1480/1480/1480
f 1480/1480/1480 1478/1478/1478 1477/1477/1477
f 1479/1479/1479 1481/1481/1481 1482/1482/1482
f 1482/1482/1482 1480/1480/1480 1479/1479/1479
f 1481/1481/1481 1483/1483/1483 1484/1484/1484
f 1484/1484/1484 1482/1482/1482 1481/1481/1481
f 1483/1483/1483 1485/1485/1485 1486/1486/1486
f 1486/1486/1486 1484/1484/1484 1483/1483/1483
f 1485/1485/1485 1487/1487/1487 1488/1488/1488
f 1488/1488/1488 1486/1486/1486 1485/1485/1485
f 1487/1487/1487 1489/1489/1489 1490/1490/1490
f 1490/1490/1490 1488/1488/1488 1487/1487/1487
f 1489/1489/1489 1491/1491/1491 1492/1492/1492
f 1492/1492/1492 1490/1490/1490 1489/1489/1489
f 1491/1491/1491 1493/1493/1493 1494/1494/1494
f 1494/1494/1494 1492/1492/1492 1491/1491/1491
f 1493/1493/1493 1495/1495/1495 1496/1496/1496
f 1496/1496/1496 1494/1494/1494 1493/1493/1493
f 1495/1495/1495 1449/1449/1449 1452/1452/1452
f 1452/1452/1452 1496/1496/1496 1495/1495/1495
f 1497/1497/1497 1498/1498/1498 1499/1499/1499
f 1499/1499/1499 1500/1500/1500 1497/1497/1497
f 1498/1498/1498 1501/1501/1501 1502/1502/1502
f 1502/1502/1502 1499/1499/1499 1498/1498/1498
f 1501/1501/1501 1503/1503/1503 1504/1504/1504
f 1504/1504/1504 1502/1502/1502 1501/1501/1501
f 1503/1503/1503 1505/1505/1505 1506/1506/1506
f 1506/1506/1506 1504/1504/1504 1503/1503/1503
f 1505/1505/1505 1497/1497/1497 1500/1500/1500
f 1500/1500/1500 1506/1506/1506 1505/1505/1505
f 1507/1507/1507 1508/1508/1508 1509/1509/1509
f 1509/1509/1509 1510/1510/1510 1507/1507/1507
f 1511/1511/1511 1512/1512/1512 1513/1513/1513
f 1513/1513/1513 1514/1514/1514 1511/1511/1511
f 1508/1508/1508 1515/1515/1515 1516/1516/1516
f 1516/1516/1516 1509/1509/1509 1508/1508/1508
f 1517/1517/1517 1511/1511/1511 1514/1514/1514
f 1514/1514/1514 1518/1518/1518 1517/1517/1517
f 1515/1515/1515 1519/1519/1519 1520/1520/1520
f 1520/1520/1520 1516/1516/1516 1515/1515/1515
f 1521/1521/1521 1517/1517/1517 1518/1518/1518
f 1518/1518/1518 1522/1522/1522 1521/1521/1521
f 1519/1519/1519 1523/1523/1523 1524/1524/1524
f 1524/1524/1524 1520/1520/1520 1519/1519/1519
f 1525/1525/1525 1521/1521/1521 1522/1522/1522
f 1522/1522/1522 1526/1526/1526 1525/1525/1525
f 1523/1523/1523 1507/1507/1507 1510/1510/1510
f 1510/1510/1510 1524/1524/1524 1523/1523/1523
f 1512/1512/1512 1525/1525/1525 1526/1526/1526
f 1526/1526/1526 1513/1513/1513 1512/1512/1512
f 1527/1527/1527 1528/1528/1528 1529/1529/1529
f 1529/1529/1529 1530/1530/1530 1527/1527/1527
f 1530/1530/1530 1529/1529/1529 1531/1531/1531
f 1531/1531/1531 1532/1532/1532 1530/1530/1530
f 1532/1532/1532 1531/1531/1531 1533/1533/1533
f 1533/1533/1533 1534/1534/1534 1532/1532/1532
f 1534/1534/1534 1533/1533/1533 1535/1535/1535
f 1535/1535/1535 1536/1536/1536 1534/1534/1534
f 1536/1536/1536 1535/1535/1535 1528/1528/1528
f 1528/1528/1528 1527/1527/1527 1536/1536/1536
f 1537/1537/1537 1538/1538/1538 1539/1539/1539
f 1538/1538/1538 1540/1540/1540 1539/1539/1539
f 1540/1540/1540 1541/1541/1541 1539/1539/1539
f 1541/1541/1541 1542/1542/1542 1539/1539/1539
f 1542/1542/1542 1537/1537/1537 1539/1539/1539
f 1527/1527/1527 1530/1530/1530 1538/1538/1538
f 1538/1538/1538 1537/1537/1537 1527/1527/1527
f 1530/1530/1530 1532/1532/1532 1540/1540/1540
f 1540/1540/1540 1538/1538/1538 1530/1530/1530
f 1532/1532/1532 1534/1534/1534 1541/1541/1541
f 1541/1541/1541 1540/1540/1540 1532/1532/1532
f 1534/1534/1534 1536/1536/1536 1542/1542/1542
f 1542/1542/1542 1541/1541/1541 1534/1534/1534
f 1536/1536/1536 1527/1527/1527 1537/1537/1537
f 1537/1537/1537 1542/1542/1542 1536/1536/1536
f 1543/1543/1543 1544/1544/1544 1545/1545/1545
f 1545/1545/1545 1546/1546/1546 1543/1543/1543
f 1547/1547/1547 1543/1543/1543 1546/1546/1546
f 1546/1546/1546 1548/1548/1548 1547/1547/1547
f 1549/1549/1549 1550/1550/1550 1551/1551/1551
f 1551/1551/1551 1552/1552/1552 1549/1549/1549
f 1553/1553/1553 1549/1549/1549 1552/1552/1552
f 1552/1552/1552 1554/1554/1554 1553/1553/1553
f 1544/1544/1544 1553/1553/1553 1554/1554/1554
f 1554/1554/1554 1545/1545/1545 1544/1544/1544
f 1555/1555/1555 1556/1556/1556 1557/1557/1557
f 1557/1557/1557 1558/1558/1558 1555/1555/1555
f 1559/1559/1559 1560/1560/1560 1561/1561/1561
f 1561/1561/1561 1562/1562/1562 1559/1559/1559
f 1563/1563/1563 1564/1564/1564 1565/1565/1565
f 1565/1565/1565 1566/1566/1566 1563/1563/1563
f 1567/1567/1567 1568/1568/1568 1569/1569/1569
f 1569/1569/1569 1570/1570/1570 1567/1567/1567
f 1571/1571/1571 1572/1572/1572 1573/1573/1573
f 1573/1573/1573 1574/1574/1574 1571/1571/1571
f 1575/1575/1575 1576/1576/1576 1577/1577/1577
f 1577/1577/1577 1578/1578/1578 1575/1575/1575
f 1579/1579/1579 1580/1580/1580 1581/1581/1581
f 1581/1581/1581 1582/1582/1582 1579/1579/1579
f 1583/1583/1583 1584/1584/1584 1585/1585/1585
f 1585/1585/1585 1586/1586/1586 1583/1583/1583
f 1587/1587/1587 1588/1588/1588 1589/1589/1589
f 1589/1589/1589 1590/1590/1590 1587/1587/1587
f 1591/1591/1591 1592/1592/1592 1593/1593/1593
f 1593/1593/1593 1594/1594/1594 1591/1591/1591
f 1595/1595/1595 1596/1596/1596 1597/1597/1597
f 1597/1597/1597 1598/1598/1598 1595/1595/1595
f 1599/1599/1599 1600/1600/1600 1596/1596/1596
f 1596/1596/1596 1595/1595/1595 1599/1599/1599
f 1601/1601/1601 1602/1602/1602 1600/1600/1600
f 1600/1600/1600 1599/1599/1599 1601/1601/1601
f 1603/1603/1603 1604/1604/1604 1602/1602/1602
f 1602/1602/1602 1601/1601/1601 1603/1603/1603
f 1605/1605/1605 1606/1606/1606 1604/1604/1604
f 1604/1604/1604 1603/1603/1603 1605/1605/1605
f 1607/1607/1607 1608/1608/1608 1606/1606/1606
f 1606/1606/1606 1605/1605/1605 1607/1607/1607
f 1609/1609/1609 1610/1610/1610 1608/1608/1608
f 1608/1608/1608 1607/1607/1607 1609/1609/1609
f 1611/1611/1611 1612/1612/1612 1610/1610/1610
f 1610/1610/1610 1609/1609/1609 1611/1611/1611
f 1613/1613/1613 1614/1614/1614 1612/1612/1612
f 1612/1612/1612 1611/1611/1611 1613/1613/1613
f 1615/1615/1615 1616/1616/1616 1614/1614/1614
f 1614/1614/1614 1613/1613/1613 1615/1615/1615
f 1617/1617/1617 1618/1618/1618 1616/1616/1616
f 1616/1616/1616 1615/1615/1615 1617/1617/1617
f 1619/1619/1619 1620/1620/1620 1618/1618/1618
f 1618/1618/1618 1617/1617/1617 1619/1619/1619
f 1621/1621/1621 1622/1622/1622 1620/1620/1620
f 1620/1620/1620 1619/1619/1619 1621/1621/1621
f 1623/1623/1623 1624/1624/1624 1622/1622/1622
f 1622/1622/1622 1621/1621/1621 1623/1623/1623
f 1625/1625/1625 1626/1626/1626 1624/1624/1624
f 1624/1624/1624 1623/1623/1623 1625/1625/1625
f 1627/1627/1627 1628/1628/1628 1626/1626/1626
f 1626/1626/1626 1625/1625/1625 1627/1627/1627
f 1629/1629/1629 1630/1630/1630 1628/1628/1628
f 1628/1628/1628 1627/1627/1627 1629/1629/1629
f 1631/1631/1631 1632/1632/1632 1630/1630/1630
f 1630/1630/1630 1629/1629/1629 1631/1631/1631
f 1633/1633/1633 1634/1634/1634 1632/1632/1632
f 1632/1632/1632 1631/1631/1631 1633/1633/1633
f 1635/1635/1635 1636/1636/1636 1634/1634/1634
f 1634/1634/1634 1633/1633/1633 1635/1635/1635
f 1637/1637/1637 1638/1638/1638 1636/1636/1636
f 1636/1636/1636 1635/1635/1635 1637/1637/1637
f 1639/1639/1639 1640/1640/1640 1638/1638/1638
f 1638/1638/1638 1637/1637/1637 1639/1639/1639
f 1641/1641/1641 1642/1642/1642 1640/1640/1640
f 1640/1640/1640 1639/1639/1639 1641/1641/1641
f 1598/1598/1598 1597/1597/1597 1642/1642/1642
f 1642/1642/1642 1641/1641/1641 1598/1598/1598
f 1643/1643/1643 1595/1595/1595 1598/1598/1598
f 1598/1598/1598 1644/1644/1644 1643/1643/1643
f 1645/1645/1645 1599/1599/1599 1595/1595/1595
f 1595/1595/1595 1643/1643/1643 1645/1645/1645
f 1646/1646/1646 1601/1601/1601 1599/1599/1599
f 1599/1599/1599 1645/1645/1645 1646/1646/1646
f 1647/1647/1647 1603/1603/1603 1601/1601/1601
f 1601/1601/1601 1646/1646/1646 1647/1647/1647
f 1648/1648/1648 1605/1605/1605 1603/1603/1603
f 1603/1603/1603 1647/1647/1647 1648/1648/1648
f 1649/1649/1649 1607/1607/1607 1605/1605/1605
f 1605/1605/1605 1648/1648/1648 1649/1649/1649
f 1650/1650/1650 1609/1609/1609 1607/1607/1607
f 1607/1607/1607 1649/1649/1649 1650/1650/1650
f 1651/1651/1651 1611/1611/1611 1609/1609/1609
f 1609/1609/1609 1650/1650/1650 1651/1651/1651
f 1652/1652/1652 1613/1613/1613 1611/1611/1611
f 1611/1611/1611 1651/1651/1651 1652/1652/1652
f 1653/1653/1653 1615/1615/1615 1613/1613/1613
f 1613/1613/1613 1652/1652/1652 1653/1653/1653
f 1654/1654/1654 1617/1617/1617 1615/1615/1615
f 1615/1615/1615 1653/1653/1653 1654/1654/1654
f 1655/1655/1655 1619/1619/1619 1617/1617/1617
f 1617/1617/1617 1654/1654/1654 1655/1655/1655
f 1656/1656/1656 1621/1621/1621 1619/1619/1619
f 1619/1619/1619 1655/1655/1655 1656/1656/1656
f 1657/1657/1657 1623/1623/1623 1621/1621/1621
f 1621/1621/1621 1656/1656/1656 1657/1657/1657
f 1658/1658/1658 1625/1625/1625 1623/1623/1623
f 1623/1623/1623 1657/1657/1657 1658/1658/1658
f 1659/1659/1659 1627/1627/1627 1625/1625/1625
f 1625/1625/1625 1658/1658/1658 1659/1659/1659
f 1660/1660/1660 1629/1629/1629 1627/1627/1627
f 1627/1627/1627 1659/1659/1659 1660/1660/1660
f 1661/1661/1661 1631/1631/1631 1629/1629/1629
f 1629/1629/1629 1660/1660/1660 1661/1661/1661
f 1662/1662/1662 1633/1633/1633 1631/1631/1631
f 1631/1631/1631 1661/1661/1661 1662/1662/1662
f 1663/1663/1663 1635/1635/1635 1633/1633/1633
f 1633/1633/1633 1662/1662/1662 1663/1663/1663
f 1664/1664/1664 1637/1637/1637 1635/1635/1635
f 1635/1635/1635 1663/1663/1663 1664/1664/1664
f 1665/1665/1665 1639/1639/1639 1637/1637/1637
f 1637/1637/1637 1664/1664/1664 1665/1665/1665
f 1666/1666/1666 1641/1641/1641 1639/1639/1639
f 1639/1639/1639 1665/1665/1665 1666/1666/1666
f 1644/1644/1644 1598/1598/1598 1641/1641/1641
f 1641/1641/1641 1666/1666/1666 1644/1644/1644
f 1667/1667/1667 1643/1643/1643 1644/1644/1644
f 1644/1644/1644 1668/1668/1668 1667/1667/1667
f 1669/1669/1669 1645/1645/1645 1643/1643/1643
f 1643/1643/1643 1667/1667/1667 1669/1669/1669
f 1670/1670/1670 1646/1646/1646 1645/1645/1645
f 1645/1645/1645 1669/1669/1669 1670/1670/1670
f 1671/1671/1671 1647/1647/1647 1646/1646/1646
f 1646/1646/1646 1670/1670/1670 1671/1671/1671
f 1672/1672/1672 1648/1648/1648 1647/1647/1647
f 1647/1647/1647 1671/1671/1671 1672/1672/1672
f 1673/1673/1673 1649/1649/1649 1648/1648/1648
f 1648/1648/1648 1672/1672/1672 1673/1673/1673
f 1674/1674/1674 1650/1650/1650 1649/1649/1649
f 1649/1649/1649 1673/1673/1673 1674/1674/1674
f 1675/1675/1675 1651/1651/1651 1650/1650/1650
f 1650/1650/1650 1674/1674/1674 1675/1675/1675
f 1676/1676/1676 1652/1652/1652 1651/1651/1651
f 1651/1651/1651 1675/1675/1675 1676/1676/1676
f 1677/1677/1677 1653/1653/1653 1652/1652/1652
f 1652/1652/1652 1676/1676/1676 1677/1677/1677
f 1678/1678/1678 1654/1654/1654 1653/1653/1653
f 1653/1653/1653 1677/1677/1677 1678/1678/1678
f 1679/1679/1679 1655/1655/1655 1654/1654/1654
f 1654/1654/1654 1678/1678/1678 1679/1679/1679
f 1680/1680/1680 1656/1656/1656 1655/1655/1655
f 1655/1655/1655 1679/1679/1679 1680/1680/1680
f 1681/1681/1681 1657/1657/1657 1656/1656/1656
f 1656/1656/1656 1680/1680/1680 1681/1681/1681
f 1682/1682/1682 1658/1658/1658 1657/1657/1657
f 1657/1657/1657 1681/1681/1681 1682/1682/1682
f 1683/1683/1683 1659/1659/1659 1658/1658/1658
f 1658/1658/1658 1682/1682/1682 1683/1683/1683
f 1684/1684/1684 1660/1660/1660 1659/1659/1659
f 1659/1659/1659 1683/1683/1683 1684/1684/1684
f 1685/1685/1685 1661/1661/1661 1660/1660/1660
f 1660/1660/1660 1684/1684/1684 1685/1685/1685
f 1686/1686/1686 1662/1662/1662 1661/1661/1661
f 1661/1661/1661 1685/1685/1685 1686/1686/1686
f 1687/1687/1687 1663/1663/1663 1662/1662/1662
f 1662/1662/1662 1686/1686/1686 1687/1687/1687
f 1688/1688/1688 1664/1664/1664 1663/1663/1663
f 1663/1663/1663 1687/1687/1687 1688/1688/1688
f 1689/1689/1689 1665/1665/1665 1664/1664/1664
f 1664/1664/1664 1688/1688/1688 1689/1689/1689
f 1690/1690/1690 1666/1666/1666 1665/1665/1665
f 1665/1665/1665 1689/1689/1689 1690/1690/1690
f 1668/1668/1668 1644/1644/1644 1666/1666/1666
f 1666/1666/1666 1690/1690/1690 1668/1668/1668
f 1691/1691/1691 1667/1667/1667 1668/1668/1668
f 1668/1668/1668 1692/1692/1692 1691/1691/1691
f 1693/1693/1693 1669/1669/1669 1667/1667/1667
f 1667/1667/1667 1691/1691/1691 1693/1693/1693
f 1694/1694/1694 1670/1670/1670 1669/1669/1669
f 1669/1669/1669 1693/1693/1693 1694/1694/1694
f 1695/1695/1695 1671/1671/1671 1670/1670/1670
f 1670/1670/1670 1694/1694/1694 1695/1695/1695
f 1696/1696/1696 1672/1672/1672 1671/1671/1671
f 1671/1671/1671 1695/1695/1695 1696/1696/1696
f 1697/1697/1697 1673/1673/1673 1672/1672/1672
f 1672/1672/1672 1696/1696/1696 1697/1697/1697
f 1698/1698/1698 1674/1674/1674 1673/1673/1673
f 1673/1673/1673 1697/1697/1697 1698/1698/1698
f 1699/1699/1699 1675/1675/1675 1674/1674/1674
f 1674/1674/1674 1698/1698/1698 1699/1699/1699
f 1700/1700/1700 1676/1676/1676 1675/1675/1675
f 1675/1675/1675 1699/1699/1699 1700/1700/1700
f 1701/1701/1701 1677/1677/1677 1676/1676/1676
f 1676/1676/1676 1700/1700/1700 1701/1701/1701
f 1702/1702/1702 1678/1678/1678 1677/1677/1677
f 1677/1677/1677 1701/1701/1701 1702/1702/1702
f 1703/1703/1703 1679/1679/1679 1678/1678/1678
f 1678/1678/1678 1702/1702/1702 1703/1703/1703
f 1704/1704/1704 1680/1680/1680 1679/1679/1679
f 1679/1679/1679 1703/1703/1703 1704/1704/1704
f 1705/1705/1705 1681/1681/1681 1680/1680/1680
f 1680/1680/1680 1704/1704/1704 1705/1705/1705
f 1706/1706/1706 1682/1682/1682 1681/1681/1681
f 1681/1681/1681 1705/1705/1705 1706/1706/1706
f 1707/1707/1707 1683/1683/1683 1682/1682/1682
f 1682/1682/1682 1706/1706/1706 1707/1707/1707
f 1708/1708/1708 1684/1684/1684 1683/1683/1683
f 1683/1683/1683 1707/1707/1707 1708/1708/1708
f 1709/1709/1709 1685/1685/1685 1684/1684/1684
f 1684/1684/1684 1708/1708/1708 1709/1709/1709
f 1710/1710/1710 1686/1686/1686 1685/1685/1685
f 1685/1685/1685 1709/1709/1709 1710/1710/1710
f 1711/1711/1711 1687/1687/1687 1686/1686/1686
f 1686/1686/1686 1710/1710/1710 1711/1711/1711
f 1712/1712/1712 1688/1688/1688 1687/1687/1687
f 1687/1687/1687 1711/1711/1711 1712/1712/1712
f 1713/1713/1713 1689/1689/1689 1688/1688/1688
f 1688/1688/1688 1712/1712/1712 1713/1713/1713
f 1714/1714/1714 1690/1690/1690 1689/1689/1689
f 1689/1689/1689 1713/1713/1713 1714/1714/1714
f 1692/1692/1692 1668/1668/1668 1690/1690/1690
f 1690/1690/1690 1714/1714/1714 1692/1692/1692
f 1715/1715/1715 1691/1691/1691 1692/1692/1692
f 1715/1715/1715 1693/1693/1693 1691/1691/1691
f 1715/1715/1715 1694/1694/1694 1693/1693/1693
f 1715/1715/1715 1695/1695/1695 1694/1694/1694
f 1715/1715/1715 1696/1696/1696 1695/1695/1695
f 1715/1715/1715 1697/1697/1697 1696/1696/1696
f 1715/1715/1715 1698/1698/1698 1697/1697/1697
f 1715/1715/1715 1699/1699/1699 1698/1698/1698
f 1715/1715/1715 1700/1700/1700 1699/1699/1699
f 1715/1715/1715 1701/1701/1701 1700/1700/1700
f 1715/1715/1715 1702/1702/1702 1701/1701/1701
f 1715/1715/1715 1703/1703/1703 1702/1702/1702
f 1715/1715/1715 1704/1704/1704 1703/1703/1703
f 1715/1715/1715 1705/1705/1705 1704/1704/1704
f 1715/1715/1715 1706/1706/1706 1705/1705/1705
f 1715/1715/1715 1707/1707/1707 1706/1706/1706
f 1715/1715/1715 1708/1708/1708 1707/1707/1707
f 1715/1715/1715 1709/1709/1709 1708/1708/1708
f 1715/1715/1715 1710/1710/1710 1709/1709/1709
f 1715/1715/1715 1711/1711/1711 1710/1710/1710
f 1715/1715/1715 1712/1712/1712 1711/1711/1711
f 1715/1715/1715 1713/1713/1713 1712/1712/1712
f 1715/1715/1715 1714/1714/1714 1713/1713/1713
f 1715/1715/1715 1692/1692/1692 1714/1714/1714
f 1716/1716/1716 1717/1717/1717 1718/1718/1718
f 1718/1718/1718 1719/1719/1719 1716/1716/1716
f 1717/1717/1717 1720/1720/1720 1721/1721/1721
f 1721/1721/1721 1718/1718/1718 1717/1717/1717
f 1720/1720/1720 1722/1722/1722 1723/1723/1723
f 1723/1723/1723 1721/1721/1721 1720/1720/1720
f 1722/1722/1722 1724/1724/1724 1725/1725/1725
f 1725/1725/1725 1723/1723/1723 1722/1722/1722
f 1724/1724/1724 1726/1726/1726 1727/1727/1727
f 1727/1727/1727 1725/1725/1725 1724/1724/1724
f 1726/1726/1726 1728/1728/1728 1729/1729/1729
f 1729/1729/1729 1727/1727/1727 1726/1726/1726
f 1728/1728/1728 1730/1730/1730 1731/1731/1731
f 1731/1731/1731 1729/1729/1729 1728/1728/1728
f 1730/1730/1730 1732/1732/1732 1733/1733/1733
f 1733/1733/1733 1731/1731/1731 1730/1730/1730
f 1732/1732/1732 1734/1734/1734 1735/1735/1735
f 1735/1735/1735 1733/1733/1733 1732/1732/1732
f 1734/1734/1734 1736/1736/1736 1737/1737/1737
f 1737/1737/1737 1735/1735/1735 1734/1734/1734
f 1736/1736/1736 1738/1738/1738 1739/1739/1739
f 1739/1739/1739 1737/1737/1737 1736/1736/1736
f 1738/1738/1738 1740/1740/1740 1741/1741/1741
f 1741/1741/1741 1739/1739/1739 1738/1738/1738
f 1740/1740/1740 1742/1742/1742 1743/1743/1743
f 1743/1743/1743 1741/1741/1741 1740/1740/1740
f 1742/1742/1742 1744/1744/1744 1745/1745/1745
f 1745/1745/1745 1743/1743/1743 1742/1742/1742
f 1744/1744/1744 1746/1746/1746 1747/1747/1747
f 1747/1747/1747 1745/1745/1745 1744/1744/1744
f 1746/1746/1746 1748/1748/1748 1749/1749/1749
f 1749/1749/1749 1747/1747/1747 1746/1746/1746
f 1748/1748/1748 1750/1750/1750 1751/1751/1751
f 1751/1751/1751 1749/1749/1749 1748/1748/1748
f 1750/1750/1750 1752/1752/1752 1753/1753/1753
f 1753/1753/1753 1751/1751/1751 1750/1750/1750
f 1752/1752/1752 1754/1754/1754 1755/1755/1755
f 1755/1755/1755 1753/1753/1753 1752/1752/1752
f 1754/1754/1754 1756/1756/1756 1757/1757/1757
f 1757/1757/1757 1755/1755/1755 1754/1754/1754
f 1756/1756/1756 1758/1758/1758 1759/1759/1759
f 1759/1759/1759 1757/1757/1757 1756/1756/1756
f 1758/1758/1758 1760/1760/1760 1761/1761/1761
f 1761/1761/1761 1759/1759/1759 1758/1758/1758
f 1760/1760/1760 1762/1762/1762 1763/1763/1763
f 1763/1763/1763 1761/1761/1761 1760/1760/1760
f 1762/1762/1762 1716/1716/1716 1719/1719/1719
f 1719/1719/1719 1763/1763/1763 1762/1762/1762
f 1719/1719/1719 1718/1718/1718 1764/1764/1764
f 1764/1764/1764 1765/1765/1765 1719/1719/1719
f 1718/1718/1718 1721/1721/1721 1766/1766/1766
f 1766/1766/1766 1764/1764/1764 1718/1718/1718
f 1721/1721/1721 1723/1723/1723 1767/1767/1767
f 1767/1767/1767 1766/1766/1766 1721/1721/1721
f 1723/1723/1723 1725/1725/1725 1768/1768/1768
f 1768/1768/1768 1767/1767/1767 1723/1723/1723
f 1725/1725/1725 1727/1727/1727 1769/1769/1769
f 1769/1769/1769 1768/1768/1768 1725/1725/1725
f 1727/1727/1727 1729/1729/1729 1770/1770/1770
f 1770/1770/1770 1769/1769/1769 1727/1727/1727
f 1729/1729/1729 1731/1731/1731 1771/1771/1771
f 1771/1771/1771 1770/1770/1770 1729/1729/1729
f 1731/1731/1731 1733/1733/1733 1772/1772/1772
f 1772/1772/1772 1771/1771/1771 1731/1731/1731
f 1733/1733/1733 1735/1735/1735 1773/1773/1773
f 1773/1773/1773 1772/1772/1772 1733/1733/1733
f 1735/1735/1735 1737/1737/1737 1774/1774/1774
f 1774/1774/1774 1773/1773/1773 1735/1735/1735
f 1737/1737/1737 1739/1739/1739 1775/1775/1775
f 1775/1775/1775 1774/1774/1774 1737/1737/1737
f 1739/1739/1739 1741/1741/1741 1776/1776/1776
f 1776/1776/1776 1775/1775/1775 1739/1739/1739
f 1741/1741/1741 1743/1743/1743 1777/1777/1777
f 1777/1777/1777 1776/1776/1776 1741/1741/1741
f 1743/1743/1743 1745/1745/1745 1778/1778/1778
f 1778/1778/1778 1777/1777/1777 1743/1743/1743
f 1745/1745/1745 1747/1747/1747 1779/1779/1779
f 1779/1779/1779 1778/1778/1778 1745/1745/1745
f 1747/1747/1747 1749/1749/1749 1780/1780/1780
f 1780/1780/1780 1779/1779/1779 1747/1747/1747
f 1749/1749/1749 1751/1751/1751 1781/1781/1781
f 1781/1781/1781 1780/1780/1780 1749/1749/1749
f 1751/1751/1751 1753/1753/1753 1782/1782/1782
f 1782/1782/1782 1781/1781/1781 1751/1751/1751
f 1753/1753/1753 1755/1755/1755 1783/1783/1783
f 1783/1783/1783 1782/1782/1782 1753/1753/1753
f 1755/1755/1755 1757/1757/1757 1784/1784/1784
f 1784/1784/1784 1783/1783/1783 1755/1755/1755
f 1757/1757/1757 1759/1759/1759 1785/1785/1785
f 1785/1785/1785 1784/1784/1784 1757/1757/1757
f 1759/1759/1759 1761/1761/1761 1786/1786/1786
f 1786/1786/1786 1785/1785/1785 1759/1759/1759
f 1761/1761/1761 1763/1763/1763 1787/1787/1787
f 1787/1787/1787 1786/1786/1786 1761/1761/1761
f 1763/1763/1763 1719/1719/1719 1765/1765/1765
f 1765/1765/1765 1787/1787/1787 1763/1763/1763
f 1765/1765/1765 1764/1764/1764 1788/1788/1788
f 1788/1788/1788 1789/1789/1789 1765/1765/1765
f 1764/1764/1764 1766/1766/1766 1790/1790/1790
f 1790/1790/1790 1788/1788/1788 1764/1764/1764
f 1766/1766/1766 1767/1767/1767 1791/1791/1791
f 1791/1791/1791 1790/1790/1790 1766/1766/1766
f 1767/1767/1767 1768/1768/1768 1792/1792/1792
f 1792/1792/1792 1791/1791/1791 1767/1767/1767
f 1768/1768/1768 1769/1769/1769 1793/1793/1793
f 1793/1793/1793 1792/1792/1792 1768/1768/1768
f 1769/1769/1769 1770/1770/1770 1794/1794/1794
f 1794/1794/1794 1793/1793/1793 1769/1769/1769
f 1770/1770/1770 1771/1771/1771 1795/1795/1795
f 1795/1795/1795 1794/1794/1794 1770/1770/1770
f 1771/1771/1771 1772/1772/1772 1796/1796/1796
f 1796/1796/1796 1795/1795/1795 1771/1771/1771
f 1772/1772/1772 1773/1773/1773 1797/1797/1797
f 1797/1797/1797 1796/1796/1796 1772/1772/1772
f 1773/1773/1773 1774/1774/1774 1798/1798/1798
f 1798/1798/1798 1797/1797/1797 1773/1773/1773
f 1774/1774/1774 1775/1775/1775 1799/1799/1799
f 1799/1799/1799 1798/1798/1798 1774/1774/1774
f 1775/1775/1775 1776/1776/1776 1800/1800/1800
f 1800/1800/1800 1799/1799/1799 1775/1775/1775
f 1776/1776/1776 1777/1777/1777 1801/1801/1801
f 1801/1801/1801 1800/1800/1800 1776/1776/1776
f 1777/1777/1777 1778/1778/1778 1802/1802/1802
f 1802/1802/1802 1801/1801/1801 1777/1777/1777
f 1778/1778/1778 1779/1779/1779 1803/1803/1803
f 1803/1803/1803 1802/1802/1802 1778/1778/1778
f 1779/1779/1779 1780/1780/1780 1804/1804/1804
f 1804/1804/1804 1803/1803/1803 1779/1779/1779
f 1780/1780/1780 1781/1781/1781 1805/1805/1805
f 1805/1805/1805 1804/1804/1804 1780/1780/1780
f 1781/1781/1781 1782/1782/1782 1806/1806/1806
f 1806/1806/1806 1805/1805/1805 1781/1781/1781
f 1782/1782/1782 1783/1783/1783 1807/1807/1807
f 1807/1807/1807 1806/1806/1806 1782/1782/1782
f 1783/1783/1783 1784/1784/1784 1808/1808/1808
f 1808/1808/1808 1807/1807/1807 1783/1783/1783
f 1784/1784/1784 1785/1785/1785 1809/1809/1809
f 1809/1809/1809 1808/1808/1808 1784/1784/1784
f 1785/1785/1785 1786/1786/1786 1810/1810/1810
f 1810/1810/1810 1809/1809/1809 1785/1785/1785
f 1786/1786/1786 1787/1787/1787 1811/1811/1811
f 1811/1811/1811 1810/1810/1810 1786/1786/1786
f 1787/1787/1787 1765/1765/1765 1789/1789/1789
f 1789/1789/1789 1811/1811/1811 1787/1787/1787
f 1789/1789/1789 1788/1788/1788 1812/1812/1812
f 1812/1812/1812 1813/1813/1813 1789/1789/1789
f 1788/1788/1788 1790/1790/1790 1814/1814/1814
f 1814/1814/1814 1812/1812/1812 1788/1788/1788
f 1790/1790/1790 1791/1791/1791 1815/1815/1815
f 1815/1815/1815 1814/1814/1814 1790/1790/1790
f 1791/1791/1791 1792/1792/1792 1816/1816/1816
f 1816/1816/1816 1815/1815/1815 1791/1791/1791
f 1792/1792/1792 1793/1793/1793 1817/1817/1817
f 1817/1817/1817 1816/1816/1816 1792/1792/1792
f 1793/1793/1793 1794/1794/1794 1818/1818/1818
f 1818/1818/1818 1817/1817/1817 1793/1793/1793
f 1794/1794/1794 1795/1795/1795 1819/1819/1819
f 1819/1819/1819 1818/1818/1818 1794/1794/1794
f 1795/1795/1795 1796/1796/1796 1820/1820/1820
f 1820/1820/1820 1819/1819/1819 1795/1795/1795
f 1796/1796/1796 1797/1797/1797 1821/1821/1821
f 1821/1821/1821 1820/1820/1820 1796/1796/1796
f 1797/1797/1797 1798/1798/1798 1822/1822/1822
f 1822/1822/1822 1821/1821/1821 1797/1797/1797
f 1798/1798/1798 1799/1799/1799 1823/1823/1823
f 1823/1823/1823 1822/1822/1822 1798/1798/1798
f 1799/1799/1799 1800/1800/1800 1824/1824/1824
f 1824/1824/1824 1823/1823/1823 1799/1799/1799
f 1800/1800/1800 1801/1801/1801 1825/1825/1825
f 1825/1825/1825 1824/1824/1824 1800/1800/1800
f 1801/1801/1801 1802/1802/1802 1826/1826/1826
f 1826/1826/1826 1825/1825/1825 1801/1801/1801
f 1802/1802/1802 1803/1803/1803 1827/1827/1827
f 1827/1827/1827 1826/1826/1826 1802/1802/1802
f 1803/1803/1803 1804/1804/1804 1828/1828/1828
f 1828/1828/1828 1827/1827/1827 1803/1803/1803
f 1804/1804/1804 1805/1805/1805 1829/1829/1829
f 1829/1829/1829 1828/1828/1828 1804/1804/1804
f 1805/1805/1805 1806/1806/1806 1830/1830/1830
f 1830/1830/1830 1829/1829/1829 1805/1805/1805
f 1806/1806/1806 1807/1807/1807 1831/1831/1831
f 1831/1831/1831 1830/1830/1830 1806/1806/1806
f 1807/1807/1807 1808/1808/1808 1832/1832/1832
f 1832/1832/1832 1831/1831/1831 1807/1807/1807
f 1808/1808/1808 1809/1809/1809 1833/1833/1833
f 1833/1833/1833 1832/1832/1832 1808/1808/1808
f 1809/1809/1809 1810/1810/1810 1834/1834/1834
f 1834/1834/1834 1833/1833/1833 1809/1809/1809
f 1810/1810/1810 1811/1811/1811 1835/1835/1835
f 1835/1835/1835 1834/1834/1834 1810/1810/1810
f 1811/1811/1811 1789/1789/1789 1813/1813/1813
f 1813/1813/1813 1835/1835/1835 1811/1811/1811
f 1813/1813/1813 1812/1812/1812 1836/1836/1836
f 1812/1812/1812 1814/1814/1814 1836/1836/1836
f 1814/1814/1814 1815/1815/1815 1836/1836/1836
f 1815/1815/1815 1816/1816/1816 1836/1836/1836
f 1816/1816/1816 1817/1817/1817 1836/1836/1836
f 1817/1817/1817 1818/1818/1818 1836/1836/1836
f 1818/1818/1818 1819/1819/1819 1836/1836/1836
f 1819/1819/1819 1820/1820/1820 1836/1836/1836
f 1820/1820/1820 1821/1821/1821 1836/1836/1836
f 1821/1821/1821 1822/1822/1822 1836/1836/1836
f 1822/1822/1822 1823/1823/1823 1836/1836/1836
f 1823/1823/1823 1824/1824/1824 1836/1836/1836
f 1824/1824/1824 1825/1825/1825 1836/1836/1836
f 1825/1825/1825 1826/1826/1826 1836/1836/1836
f 1826/1826/1826 1827/1827/1827 1836/1836/1836
f 1827/1827/1827 1828/1828/1828 1836/1836/1836
f 1828/1828/1828 1829/1829/1829 1836/1836/1836
f 1829/1829/1829 1830/1830/1830 1836/1836/1836
f 1830/1830/1830 1831/1831/1831 1836/1836/1836
f 1831/1831/1831 1832/1832/1832 1836/1836/1836
f 1832/1832/1832 1833/1833/1833 1836/1836/1836
f 1833/1833/1833 1834/1834/1834 1836/1836/1836
f 1834/1834/1834 1835/1835/1835 1836/1836/1836
f 1835/1835/1835 1813/1813/1813 1836/1836/1836
f 1837/1837/1837 1838/1838/1838 1839/1839/1839
f 1839/1839/1839 1840/1840/1840 1837/1837/1837
f 1838/1838/1838 1841/1841/1841 1842/1842/1842
f 1842/1842/1842 1839/1839/1839 1838/1838/1838
f 1841/1841/1841 1843/1843/1843 1844/1844/1844
f 1844/1844/1844 1842/1842/1842 1841/1841/1841
f 1843/1843/1843 1845/1845/1845 1846/1846/1846
f 1846/1846/1846 1844/1844/1844 1843/1843/1843
f 1845/1845/1845 1847/1847/1847 1848/1848/1848
f 1848/1848/1848 1846/1846/1846 1845/1845/1845
f 1847/1847/1847 1849/1849/1849 1850/1850/1850
f 1850/1850/1850 1848/1848/1848 1847/1847/1847
f 1849/1849/1849 1851/1851/1851 1852/1852/1852
f 1852/1852/1852 1850/1850/1850 1849/1849/1849
f 1851/1851/1851 1853/1853/1853 1854/1854/1854
f 1854/1854/1854 1852/1852/1852 1851/1851/1851
f 1853/1853/1853 1855/1855/1855 1856/1856/1856
f 1856/1856/1856 1854/1854/1854 1853/1853/1853
f 1855/1855/1855 1857/1857/1857 1858/1858/1858
f 1858/1858/1858 1856/1856/1856 1855/1855/1855
f 1857/1857/1857 1859/1859/1859 1860/1860/1860
f 1860/1860/1860 1858/1858/1858 1857/1857/1857
f 1859/1859/1859 1861/1861/1861 1862/1862/1862
f 1862/1862/1862 1860/1860/1860 1859/1859/1859
f 1861/1861/1861 1863/1863/1863 1864/1864/1864
f 1864/1864/1864 1862/1862/1862 1861/1861/1861
f 1863/1863/1863 1865/1865/1865 1866/1866/1866
f 1866/1866/1866 1864/1864/1864 1863/1863/1863
f 1865/1865/1865 1867/1867/1867 1868/1868/1868
f 1868/1868/1868 1866/1866/1866 1865/1865/1865
f 1867/1867/1867 1869/1869/1869 1870/1870/1870
f 1870/1870/1870 1868/1868/1868 1867/1867/1867
f 1869/1869/1869 1871/1871/1871 1872/1872/1872
f 1872/1872/1872 1870/1870/1870 1869/1869/1869
f 1871/1871/1871 1873/1873/1873 1874/1874/1874
f 1874/1874/1874 1872/1872/1872 1871/1871/1871
f 1873/1873/1873 1875/1875/1875 1876/1876/1876
f 1876/1876/1876 1874/1874/1874 1873/1873/1873
f 1875/1875/1875 1877/1877/1877 1878/1878/1878
f 1878/1878/1878 1876/1876/1876 1875/1875/1875
f 1877/1877/1877 1879/1879/1879 1880/1880/1880
f 1880/1880/1880 1878/1878/1878 1877/1877/1877
f 1879/1879/1879 1881/1881/1881 1882/1882/1882
f 1882/1882/1882 1880/1880/1880 1879/1879/1879
f 1881/1881/1881 1883/1883/1883 1884/1884/1884
f 1884/1884/1884 1882/1882/1882 1881/1881/1881
f 1883/1883/1883 1837/1837/1837 1840/1840/1840
f 1840/1840/1840 1884/1884/1884 1883/1883/1883
f 1885/1885/1885 1886/1886/1886 1887/1887/1887
f 1887/1887/1887 1888/1888/1888 1885/1885/1885
f 1886/1886/1886 1889/1889/1889 1890/1890/1890
f 1890/1890/1890 1887/1887/1887 1886/1886/1886
f 1889/1889/1889 1891/1891/1891 1892/1892/1892
f 1892/1892/1892 1890/1890/1890 1889/1889/1889
f 1891/1891/1891 1893/1893/1893 1894/1894/1894
f 1894/1894/1894 1892/1892/1892 1891/1891/1891
f 1893/1893/1893 1885/1885/1885 1888/1888/1888
f 1888/1888/1888 1894/1894/1894 1893/1893/1893
f 1895/1895/1895 1896/1896/1896 1897/1897/1897
f 1897/1897/1897 1898/1898/1898 1895/1895/1895
f 1899/1899/1899 1900/1900/1900 1901/1901/1901
f 1901/1901/1901 1902/1902/1902 1899/1899/1899
f 1896/1896/1896 1903/1903/1903 1904/1904/1904
f 1904/1904/1904 1897/1897/1897 1896/1896/1896
f 1905/1905/1905 1899/1899/1899 1902/1902/1902
f 1902/1902/1902 1906/1906/1906 1905/1905/1905
f 1903/1903/1903 1907/1907/1907 1908/1908/1908
f 1908/1908/1908 1904/1904/1904 1903/1903/1903
f 1909/1909/1909 1905/1905/1905 1906/1906/1906
f 1906/1906/1906 1910/1910/1910 1909/1909/1909
f 1907/1907/1907 1911/1911/1911 1912/1912/1912
f 1912/1912/1912 1908/1908/1908 1907/1907/1907
f 1913/1913/1913 1909/1909/1909 1910/1910/1910
f 1910/1910/1910 1914/1914/1914 1913/1913/1913
f 1911/1911/1911 1895/1895/1895 1898/1898/1898
f 1898/1898/1898 1912/1912/1912 1911/1911/1911
f 1900/1900/1900 1913/1913/1913 1914/1914/1914
f 1914/1914/1914 1901/1901/1901 1900/1900/1900
f 1915/1915/1915 1916/1916/1916 1917/1917/1917
f 1917/1917/1917 1918/1918/1918 1915/1915/1915
f 1918/1918/1918 1917/1917/1917 1919/1919/1919
f 1919/1919/1919 1920/1920/1920 1918/1918/1918
f 1920/1920/1920 1919/1919/1919 1921/1921/1921
f 1921/1921/1921 1922/1922/1922 1920/1920/1920
f 1922/1922/1922 1921/1921/1921 1923/1923/1923
f 1923/1923/1923 1924/1924/1924 1922/1922/1922
f 1924/1924/1924 1923/1923/1923 1916/1916/1916
f 1916/1916/1916 1915/1915/1915 1924/1924/1924
f 1925/1925/1925 1926/1926/1926 1927/1927/1927
f 1926/1926/1926 1928/1928/1928 1927/1927/1927
f 1928/1928/1928 1929/1929/1929 1927/1927/1927
f 1929/1929/1929 1930/1930/1930 1927/1927/1927
f 1930/1930/1930 1925/1925/1925 1927/1927/1927
f 1915/1915/1915 1918/1918/1918 1926/1926/1926
f 1926/1926/1926 1925/1925/1925 1915/1915/1915
f 1918/1918/1918 1920/1920/1920 1928/1928/1928
f 1928/1928/1928 1926/1926/1926 1918/1918/1918
f 1920/1920/1920 1922/1922/1922 1929/1929/1929
f 1929/1929/1929 1928/1928/1928 1920/1920/1920
f 1922/1922/1922 1924/1924/1924 1930/1930/1930
f 1930/1930/1930 1929/1929/1929 1922/1922/1922
f 1924/1924/1924 1915/1915/1915 1925/1925/1925
f 1925/1925/1925 1930/1930/1930 1924/1924/1924
f 1931/1931/1931 1932/1932/1932 1933/1933/1933
f 1933/1933/1933 1934/1934/1934 1935/1935/1935
f 1931/1931/1931 1933/1933/1933 1935/1935/1935
f 1936/1936/1936 1937/1937/1937 1938/1938/1938
f 1938/1938/1938 1939/1939/1939 1936/1936/1936
f 1940/1940/1940 1936/1936/1936 1939/1939/1939
f 1939/1939/1939 1941/1941/1941 1940/1940/1940
f 1942/1942/1942 1940/1940/1940 1941/1941/1941
f 1941/1941/1941 1943/1943/1943 1942/1942/1942
f 1944/1944/1944 1942/1942/1942 1943/1943/1943
f 1943/1943/1943 1945/1945/1945 1944/1944/1944
f 1937/1937/1937 1944/1944/1944 1945/1945/1945
f 1945/1945/1945 1938/1938/1938 1937/1937/1937
f 1946/1946/1946 1947/1947/1947 1948/1948/1948
f 1948/1948/1948 1949/1949/1949 1950/1950/1950
f 1946/1946/1946 1948/1948/1948 1950/1950/1950
f 1951/1951/1951 1952/1952/1952 1953/1953/1953
f 1953/1953/1953 1954/1954/1954 1951/1951/1951
f 1952/1952/1952 1955/1955/1955 1956/1956/1956
f 1956/1956/1956 1953/1953/1953 1952/1952/1952
f 1955/1955/1955 1957/1957/1957 1958/1958/1958
f 1958/1958/1958 1956/1956/1956 1955/1955/1955
f 1957/1957/1957 1959/1959/1959 1960/1960/1960
f 1960/1960/1960 1958/1958/1958 1957/1957/1957
f 1959/1959/1959 1951/1951/1951 1954/1954/1954
f 1954/1954/1954 1960/1960/1960 1959/1959/1959
f 1961/1961/1961 1962/1962/1962 1963/1963/1963
f 1963/1963/1963 1964/1964/1964 1961/1961/1961
f 1965/1965/1965 1966/1966/1966 1967/1967/1967
f 1967/1967/1967 1968/1968/1968 1965/1965/1965
f 1962/1962/1962 1969/1969/1969 1970/1970/1970
f 1970/1970/1970 1963/1963/1963 1962/1962/1962
f 1971/1971/1971 1965/1965/1965 1968/1968/1968
f 1968/1968/1968 1972/1972/1972 1971/1971/1971
f 1969/1969/1969 1973/1973/1973 1974/1974/1974
f 1974/1974/1974 1970/1970/1970 1969/1969/1969
f 1975/1975/1975 1971/1971/1971 1972/1972/1972
f 1972/1972/1972 1976/1976/1976 1975/1975/1975
f 1973/1973/1973 1977/1977/1977 1978/1978/1978
f 1978/1978/1978 1974/1974/1974 1973/1973/1973
f 1979/1979/1979 1975/1975/1975 1976/1976/1976
f 1976/1976/1976 1980/1980/1980 1979/1979/1979
f 1977/1977/1977 1961/1961/1961 1964/1964/1964
f 1964/1964/1964 1978/1978/1978 1977/1977/1977
f 1966/1966/1966 1979/1979/1979 1980/1980/1980
f 1980/1980/1980 1967/1967/1967 1966/1966/1966
f 1981/1981/1981 1982/1982/1982 1983/1983/1983
f 1983/1983/1983 1984/1984/1984 1985/1985/1985
f 1981/1981/1981 1983/1983/1983 1985/1985/1985
f 1986/1986/1986 1987/1987/1987 1988/1988/1988
f 1988/1988/1988 1989/1989/1989 1986/1986/1986
f 1987/1987/1987 1990/1990/1990 1991/1991/1991
f 1991/1991/1991 1988/1988/1988 1987/1987/1987
f 1990/1990/1990 1992/1992/1992 1993/1993/1993
f 1993/1993/1993 1991/1991/1991 1990/1990/1990
f 1992/1992/1992 1994/1994/1994 1995/1995/1995
f 1995/1995/1995 1993/1993/1993 1992/1992/1992
f 1994/1994/1994 1986/1986/1986 1989/1989/1989
f 1989/1989/1989 1995/1995/1995 1994/1994/1994
f 1996/1996/1996 1997/1997/1997 1998/1998/1998
f 1998/1998/1998 1999/1999/1999 1996/1996/1996
f 2000/2000/2000 2001/2001/2001 2002/2002/2002
f 2002/2002/2002 2003/2003/2003 2000/2000/2000
f 1997/1997/1997 2004/2004/2004 2005/2005/2005
f 2005/2005/2005 1998/1998/1998 1997/1997/1997
f 2006/2006/2006 2000/2000/2000 2003/2003/2003
f 2003/2003/2003 2007/2007/2007 2006/2006/2006
f 2004/2004/2004 2008/2008/2008 2009/2009/2009
f 2009/2009/2009 2005/2005/2005 2004/2004/2004
f 2010/2010/2010 2006/2006/2006 2007/2007/2007
f 2007/2007/2007 2011/2011/2011 2010/2010/2010
f 2008/2008/2008 2012/2012/2012 2013/2013/2013
f 2013/2013/2013 2009/2009/2009 2008/2008/2008
f 2014/2014/2014 2010/2010/2010 2011/2011/2011
f 2011/2011/2011 2015/2015/2015 2014/2014/2014
f 2012/2012/2012 1996/1996/1996 1999/1999/1999
f 1999/1999/1999 2013/2013/2013 2012/2012/2012
f 2001/2001/2001 2014/2014/2014 2015/2015/2015
f 2015/2015/2015 2002/2002/2002 2001/2001/2001
f 2016/2016/2016 2017/2017/2017 2018/2018/2018
f 2018/2018/2018 2019/2019/2019 2020/2020/2020
f 2016/2016/2016 2018/2018/2018 2020/2020/2020
f 2021/2021/2021 2022/2022/2022 2023/2023/2023
f 2023/2023/2023 2024/2024/2024 2021/2021/2021
f 2025/2025/2025 2026/2026/2026 2027/2027/2027
f 2027/2027/2027 2028/2028/2028 2025/2025/2025
f 2029/2029/2029 2030/2030/2030 2031/2031/2031
f 2031/2031/2031 2032/2032/2032 2029/2029/2029
f 2033/2033/2033 2034/2034/2034 2035/2035/2035
f 2035/2035/2035 2036/2036/2036 2033/2033/2033
f 2037/2037/2037 2038/2038/2038 2039/2039/2039
f 2039/2039/2039 2040/2040/2040 2037/2037/2037
f 2041/2041/2041 2042/2042/2042 2043/2043/2043
f 2043/2043/2043 2044/2044/2044 2045/2045/2045
f 2041/2041/2041 2043/2043/2043 2045/2045/2045
f 2046/2046/2046 2047/2047/2047 2048/2048/2048
f 2048/2048/2048 2049/2049/2049 2046/2046/2046
f 2050/2050/2050 2046/2046/2046 2049/2049/2049
f 2049/2049/2049 2051/2051/2051 2050/2050/2050
f 2052/2052/2052 2050/2050/2050 2051/2051/2051
f 2051/2051/2051 2053/2053/2053 2052/2052/2052
f 2054/2054/2054 2052/2052/2052 2053/2053/2053
f 2053/2053/2053 2055/2055/2055 2054/2054/2054
f 2047/2047/2047 2054/2054/2054 2055/2055/2055
f 2055/2055/2055 2048/2048/2048 2047/2047/2047
f 2056/2056/2056 2057/2057/2057 2058/2058/2058
f 2058/2058/2058 2059/2059/2059 2060/2060/2060
f 2056/2056/2056 2058/2058/2058 2060/2060/2060
f 2061/2061/2061 2062/2062/2062 2063/2063/2063
f 2063/2063/2063 2064/2064/2064 2061/2061/2061
f 2062/2062/2062 2065/2065/2065 2066/2066/2066
f 2066/2066/2066 2063/2063/2063 2062/2062/2062
f 2065/2065/2065 2067/2067/2067 2068/2068/2068
f 2068/2068/2068 2066/2066/2066 2065/2065/2065
f 2067/2067/2067 2069/2069/2069 2070/2070/2070
f 2070/2070/2070 2068/2068/2068 2067/2067/2067
f 2069/2069/2069 2061/2061/2061 2064/2064/2064
f 2064/2064/2064 2070/2070/2070 2069/2069/2069
f 2071/2071/2071 2072/2072/2072 2073/2073/2073
f 2073/2073/2073 2074/2074/2074 2071/2071/2071
f 2075/2075/2075 2076/2076/2076 2077/2077/2077
f 2077/2077/2077 2078/2078/2078 2075/2075/2075
f 2072/2072/2072 2079/2079/2079 2080/2080/2080
f 2080/2080/2080 2073/2073/2073 2072/2072/2072
f 2081/2081/2081 2075/2075/2075 2078/2078/2078
f 2078/2078/2078 2082/2082/2082 2081/2081/2081
f 2079/2079/2079 2083/2083/2083 2084/2084/2084
f 2084/2084/2084 2080/2080/2080 2079/2079/2079
f 2085/2085/2085 2081/2081/2081 2082/2082/2082
f 2082/2082/2082 2086/2086/2086 2085/2085/2085
f 2083/2083/2083 2087/2087/2087 2088/2088/2088
f 2088/2088/2088 2084/2084/2084 2083/2083/2083
f 2089/2089/2089 2085/2085/2085 2086/2086/2086
f 2086/2086/2086 2090/2090/2090 2089/2089/2089
f 2087/2087/2087 2071/2071/2071 2074/2074/2074
f 2074/2074/2074 2088/2088/2088 2087/2087/2087
f 2076/2076/2076 2089/2089/2089 2090/2090/2090
f 2090/2090/2090 2077/2077/2077 2076/2076/2076
f 2091/2091/2091 2092/2092/2092 2093/2093/2093
f 2093/2093/2093 2094/2094/2094 2095/2095/2095
f 2091/2091/2091 2093/2093/2093 2095/2095/2095
f 2096/2096/2096 2097/2097/2097 2098/2098/2098
f 2098/2098/2098 2099/2099/2099 2096/2096/2096
f 2097/2097/2097 2100/2100/2100 2101/2101/2101
f 2101/2101/2101 2098/2098/2098 2097/2097/2097
f 2100/2100/2100 2102/2102/2102 2103/2103/2103
f 2103/2103/2103 2101/2101/2101 2100/2100/2100
f 2102/2102/2102 2104/2104/2104 2105/2105/2105
f 2105/2105/2105 2103/2103/2103 2102/2102/2102
f 2104/2104/2104 2096/2096/2096 2099/2099/2099
f 2099/2099/2099 2105/2105/2105 2104/2104/2104
f 2106/2106/2106 2107/2107/2107 2108/2108/2108
f 2108/2108/2108 2109/2109/2109 2106/2106/2106
f 2110/2110/2110 2111/2111/2111 2112/2112/2112
f 2112/2112/2112 2113/2113/2113 2110/2110/2110
f 2107/2107/2107 2114/2114/2114 2115/2115/2115
f 2115/2115/2115 2108/2108/2108 2107/2107/2107
f 2116/2116/2116 2110/2110/2110 2113/2113/2113
f 2113/2113/2113 2117/2117/2117 2116/2116/2116
f 2114/2114/2114 2118/2118/2118 2119/2119/2119
f 2119/2119/2119 2115/2115/2115 2114/2114/2114
f 2120/2120/2120 2116/2116/2116 2117/2117/2117
f 2117/2117/2117 2121/2121/2121 2120/2120/2120
f 2118/2118/2118 2122/2122/2122 2123/2123/2123
f 2123/2123/2123 2119/2119/2119 2118/2118/2118
f 2124/2124/2124 2120/2120/2120 2121/2121/2121
f 2121/2121/2121 2125/2125/2125 2124/2124/2124
f 2122/2122/2122 2106/2106/2106 2109/2109/2109
f 2109/2109/2109 2123/2123/2123 2122/2122/2122
f 2111/2111/2111 2124/2124/2124 2125/2125/2125
f 2125/2125/2125 2112/2112/2112 2111/2111/2111
f 2126/2126/2126 2127/2127/2127 2128/2128/2128
f 2128/2128/2128 2129/2129/2129 2130/2130/2130
f 2126/2126/2126 2128/2128/2128 2130/2130/2130
f 2131/2131/2131 2132/2132/2132 2133/2133/2133
f 2133/2133/2133 2134/2134/2134 2131/2131/2131
f 2135/2135/2135 2136/2136/2136 2137/2137/2137
f 2137/2137/2137 2138/2138/2138 2135/2135/2135
f 2139/2139/2139 2140/2140/2140 2141/2141/2141
f 2141/2141/2141 2142/2142/2142 2139/2139/2139
f 2143/2143/2143 2144/2144/2144 2145/2145/2145
f 2145/2145/2145 2146/2146/2146 2143/2143/2143
f 2147/2147/2147 2148/2148/2148 2149/2149/2149
f 2149/2149/2149 2150/2150/2150 2147/2147/2147
f 2151/2151/2151 2152/2152/2152 2153/2153/2153
f 2153/2153/2153 2154/2154/2154 2151/2151/2151
f 2155/2155/2155 2156/2156/2156 2157/2157/2157
f 2157/2157/2157 2158/2158/2158 2155/2155/2155
f 2156/2156/2156 2159/2159/2159 2160/2160/2160
f 2160/2160/2160 2157/2157/2157 2156/2156/2156
f 2159/2159/2159 2161/2161/2161 2162/2162/2162
f 2162/2162/2162 2160/2160/2160 2159/2159/2159
f 2161/2161/2161 2163/2163/2163 2164/2164/2164
f 2164/2164/2164 2162/2162/2162 2161/2161/2161
f 2163/2163/2163 2165/2165/2165 2166/2166/2166
f 2166/2166/2166 2164/2164/2164 2163/2163/2163
f 2165/2165/2165 2167/2167/2167 2168/2168/2168
f 2168/2168/2168 2166/2166/2166 2165/2165/2165
f 2167/2167/2167 2151/2151/2151 2154/2154/2154
f 2154/2154/2154 2168/2168/2168 2167/2167/2167
f 2169/2169/2169 2170/2170/2170 2171/2171/2171
f 2171/2171/2171 2172/2172/2172 2169/2169/2169
f 2170/2170/2170 2173/2173/2173 2174/2174/2174
f 2174/2174/2174 2171/2171/2171 2170/2170/2170
f 2175/2175/2175 2176/2176/2176 2177/2177/2177
f 2177/2177/2177 2178/2178/2178 2175/2175/2175
f 2176/2176/2176 2179/2179/2179 2180/2180/2180
f 2180/2180/2180 2177/2177/2177 2176/2176/2176
f 2179/2179/2179 2181/2181/2181 2182/2182/2182
f 2182/2182/2182 2180/2180/2180 2179/2179/2179
f 2181/2181/2181 2169/2169/2169 2172/2172/2172
f 2172/2172/2172 2182/2182/2182 2181/2181/2181
f 2183/2183/2183 2184/2184/2184 2185/2185/2185
f 2185/2185/2185 2186/2186/2186 2183/2183/2183
f 2184/2184/2184 2187/2187/2187 2188/2188/2188
f 2188/2188/2188 2185/2185/2185 2184/2184/2184
f 2189/2189/2189 2190/2190/2190 2191/2191/2191
f 2191/2191/2191 2192/2192/2192 2189/2189/2189
f 2190/2190/2190 2193/2193/2193 2194/2194/2194
f 2194/2194/2194 2191/2191/2191 2190/2190/2190
f 2193/2193/2193 2195/2195/2195 2196/2196/2196
f 2196/2196/2196 2194/2194/2194 2193/2193/2193
f 2195/2195/2195 2183/2183/2183 2186/2186/2186
f 2186/2186/2186 2196/2196/2196 2195/2195/2195
f 2197/2197/2197 2198/2198/2198 2199/2199/2199
f 2199/2199/2199 2200/2200/2200 2197/2197/2197
f 2198/2198/2198 2201/2201/2201 2202/2202/2202
f 2202/2202/2202 2199/2199/2199 2198/2198/2198
f 2203/2203/2203 2204/2204/2204 2205/2205/2205
f 2205/2205/2205 2206/2206/2206 2203/2203/2203
f 2204/2204/2204 2207/2207/2207 2208/2208/2208
f 2208/2208/2208 2205/2205/2205 2204/2204/2204
f 2207/2207/2207 2209/2209/2209 2210/2210/2210
f 2210/2210/2210 2208/2208/2208 2207/2207/2207
f 2209/2209/2209 2197/2197/2197 2200/2200/2200
f 2200/2200/2200 2210/2210/2210 2209/2209/2209
f 2211/2211/2211 2212/2212/2212 2213/2213/2213
f 2213/2213/2213 2214/2214/2214 2211/2211/2211
f 2212/2212/2212 2215/2215/2215 2216/2216/2216
f 2216/2216/2216 2213/2213/2213 2212/2212/2212
f 2217/2217/2217 2218/2218/2218 2219/2219/2219
f 2219/2219/2219 2220/2220/2220 2217/2217/2217
f 2218/2218/2218 2221/2221/2221 2222/2222/2222
f 2222/2222/2222 2219/2219/2219 2218/2218/2218
f 2221/2221/2221 2223/2223/2223 2224/2224/2224
f 2224/2224/2224 2222/2222/2222 2221/2221/2221
f 2223/2223/2223 2211/2211/2211 2214/2214/2214
f 2214/2214/2214 2224/2224/2224 2223/2223/2223
f 2225/2225/2225 2226/2226/2226 2227/2227/2227
f 2227/2227/2227 2228/2228/2228 2225/2225/2225
f 2226/2226/2226 2229/2229/2229 2230/2230/2230
f 2230/2230/2230 2227/2227/2227 2226/2226/2226
f 2231/2231/2231 2232/2232/2232 2233/2233/2233
f 2233/2233/2233 2234/2234/2234 2231/2231/2231
f 2232/2232/2232 2235/2235/2235 2236/2236/2236
f 2236/2236/2236 2233/2233/2233 2232/2232/2232
f 2235/2235/2235 2237/2237/2237 2238/2238/2238
f 2238/2238/2238 2236/2236/2236 2235/2235/2235
f 2237/2237/2237 2225/2225/2225 2228/2228/2228
f 2228/2228/2228 2238/2238/2238 2237/2237/2237
f 2239/2239/2239 2240/2240/2240 2241/2241/2241
f 2241/2241/2241 2242/2242/2242 2239/2239/2239
f 2240/2240/2240 2243/2243/2243 2244/2244/2244
f 2244/2244/2244 2241/2241/2241 2240/2240/2240
f 2245/2245/2245 2246/2246/2246 2247/2247/2247
f 2247/2247/2247 2248/2248/2248 2245/2245/2245
f 2246/2246/2246 2249/2249/2249 2250/2250/2250
f 2250/2250/2250 2247/2247/2247 2246/2246/2246
f 2249/2249/2249 2251/2251/2251 2252/2252/2252
f 2252/2252/2252 2250/2250/2250 2249/2249/2249
f 2251/2251/2251 2239/2239/2239 2242/2242/2242
f 2242/2242/2242 2252/2252/2252 2251/2251/2251
f 2253/2253/2253 2254/2254/2254 2255/2255/2255
f 2255/2255/2255 2256/2256/2256 2253/2253/2253
f 2254/2254/2254 2257/2257/2257 2258/2258/2258
f 2258/2258/2258 2255/2255/2255 2254/2254/2254
f 2259/2259/2259 2260/2260/2260 2261/2261/2261
f 2261/2261/2261 2262/2262/2262 2259/2259/2259
f 2260/2260/2260 2263/2263/2263 2264/2264/2264
f 2264/2264/2264 2261/2261/2261 2260/2260/2260
f 2263/2263/2263 2265/2265/2265 2266/2266/2266
f 2266/2266/2266 2264/2264/2264 2263/2263/2263
f 2265/2265/2265 2253/2253/2253 2256/2256/2256
f 2256/2256/2256 2266/2266/2266 2265/2265/2265
f 2267/2267/2267 2268/2268/2268 2269/2269/2269
f 2269/2269/2269 2270/2270/2270 2267/2267/2267
f 2268/2268/2268 2271/2271/2271 2272/2272/2272
f 2272/2272/2272 2269/2269/2269 2268/2268/2268
f 2273/2273/2273 2274/2274/2274 2275/2275/2275
f 2275/2275/2275 2276/2276/2276 2273/2273/2273
f 2274/2274/2274 2277/2277/2277 2278/2278/2278
f 2278/2278/2278 2275/2275/2275 2274/2274/2274
f 2277/2277/2277 2279/2279/2279 2280/2280/2280
f 2280/2280/2280 2278/2278/2278 2277/2277/2277
f 2279/2279/2279 2267/2267/2267 2270/2270/2270
f 2270/2270/2270 2280/2280/2280 2279/2279/2279
f 2281/2281/2281 2282/2282/2282 2283/2283/2283
f 2283/2283/2283 2284/2284/2284 2281/2281/2281
f 2282/2282/2282 2285/2285/2285 2286/2286/2286
f 2286/2286/2286 2283/2283/2283 2282/2282/2282
f 2287/2287/2287 2288/2288/2288 2289/2289/2289
f 2289/2289/2289 2290/2290/2290 2287/2287/2287
f 2288/2288/2288 2291/2291/2291 2292/2292/2292
f 2292/2292/2292 2289/2289/2289 2288/2288/2288
f 2291/2291/2291 2293/2293/2293 2294/2294/2294
f 2294/2294/2294 2292/2292/2292 2291/2291/2291
f 2293/2293/2293 2281/2281/2281 2284/2284/2284
f 2284/2284/2284 2294/2294/2294 2293/2293/2293
f 2295/2295/2295 2296/2296/2296 2297/2297/2297
f 2297/2297/2297 2298/2298/2298 2295/2295/2295
f 2296/2296/2296 2299/2299/2299 2300/2300/2300
f 2300/2300/2300 2297/2297/2297 2296/2296/2296
f 2301/2301/2301 2302/2302/2302 2303/2303/2303
f 2303/2303/2303 2304/2304/2304 2301/2301/2301
f 2302/2302/2302 2305/2305/2305 2306/2306/2306
f 2306/2306/2306 2303/2303/2303 2302/2302/2302
f 2305/2305/2305 2307/2307/2307 2308/2308/2308
f 2308/2308/2308 2306/2306/2306 2305/2305/2305
f 2307/2307/2307 2295/2295/2295 2298/2298/2298
f 2298/2298/2298 2308/2308/2308 2307/2307/2307
f 2309/2309/2309 2310/2310/2310 2311/2311/2311
f 2311/2311/2311 2312/2312/2312 2309/2309/2309
f 2310/2310/2310 2313/2313/2313 2314/2314/2314
f 2314/2314/2314 2311/2311/2311 2310/2310/2310
f 2315/2315/2315 2316/2316/2316 2317/2317/2317
f 2317/2317/2317 2318/2318/2318 2315/2315/2315
f 2316/2316/2316 2319/2319/2319 2320/2320/2320
f 2320/2320/2320 2317/2317/2317 2316/2316/2316
f 2319/2319/2319 2321/2321/2321 2322/2322/2322
f 2322/2322/2322 2320/2320/2320 2319/2319/2319
f 2321/2321/2321 2309/2309/2309 2312/2312/2312
f 2312/2312/2312 2322/2322/2322 2321/2321/2321
f 2323/2323/2323 2324/2324/2324 2325/2325/2325
f 2325/2325/2325 2326/2326/2326 2323/2323/2323
f 2324/2324/2324 2327/2327/2327 2328/2328/2328
f 2328/2328/2328 2325/2325/2325 2324/2324/2324
f 2329/2329/2329 2330/2330/2330 2331/2331/2331
f 2331/2331/2331 2332/2332/2332 2329/2329/2329
f 2330/2330/2330 2333/2333/2333 2334/2334/2334
f 2334/2334/2334 2331/2331/2331 2330/2330/2330
f 2333/2333/2333 2335/2335/2335 2336/2336/2336
f 2336/2336/2336 2334/2334/2334 2333/2333/2333
f 2335/2335/2335 2323/2323/2323 2326/2326/2326
f 2326/2326/2326 2336/2336/2336 2335/2335/2335
f 2337/2337/2337 2338/2338/2338 2339/2339/2339
f 2339/2339/2339 2340/2340/2340 2337/2337/2337
f 2338/2338/2338 2341/2341/2341 2342/2342/2342
f 2342/2342/2342 2339/2339/2339 2338/2338/2338
f 2343/2343/2343 2344/2344/2344 2345/2345/2345
f 2345/2345/2345 2346/2346/2346 2343/2343/2343
f 2344/2344/2344 2347/2347/2347 2348/2348/2348
f 2348/2348/2348 2345/2345/2345 2344/2344/2344
f 2347/2347/2347 2349/2349/2349 2350/2350/2350
f 2350/2350/2350 2348/2348/2348 2347/2347/2347
f 2349/2349/2349 2337/2337/2337 2340/2340/2340
f 2340/2340/2340 2350/2350/2350 2349/2349/2349
f 2351/2351/2351 2352/2352/2352 2353/2353/2353
f 2353/2353/2353 2354/2354/2354 2351/2351/2351
f 2352/2352/2352 2355/2355/2355 2356/2356/2356
f 2356/2356/2356 2353/2353/2353 2352/2352/2352
f 2357/2357/2357 2358/2358/2358 2359/2359/2359
f 2359/2359/2359 2360/2360/2360 2357/2357/2357
f 2358/2358/2358 2361/2361/2361 2362/2362/2362
f 2362/2362/2362 2359/2359/2359 2358/2358/2358
f 2361/2361/2361 2363/2363/2363 2364/2364/2364
f 2364/2364/2364 2362/2362/2362 2361/2361/2361
f 2363/2363/2363 2351/2351/2351 2354/2354/2354
f 2354/2354/2354 2364/2364/2364 2363/2363/2363
f 2365/2365/2365 2366/2366/2366 2367/2367/2367
f 2367/2367/2367 2368/2368/2368 2365/2365/2365
f 2369/2369/2369 2370/2370/2370 2371/2371/2371
f 2371/2371/2371 2372/2372/2372 2369/2369/2369
f 2370/2370/2370 2373/2373/2373 2374/2374/2374
f 2374/2374/2374 2371/2371/2371 2370/2370/2370
f 2373/2373/2373 2375/2375/2375 2376/2376/2376
f 2376/2376/2376 2374/2374/2374 2373/2373/2373
f 2375/2375/2375 2377/2377/2377 2378/2378/2378
f 2378/2378/2378 2376/2376/2376 2375/2375/2375
f 2377/2377/2377 2379/2379/2379 2380/2380/2380
f 2380/2380/2380 2378/2378/2378 2377/2377/2377
f 2379/2379/2379 2381/2381/2381 2382/2382/2382
f 2382/2382/2382 2380/2380/2380 2379/2379/2379
f 2381/2381/2381 2365/2365/2365 2368/2368/2368
f 2368/2368/2368 2382/2382/2382 2381/2381/2381
f 2383/2383/2383 2384/2384/2384 2385/2385/2385
f 2385/2385/2385 2386/2386/2386 2383/2383/2383
f 2384/2384/2384 2387/2387/2387 2388/2388/2388
f 2388/2388/2388 2385/2385/2385 2384/2384/2384
f 2389/2389/2389 2390/2390/2390 2391/2391/2391
f 2391/2391/2391 2392/2392/2392 2389/2389/2389
f 2390/2390/2390 2393/2393/2393 2394/2394/2394
f 2394/2394/2394 2391/2391/2391 2390/2390/2390
f 2393/2393/2393 2395/2395/2395 2396/2396/2396
f 2396/2396/2396 2394/2394/2394 2393/2393/2393
f 2395/2395/2395 2383/2383/2383 2386/2386/2386
f 2386/2386/2386 2396/2396/2396 2395/2395/2395
f 2397/2397/2397 2184/2184/2184 2185/2185/2185
f 2185/2185/2185 2186/2186/2186 2397/2397/2397
f 2184/2184/2184 2187/2187/2187 2188/2188/2188
f 2188/2188/2188 2185/2185/2185 2184/2184/2184
f 2189/2189/2189 2398/2398/2398 2191/2191/2191
f 2191/2191/2191 2192/2192/2192 2189/2189/2189
f 2398/2398/2398 2193/2193/2193 2194/2194/2194
f 2194/2194/2194 2191/2191/2191 2398/2398/2398
f 2193/2193/2193 2399/2399/2399 2196/2196/2196
f 2196/2196/2196 2194/2194/2194 2193/2193/2193
f 2399/2399/2399 2397/2397/2397 2186/2186/2186
f 2186/2186/2186 2196/2196/2196 2399/2399/2399
f 2400/2400/2400 2401/2401/2401 2402/2402/2402
f 2402/2402/2402 2403/2403/2403 2400/2400/2400
f 2401/2401/2401 2404/2404/2404 2405/2405/2405
f 2405/2405/2405 2402/2402/2402 2401/2401/2401
f 2406/2406/2406 2407/2407/2407 2408/2408/2408
f 2408/2408/2408 2409/2409/2409 2406/2406/2406
f 2407/2407/2407 2410/2410/2410 2411/2411/2411
f 2411/2411/2411 2408/2408/2408 2407/2407/2407
f 2410/2410/2410 2412/2412/2412 2413/2413/2413
f 2413/2413/2413 2411/2411/2411 2410/2410/2410
f 2412/2412/2412 2400/2400/2400 2403/2403/2403
f 2403/2403/2403 2413/2413/2413 2412/2412/2412
f 2414/2414/2414 2212/2212/2212 2213/2213/2213
f 2213/2213/2213 2214/2214/2214 2414/2414/2414
f 2212/2212/2212 2215/2215/2215 2216/2216/2216
f 2216/2216/2216 2213/2213/2213 2212/2212/2212
f 2217/2217/2217 2415/2415/2415 2219/2219/2219
f 2219/2219/2219 2220/2220/2220 2217/2217/2217
f 2415/2415/2415 2221/2221/2221 2222/2222/2222
f 2222/2222/2222 2219/2219/2219 2415/2415/2415
f 2221/2221/2221 2416/2416/2416 2224/2224/2224
f 2224/2224/2224 2222/2222/2222 2221/2221/2221
f 2416/2416/2416 2414/2414/2414 2214/2214/2214
f 2214/2214/2214 2224/2224/2224 2416/2416/2416
f 2417/2417/2417 2418/2418/2418 2419/2419/2419
f 2419/2419/2419 2420/2420/2420 2417/2417/2417
f 2418/2418/2418 2421/2421/2421 2422/2422/2422
f 2422/2422/2422 2419/2419/2419 2418/2418/2418
f 2423/2423/2423 2424/2424/2424 2425/2425/2425
f 2425/2425/2425 2426/2426/2426 2423/2423/2423
f 2424/2424/2424 2427/2427/2427 2428/2428/2428
f 2428/2428/2428 2425/2425/2425 2424/2424/2424
f 2427/2427/2427 2429/2429/2429 2430/2430/2430
f 2430/2430/2430 2428/2428/2428 2427/2427/2427
f 2429/2429/2429 2417/2417/2417 2420/2420/2420
f 2420/2420/2420 2430/2430/2430 2429/2429/2429
f 2431/2431/2431 2240/2240/2240 2241/2241/2241
f 2241/2241/2241 2242/2242/2242 2431/2431/2431
f 2240/2240/2240 2243/2243/2243 2244/2244/2244
f 2244/2244/2244 2241/2241/2241 2240/2240/2240
f 2245/2245/2245 2432/2432/2432 2247/2247/2247
f 2247/2247/2247 2248/2248/2248 2245/2245/2245
f 2432/2432/2432 2249/2249/2249 2250/2250/2250
f 2250/2250/2250 2247/2247/2247 2432/2432/2432
f 2249/2249/2249 2433/2433/2433 2252/2252/2252
f 2252/2252/2252 2250/2250/2250 2249/2249/2249
f 2433/2433/2433 2431/2431/2431 2242/2242/2242
f 2242/2242/2242 2252/2252/2252 2433/2433/2433
f 2434/2434/2434 2435/2435/2435 2436/2436/2436
f 2436/2436/2436 2437/2437/2437 2434/2434/2434
f 2435/2435/2435 2438/2438/2438 2439/2439/2439
f 2439/2439/2439 2436/2436/2436 2435/2435/2435
f 2440/2440/2440 2441/2441/2441 2442/2442/2442
f 2442/2442/2442 2443/2443/2443 2440/2440/2440
f 2441/2441/2441 2444/2444/2444 2445/2445/2445
f 2445/2445/2445 2442/2442/2442 2441/2441/2441
f 2444/2444/2444 2446/2446/2446 2447/2447/2447
f 2447/2447/2447 2445/2445/2445 2444/2444/2444
f 2446/2446/2446 2434/2434/2434 2437/2437/2437
f 2437/2437/2437 2447/2447/2447 2446/2446/2446
f 2448/2448/2448 2268/2268/2268 2269/2269/2269
f 2269/2269/2269 2270/2270/2270 2448/2448/2448
f 2268/2268/2268 2271/2271/2271 2272/2272/2272
f 2272/2272/2272 2269/2269/2269 2268/2268/2268
f 2273/2273/2273 2449/2449/2449 2275/2275/2275
f 2275/2275/2275 2276/2276/2276 2273/2273/2273
f 2449/2449/2449 2277/2277/2277 2278/2278/2278
f 2278/2278/2278 2275/2275/2275 2449/2449/2449
f 2277/2277/2277 2450/2450/2450 2280/2280/2280
f 2280/2280/2280 2278/2278/2278 2277/2277/2277
f 2450/2450/2450 2448/2448/2448 2270/2270/2270
f 2270/2270/2270 2280/2280/2280 2450/2450/2450
f 2451/2451/2451 2452/2452/2452 2453/2453/2453
f 2453/2453/2453 2454/2454/2454 2451/2451/2451
f 2452/2452/2452 2455/2455/2455 2456/2456/2456
f 2456/2456/2456 2453/2453/2453 2452/2452/2452
f 2457/2457/2457 2458/2458/2458 2459/2459/2459
f 2459/2459/2459 2460/2460/2460 2457/2457/2457
f 2458/2458/2458 2461/2461/2461 2462/2462/2462
f 2462/2462/2462 2459/2459/2459 2458/2458/2458
f 2461/2461/2461 2463/2463/2463 2464/2464/2464
f 2464/2464/2464 2462/2462/2462 2461/2461/2461
f 2463/2463/2463 2451/2451/2451 2454/2454/2454
f 2454/2454/2454 2464/2464/2464 2463/2463/2463
f 2465/2465/2465 2296/2296/2296 2297/2297/2297
f 2297/2297/2297 2298/2298/2298 2465/2465/2465
f 2296/2296/2296 2299/2299/2299 2300/2300/2300
f 2300/2300/2300 2297/2297/2297 2296/2296/2296
f 2301/2301/2301 2466/2466/2466 2303/2303/2303
f 2303/2303/2303 2304/2304/2304 2301/2301/2301
f 2466/2466/2466 2305/2305/2305 2306/2306/2306
f 2306/2306/2306 2303/2303/2303 2466/2466/2466
f 2305/2305/2305 2467/2467/2467 2308/2308/2308
f 2308/2308/2308 2306/2306/2306 2305/2305/2305
f 2467/2467/2467 2465/2465/2465 2298/2298/2298
f 2298/2298/2298 2308/2308/2308 2467/2467/2467
f 2468/2468/2468 2469/2469/2469 2470/2470/2470
f 2470/2470/2470 2471/2471/2471 2468/2468/2468
f 2469/2469/2469 2472/2472/2472 2473/2473/2473
f 2473/2473/2473 2470/2470/2470 2469/2469/2469
f 2474/2474/2474 2475/2475/2475 2476/2476/2476
f 2476/2476/2476 2477/2477/2477 2474/2474/2474
f 2475/2475/2475 2478/2478/2478 2479/2479/2479
f 2479/2479/2479 2476/2476/2476 2475/2475/2475
f 2478/2478/2478 2480/2480/2480 2481/2481/2481
f 2481/2481/2481 2479/2479/2479 2478/2478/2478
f 2480/2480/2480 2468/2468/2468 2471/2471/2471
f 2471/2471/2471 2481/2481/2481 2480/2480/2480
f 2482/2482/2482 2324/2324/2324 2325/2325/2325
f 2325/2325/2325 2326/2326/2326 2482/2482/2482
f 2324/2324/2324 2327/2327/2327 2328/2328/2328
f 2328/2328/2328 2325/2325/2325 2324/2324/2324
f 2329/2329/2329 2483/2483/2483 2331/2331/2331
f 2331/2331/2331 2332/2332/2332 2329/2329/2329
f 2483/2483/2483 2333/2333/2333 2334/2334/2334
f 2334/2334/2334 2331/2331/2331 2483/2483/2483
f 2333/2333/2333 2484/2484/2484 2336/2336/2336
f 2336/2336/2336 2334/2334/2334 2333/2333/2333
f 2484/2484/2484 2482/2482/2482 2326/2326/2326
f 2326/2326/2326 2336/2336/2336 2484/2484/2484
f 2485/2485/2485 2486/2486/2486 2487/2487/2487
f 2487/2487/2487 2488/2488/2488 2485/2485/2485
f 2486/2486/2486 2489/2489/2489 2490/2490/2490
f 2490/2490/2490 2487/2487/2487 2486/2486/2486
f 2491/2491/2491 2492/2492/2492 2493/2493/2493
f 2493/2493/2493 2494/2494/2494 2491/2491/2491
f 2492/2492/2492 2495/2495/2495 2496/2496/2496
f 2496/2496/2496 2493/2493/2493 2492/2492/2492
f 2495/2495/2495 2497/2497/2497 2498/2498/2498
f 2498/2498/2498 2496/2496/2496 2495/2495/2495
f 2497/2497/2497 2485/2485/2485 2488/2488/2488
f 2488/2488/2488 2498/2498/2498 2497/2497/2497
f 2499/2499/2499 2352/2352/2352 2353/2353/2353
f 2353/2353/2353 2354/2354/2354 2499/2499/2499
f 2352/2352/2352 2355/2355/2355 2356/2356/2356
f 2356/2356/2356 2353/2353/2353 2352/2352/2352
f 2357/2357/2357 2500/2500/2500 2359/2359/2359
f 2359/2359/2359 2360/2360/2360 2357/2357/2357
f 2500/2500/2500 2361/2361/2361 2362/2362/2362
f 2362/2362/2362 2359/2359/2359 2500/2500/2500
f 2361/2361/2361 2501/2501/2501 2364/2364/2364
f 2364/2364/2364 2362/2362/2362 2361/2361/2361
f 2501/2501/2501 2499/2499/2499 2354/2354/2354
f 2354/2354/2354 2364/2364/2364 2501/2501/2501
f 2502/2502/2502 2503/2503/2503 2504/2504/2504
f 2504/2504/2504 2505/2505/2505 2502/2502/2502
f 2506/2506/2506 2507/2507/2507 2508/2508/2508
f 2508/2508/2508 2509/2509/2509 2506/2506/2506
f 2507/2507/2507 2510/2510/2510 2511/2511/2511
f 2511/2511/2511 2508/2508/2508 2507/2507/2507
f 2510/2510/2510 2512/2512/2512 2513/2513/2513
f 2513/2513/2513 2511/2511/2511 2510/2510/2510
f 2512/2512/2512 2514/2514/2514 2515/2515/2515
f 2515/2515/2515 2513/2513/2513 2512/2512/2512
f 2514/2514/2514 2516/2516/2516 2517/2517/2517
f 2517/2517/2517 2515/2515/2515 2514/2514/2514
f 2516/2516/2516 2518/2518/2518 2519/2519/2519
f 2519/2519/2519 2517/2517/2517 2516/2516/2516
f 2518/2518/2518 2502/2502/2502 2505/2505/2505
f 2505/2505/2505 2519/2519/2519 2518/2518/2518
f 2520/2520/2520 2521/2521/2521 2522/2522/2522
f 2522/2522/2522 2523/2523/2523 2520/2520/2520
f 2521/2521/2521 2524/2524/2524 2525/2525/2525
f 2525/2525/2525 2522/2522/2522 2521/2521/2521
f 2526/2526/2526 2527/2527/2527 2528/2528/2528
f 2528/2528/2528 2529/2529/2529 2526/2526/2526
f 2527/2527/2527 2530/2530/2530 2531/2531/2531
f 2531/2531/2531 2528/2528/2528 2527/2527/2527
f 2530/2530/2530 2532/2532/2532 2533/2533/2533
f 2533/2533/2533 2531/2531/2531 2530/2530/2530
f 2532/2532/2532 2520/2520/2520 2523/2523/2523
f 2523/2523/2523 2533/2533/2533 2532/2532/2532
f 2534/2534/2534 2535/2535/2535 2536/2536/2536
f 2536/2536/2536 2537/2537/2537 2534/2534/2534
f 2535/2535/2535 2538/2538/2538 2539/2539/2539
f 2539/2539/2539 2536/2536/2536 2535/2535/2535
f 2540/2540/2540 2541/2541/2541 2542/2542/2542
f 2542/2542/2542 2543/2543/2543 2540/2540/2540
f 2541/2541/2541 2544/2544/2544 2545/2545/2545
f 2545/2545/2545 2542/2542/2542 2541/2541/2541
f 2544/2544/2544 2546/2546/2546 2547/2547/2547
f 2547/2547/2547 2545/2545/2545 2544/2544/2544
f 2546/2546/2546 2534/2534/2534 2537/2537/2537
f 2537/2537/2537 2547/2547/2547 2546/2546/2546
f 2548/2548/2548 2549/2549/2549 2550/2550/2550
f 2550/2550/2550 2551/2551/2551 2548/2548/2548
f 2549/2549/2549 2552/2552/2552 2553/2553/2553
f 2553/2553/2553 2550/2550/2550 2549/2549/2549
f 2554/2554/2554 2555/2555/2555 2556/2556/2556
f 2556/2556/2556 2557/2557/2557 2554/2554/2554
f 2555/2555/2555 2558/2558/2558 2559/2559/2559
f 2559/2559/2559 2556/2556/2556 2555/2555/2555
f 2558/2558/2558 2560/2560/2560 2561/2561/2561
f 2561/2561/2561 2559/2559/2559 2558/2558/2558
f 2560/2560/2560 2548/2548/2548 2551/2551/2551
f 2551/2551/2551 2561/2561/2561 2560/2560/2560
f 2562/2562/2562 2563/2563/2563 2564/2564/2564
f 2564/2564/2564 2565/2565/2565 2562/2562/2562
f 2563/2563/2563 2566/2566/2566 2567/2567/2567
f 2567/2567/2567 2564/2564/2564 2563/2563/2563
f 2568/2568/2568 2569/2569/2569 2570/2570/2570
f 2570/2570/2570 2571/2571/2571 2568/2568/2568
f 2569/2569/2569 2572/2572/2572 2573/2573/2573
f 2573/2573/2573 2570/2570/2570 2569/2569/2569
f 2572/2572/2572 2574/2574/2574 2575/2575/2575
f 2575/2575/2575 2573/2573/2573 2572/2572/2572
f 2574/2574/2574 2562/2562/2562 2565/2565/2565
f 2565/2565/2565 2575/2575/2575 2574/2574/2574
f 2576/2576/2576 2577/2577/2577 2578/2578/2578
f 2578/2578/2578 2579/2579/2579 2576/2576/2576
f 2577/2577/2577 2580/2580/2580 2581/2581/2581
f 2581/2581/2581 2578/2578/2578 2577/2577/2577
f 2582/2582/2582 2583/2583/2583 2584/2584/2584
f 2584/2584/2584 2585/2585/2585 2582/2582/2582
f 2583/2583/2583 2586/2586/2586 2587/2587/2587
f 2587/2587/2587 2584/2584/2584 2583/2583/2583
f 2586/2586/2586 2588/2588/2588 2589/2589/2589
f 2589/2589/2589 2587/2587/2587 2586/2586/2586
f 2588/2588/2588 2576/2576/2576 2579/2579/2579
f 2579/2579/2579 2589/2589/2589 2588/2588/2588
f 2590/2590/2590 2591/2591/2591 2592/2592/2592
f 2592/2592/2592 2593/2593/2593 2590/2590/2590
f 2591/2591/2591 2594/2594/2594 2595/2595/2595
f 2595/2595/2595 2592/2592/2592 2591/2591/2591
f 2596/2596/2596 2597/2597/2597 2598/2598/2598
f 2598/2598/2598 2599/2599/2599 2596/2596/2596
f 2597/2597/2597 2600/2600/2600 2601/2601/2601
f 2601/2601/2601 2598/2598/2598 2597/2597/2597
f 2600/2600/2600 2602/2602/2602 2603/2603/2603
f 2603/2603/2603 2601/2601/2601 2600/2600/2600
f 2602/2602/2602 2590/2590/2590 2593/2593/2593
f 2593/2593/2593 2603/2603/2603 2602/2602/2602
f 2604/2604/2604 2605/2605/2605 2606/2606/2606
f 2606/2606/2606 2607/2607/2607 2604/2604/2604
f 2605/2605/2605 2608/2608/2608 2609/2609/2609
f 2609/2609/2609 2606/2606/2606 2605/2605/2605
f 2610/2610/2610 2611/2611/2611 2612/2612/2612
f 2612/2612/2612 2613/2613/2613 2610/2610/2610
f 2611/2611/2611 2614/2614/2614 2615/2615/2615
f 2615/2615/2615 2612/2612/2612 2611/2611/2611
f 2614/2614/2614 2616/2616/2616 2617/2617/2617
f 2617/2617/2617 2615/2615/2615 2614/2614/2614
f 2616/2616/2616 2604/2604/2604 2607/2607/2607
f 2607/2607/2607 2617/2617/2617 2616/2616/2616
f 2618/2618/2618 2619/2619/2619 2620/2620/2620
f 2620/2620/2620 2621/2621/2621 2618/2618/2618
f 2619/2619/2619 2622/2622/2622 2623/2623/2623
f 2623/2623/2623 2620/2620/2620 2619/2619/2619
f 2624/2624/2624 2625/2625/2625 2626/2626/2626
f 2626/2626/2626 2627/2627/2627 2624/2624/2624
f 2625/2625/2625 2628/2628/2628 2629/2629/2629
f 2629/2629/2629 2626/2626/2626 2625/2625/2625
f 2628/2628/2628 2630/2630/2630 2631/2631/2631
f 2631/2631/2631 2629/2629/2629 2628/2628/2628
f 2630/2630/2630 2618/2618/2618 2621/2621/2621
f 2621/2621/2621 2631/2631/2631 2630/2630/2630
f 2632/2632/2632 2633/2633/2633 2634/2634/2634
f 2634/2634/2634 2635/2635/2635 2632/2632/2632
f 2633/2633/2633 2636/2636/2636 2637/2637/2637
f 2637/2637/2637 2634/2634/2634 2633/2633/2633
f 2638/2638/2638 2639/2639/2639 2640/2640/2640
f 2640/2640/2640 2641/2641/2641 2638/2638/2638
f 2639/2639/2639 2642/2642/2642 2643/2643/2643
f 2643/2643/2643 2640/2640/2640 2639/2639/2639
f 2642/2642/2642 2644/2644/2644 2645/2645/2645
f 2645/2645/2645 2643/2643/2643 2642/2642/2642
f 2644/2644/2644 2632/2632/2632 2635/2635/2635
f 2635/2635/2635 2645/2645/2645 2644/2644/2644
f 2646/2646/2646 2647/2647/2647 2648/2648/2648
f 2648/2648/2648 2649/2649/2649 2646/2646/2646
f 2647/2647/2647 2650/2650/2650 2651/2651/2651
f 2651/2651/2651 2648/2648/2648 2647/2647/2647
f 2652/2652/2652 2653/2653/2653 2654/2654/2654
f 2654/2654/2654 2655/2655/2655 2652/2652/2652
f 2653/2653/2653 2656/2656/2656 2657/2657/2657
f 2657/2657/2657 2654/2654/2654 2653/2653/2653
f 2656/2656/2656 2658/2658/2658 2659/2659/2659
f 2659/2659/2659 2657/2657/2657 2656/2656/2656
f 2658/2658/2658 2646/2646/2646 2649/2649/2649
f 2649/2649/2649 2659/2659/2659 2658/2658/2658
f 2660/2660/2660 2661/2661/2661 2662/2662/2662
f 2662/2662/2662 2663/2663/2663 2660/2660/2660
f 2661/2661/2661 2664/2664/2664 2665/2665/2665
f 2665/2665/2665 2662/2662/2662 2661/2661/2661
f 2666/2666/2666 2667/2667/2667 2668/2668/2668
f 2668/2668/2668 2669/2669/2669 2666/2666/2666
f 2667/2667/2667 2670/2670/2670 2671/2671/2671
f 2671/2671/2671 2668/2668/2668 2667/2667/2667
f 2670/2670/2670 2672/2672/2672 2673/2673/2673
f 2673/2673/2673 2671/2671/2671 2670/2670/2670
f 2672/2672/2672 2660/2660/2660 2663/2663/2663
f 2663/2663/2663 2673/2673/2673 2672/2672/2672
f 2674/2674/2674 2675/2675/2675 2676/2676/2676
f 2676/2676/2676 2677/2677/2677 2674/2674/2674
f 2675/2675/2675 2678/2678/2678 2679/2679/2679
f 2679/2679/2679 2676/2676/2676 2675/2675/2675
f 2680/2680/2680 2681/2681/2681 2682/2682/2682
f 2682/2682/2682 2683/2683/2683 2680/2680/2680
f 2681/2681/2681 2684/2684/2684 2685/2685/2685
f 2685/2685/2685 2682/2682/2682 2681/2681/2681
f 2684/2684/2684 2686/2686/2686 2687/2687/2687
f 2687/2687/2687 2685/2685/2685 2684/2684/2684
f 2686/2686/2686 2674/2674/2674 2677/2677/2677
f 2677/2677/2677 2687/2687/2687 2686/2686/2686
f 2688/2688/2688 2689/2689/2689 2690/2690/2690
f 2690/2690/2690 2691/2691/2691 2688/2688/2688
f 2689/2689/2689 2692/2692/2692 2693/2693/2693
f 2693/2693/2693 2690/2690/2690 2689/2689/2689
f 2694/2694/2694 2695/2695/2695 2696/2696/2696
f 2696/2696/2696 2697/2697/2697 2694/2694/2694
f 2695/2695/2695 2698/2698/2698 2699/2699/2699
f 2699/2699/2699 2696/2696/2696 2695/2695/2695
f 2698/2698/2698 2700/2700/2700 2701/2701/2701
f 2701/2701/2701 2699/2699/2699 2698/2698/2698
f 2700/2700/2700 2688/2688/2688 2691/2691/2691
f 2691/2691/2691 2701/2701/2701 2700/2700/2700
f 2702/2702/2702 2703/2703/2703 2704/2704/2704
f 2704/2704/2704 2705/2705/2705 2702/2702/2702
f 2703/2703/2703 2706/2706/2706 2707/2707/2707
f 2707/2707/2707 2704/2704/2704 2703/2703/2703
f 2708/2708/2708 2709/2709/2709 2710/2710/2710
f 2710/2710/2710 2711/2711/2711 2708/2708/2708
f 2709/2709/2709 2712/2712/2712 2713/2713/2713
f 2713/2713/2713 2710/2710/2710 2709/2709/2709
f 2712/2712/2712 2714/2714/2714 2715/2715/2715
f 2715/2715/2715 2713/2713/2713 2712/2712/2712
f 2714/2714/2714 2702/2702/2702 2705/2705/2705
f 2705/2705/2705 2715/2715/2715 2714/2714/2714
f 2716/2716/2716 2717/2717/2717 2718/2718/2718
f 2718/2718/2718 2719/2719/2719 2716/2716/2716
f 2720/2720/2720 2721/2721/2721 2722/2722/2722
f 2722/2722/2722 2723/2723/2723 2720/2720/2720
f 2721/2721/2721 2724/2724/2724 2725/2725/2725
f 2725/2725/2725 2722/2722/2722 2721/2721/2721
f 2724/2724/2724 2726/2726/2726 2727/2727/2727
f 2727/2727/2727 2725/2725/2725 2724/2724/2724
f 2726/2726/2726 2728/2728/2728 2729/2729/2729
f 2729/2729/2729 2727/2727/2727 2726/2726/2726
f 2728/2728/2728 2730/2730/2730 2731/2731/2731
f 2731/2731/2731 2729/2729/2729 2728/2728/2728
f 2730/2730/2730 2732/2732/2732 2733/2733/2733
f 2733/2733/2733 2731/2731/2731 2730/2730/2730
f 2732/2732/2732 2716/2716/2716 2719/2719/2719
f 2719/2719/2719 2733/2733/2733 2732/2732/2732
f 2734/2734/2734 2735/2735/2735 2736/2736/2736
f 2736/2736/2736 2737/2737/2737 2734/2734/2734
f 2735/2735/2735 2738/2738/2738 2739/2739/2739
f 2739/2739/2739 2736/2736/2736 2735/2735/2735
f 2740/2740/2740 2741/2741/2741 2742/2742/2742
f 2742/2742/2742 2743/2743/2743 2740/2740/2740
f 2741/2741/2741 2744/2744/2744 2745/2745/2745
f 2745/2745/2745 2742/2742/2742 2741/2741/2741
f 2744/2744/2744 2746/2746/2746 2747/2747/2747
f 2747/2747/2747 2745/2745/2745 2744/2744/2744
f 2746/2746/2746 2734/2734/2734 2737/2737/2737
f 2737/2737/2737 2747/2747/2747 2746/2746/2746
f 2748/2748/2748 2749/2749/2749 2750/2750/2750
f 2750/2750/2750 2751/2751/2751 2748/2748/2748
f 2749/2749/2749 2752/2752/2752 2753/2753/2753
f 2753/2753/2753 2750/2750/2750 2749/2749/2749
f 2754/2754/2754 2755/2755/2755 2756/2756/2756
f 2756/2756/2756 2757/2757/2757 2754/2754/2754
f 2755/2755/2755 2758/2758/2758 2759/2759/2759
f 2759/2759/2759 2756/2756/2756 2755/2755/2755
f 2758/2758/2758 2760/2760/2760 2761/2761/2761
f 2761/2761/2761 2759/2759/2759 2758/2758/2758
f 2760/2760/2760 2748/2748/2748 2751/2751/2751
f 2751/2751/2751 2761/2761/2761 2760/2760/2760
f 2762/2762/2762 2763/2763/2763 2764/2764/2764
f 2764/2764/2764 2765/2765/2765 2762/2762/2762
f 2763/2763/2763 2766/2766/2766 2767/2767/2767
f 2767/2767/2767 2764/2764/2764 2763/2763/2763
f 2768/2768/2768 2769/2769/2769 2770/2770/2770
f 2770/2770/2770 2771/2771/2771 2768/2768/2768
f 2769/2769/2769 2772/2772/2772 2773/2773/2773
f 2773/2773/2773 2770/2770/2770 2769/2769/2769
f 2772/2772/2772 2774/2774/2774 2775/2775/2775
f 2775/2775/2775 2773/2773/2773 2772/2772/2772
f 2774/2774/2774 2762/2762/2762 2765/2765/2765
f 2765/2765/2765 2775/2775/2775 2774/2774/2774
f 2776/2776/2776 2777/2777/2777 2778/2778/2778
f 2778/2778/2778 2779/2779/2779 2776/2776/2776
f 2777/2777/2777 2780/2780/2780 2781/2781/2781
f 2781/2781/2781 2778/2778/2778 2777/2777/2777
f 2782/2782/2782 2783/2783/2783 2784/2784/2784
f 2784/2784/2784 2785/2785/2785 2782/2782/2782
f 2783/2783/2783 2786/2786/2786 2787/2787/2787
f 2787/2787/2787 2784/2784/2784 2783/2783/2783
f 2786/2786/2786 2788/2788/2788 2789/2789/2789
f 2789/2789/2789 2787/2787/2787 2786/2786/2786
f 2788/2788/2788 2776/2776/2776 2779/2779/2779
f 2779/2779/2779 2789/2789/2789 2788/2788/2788
f 2790/2790/2790 2791/2791/2791 2792/2792/2792
f 2792/2792/2792 2793/2793/2793 2790/2790/2790
f 2791/2791/2791 2794/2794/2794 2795/2795/2795
f 2795/2795/2795 2792/2792/2792 2791/2791/2791
f 2796/2796/2796 2797/2797/2797 2798/2798/2798
f 2798/2798/2798 2799/2799/2799 2796/2796/2796
f 2797/2797/2797 2800/2800/2800 2801/2801/2801
f 2801/2801/2801 2798/2798/2798 2797/2797/2797
f 2800/2800/2800 2802/2802/2802 2803/2803/2803
f 2803/2803/2803 2801/2801/2801 2800/2800/2800
f 2802/2802/2802 2790/2790/2790 2793/2793/2793
f 2793/2793/2793 2803/2803/2803 2802/2802/2802
f 2804/2804/2804 2805/2805/2805 2806/2806/2806
f 2806/2806/2806 2807/2807/2807 2804/2804/2804
f 2805/2805/2805 2808/2808/2808 2809/2809/2809
f 2809/2809/2809 2806/2806/2806 2805/2805/2805
f 2810/2810/2810 2811/2811/2811 2812/2812/2812
f 2812/2812/2812 2813/2813/2813 2810/2810/2810
f 2811/2811/2811 2814/2814/2814 2815/2815/2815
f 2815/2815/2815 2812/2812/2812 2811/2811/2811
f 2814/2814/2814 2816/2816/2816 2817/2817/2817
f 2817/2817/2817 2815/2815/2815 2814/2814/2814
f 2816/2816/2816 2804/2804/2804 2807/2807/2807
f 2807/2807/2807 2817/2817/2817 2816/2816/2816
f 2818/2818/2818 2819/2819/2819 2820/2820/2820
f 2820/2820/2820 2821/2821/2821 2818/2818/2818
f 2819/2819/2819 2822/2822/2822 2823/2823/2823
f 2823/2823/2823 2820/2820/2820 2819/2819/2819
f 2824/2824/2824 2825/2825/2825 2826/2826/2826
f 2826/2826/2826 2827/2827/2827 2824/2824/2824
f 2825/2825/2825 2828/2828/2828 2829/2829/2829
f 2829/2829/2829 2826/2826/2826 2825/2825/2825
f 2828/2828/2828 2830/2830/2830 2831/2831/2831
f 2831/2831/2831 2829/2829/2829 2828/2828/2828
f 2830/2830/2830 2818/2818/2818 2821/2821/2821
f 2821/2821/2821 2831/2831/2831 2830/2830/2830
f 2832/2832/2832 2833/2833/2833 2834/2834/2834
f 2834/2834/2834 2835/2835/2835 2832/2832/2832
f 2833/2833/2833 2836/2836/2836 2837/2837/2837
f 2837/2837/2837 2834/2834/2834 2833/2833/2833
f 2838/2838/2838 2839/2839/2839 2840/2840/2840
f 2840/2840/2840 2841/2841/2841 2838/2838/2838
f 2839/2839/2839 2842/2842/2842 2843/2843/2843
f 2843/2843/2843 2840/2840/2840 2839/2839/2839
f 2842/2842/2842 2844/2844/2844 2845/2845/2845
f 2845/2845/2845 2843/2843/2843 2842/2842/2842
f 2844/2844/2844 2832/2832/2832 2835/2835/2835
f 2835/2835/2835 2845/2845/2845 2844/2844/2844
f 2846/2846/2846 2847/2847/2847 2848/2848/2848
f 2848/2848/2848 2849/2849/2849 2846/2846/2846
f 2847/2847/2847 2850/2850/2850 2851/2851/2851
f 2851/2851/2851 2848/2848/2848 2847/2847/2847
f 2852/2852/2852 2853/2853/2853 2854/2854/2854
f 2854/2854/2854 2855/2855/2855 2852/2852/2852
f 2853/2853/2853 2856/2856/2856 2857/2857/2857
f 2857/2857/2857 2854/2854/2854 2853/2853/2853
f 2856/2856/2856 2858/2858/2858 2859/2859/2859
f 2859/2859/2859 2857/2857/2857 2856/2856/2856
f 2858/2858/2858 2846/2846/2846 2849/2849/2849
f 2849/2849/2849 2859/2859/2859 2858/2858/2858
f 2860/2860/2860 2861/2861/2861 2862/2862/2862
f 2862/2862/2862 2863/2863/2863 2860/2860/2860
f 2861/2861/2861 2864/2864/2864 2865/2865/2865
f 2865/2865/2865 2862/2862/2862 2861/2861/2861
f 2866/2866/2866 2867/2867/2867 2868/2868/2868
f 2868/2868/2868 2869/2869/2869 2866/2866/2866
f 2867/2867/2867 2870/2870/2870 2871/2871/2871
f 2871/2871/2871 2868/2868/2868 2867/2867/2867
f 2870/2870/2870 2872/2872/2872 2873/2873/2873
f 2873/2873/2873 2871/2871/2871 2870/2870/2870
f 2872/2872/2872 2860/2860/2860 2863/2863/2863
f 2863/2863/2863 2873/2873/2873 2872/2872/2872
f 2874/2874/2874 2875/2875/2875 2876/2876/2876
f 2876/2876/2876 2877/2877/2877 2874/2874/2874
f 2875/2875/2875 2878/2878/2878 2879/2879/2879
f 2879/2879/2879 2876/2876/2876 2875/2875/2875
f 2880/2880/2880 2881/2881/2881 2882/2882/2882
f 2882/2882/2882 2883/2883/2883 2880/2880/2880
f 2881/2881/2881 2884/2884/2884 2885/2885/2885
f 2885/2885/2885 2882/2882/2882 2881/2881/2881
f 2884/2884/2884 2886/2886/2886 2887/2887/2887
f 2887/2887/2887 2885/2885/2885 2884/2884/2884
f 2886/2886/2886 2874/2874/2874 2877/2877/2877
f 2877/2877/2877 2887/2887/2887 2886/2886/2886
f 2888/2888/2888 2889/2889/2889 2890/2890/2890
f 2890/2890/2890 2891/2891/2891 2888/2888/2888
f 2889/2889/2889 2892/2892/2892 2893/2893/2893
f 2893/2893/2893 2890/2890/2890 2889/2889/2889
f 2894/2894/2894 2895/2895/2895 2896/2896/2896
f 2896/2896/2896 2897/2897/2897 2894/2894/2894
f 2895/2895/2895 2898/2898/2898 2899/2899/2899
f 2899/2899/2899 2896/2896/2896 2895/2895/2895
f 2898/2898/2898 2900/2900/2900 2901/2901/2901
f 2901/2901/2901 2899/2899/2899 2898/2898/2898
f 2900/2900/2900 2888/2888/2888 2891/2891/2891
f 2891/2891/2891 2901/2901/2901 2900/2900/2900
f 2902/2902/2902 2903/2903/2903 2904/2904/2904
f 2904/2904/2904 2905/2905/2905 2902/2902/2902
f 2903/2903/2903 2906/2906/2906 2907/2907/2907
f 2907/2907/2907 2904/2904/2904 2903/2903/2903
f 2908/2908/2908 2909/2909/2909 2910/2910/2910
f 2910/2910/2910 2911/2911/2911 2908/2908/2908
f 2909/2909/2909 2912/2912/2912 2913/2913/2913
f 2913/2913/2913 2910/2910/2910 2909/2909/2909
f 2912/2912/2912 2914/2914/2914 2915/2915/2915
f 2915/2915/2915 2913/2913/2913 2912/2912/2912
f 2914/2914/2914 2902/2902/2902 2905/2905/2905
f 2905/2905/2905 2915/2915/2915 2914/2914/2914
f 2916/2916/2916 2917/2917/2917 2918/2918/2918
f 2918/2918/2918 2919/2919/2919 2916/2916/2916
f 2917/2917/2917 2920/2920/2920 2921/2921/2921
f 2921/2921/2921 2918/2918/2918 2917/2917/2917
f 2922/2922/2922 2923/2923/2923 2924/2924/2924
f 2924/2924/2924 2925/2925/2925 2922/2922/2922
f 2923/2923/2923 2926/2926/2926 2927/2927/2927
f 2927/2927/2927 2924/2924/2924 2923/2923/2923
f 2926/2926/2926 2928/2928/2928 2929/2929/2929
f 2929/2929/2929 2927/2927/2927 2926/2926/2926
f 2928/2928/2928 2916/2916/2916 2919/2919/2919
f 2919/2919/2919 2929/2929/2929 2928/2928/2928
f 2930/2930/2930 2931/2931/2931 2932/2932/2932
f 2932/2932/2932 2933/2933/2933 2930/2930/2930
f 2934/2934/2934 2935/2935/2935 2936/2936/2936
f 2936/2936/2936 2937/2937/2937 2934/2934/2934
f 2935/2935/2935 2938/2938/2938 2939/2939/2939
f 2939/2939/2939 2936/2936/2936 2935/2935/2935
f 2938/2938/2938 2940/2940/2940 2941/2941/2941
f 2941/2941/2941 2939/2939/2939 2938/2938/2938
f 2940/2940/2940 2942/2942/2942 2943/2943/2943
f 2943/2943/2943 2941/2941/2941 2940/2940/2940
f 2942/2942/2942 2944/2944/2944 2945/2945/2945
f 2945/2945/2945 2943/2943/2943 2942/2942/2942
f 2944/2944/2944 2946/2946/2946 2947/2947/2947
f 2947/2947/2947 2945/2945/2945 2944/2944/2944
f 2946/2946/2946 2930/2930/2930 2933/2933/2933
f 2933/2933/2933 2947/2947/2947 2946/2946/2946
f 2948/2948/2948 2949/2949/2949 2950/2950/2950
f 2950/2950/2950 2951/2951/2951 2948/2948/2948
f 2949/2949/2949 2952/2952/2952 2953/2953/2953
f 2953/2953/2953 2950/2950/2950 2949/2949/2949
f 2954/2954/2954 2955/2955/2955 2956/2956/2956
f 2956/2956/2956 2957/2957/2957 2954/2954/2954
f 2955/2955/2955 2958/2958/2958 2959/2959/2959
f 2959/2959/2959 2956/2956/2956 2955/2955/2955
f 2958/2958/2958 2960/2960/2960 2961/2961/2961
f 2961/2961/2961 2959/2959/2959 2958/2958/2958
f 2960/2960/2960 2948/2948/2948 2951/2951/2951
f 2951/2951/2951 2961/2961/2961 2960/2960/2960
f 2962/2962/2962 2963/2963/2963 2964/2964/2964
f 2964/2964/2964 2965/2965/2965 2962/2962/2962
f 2963/2963/2963 2966/2966/2966 2967/2967/2967
f 2967/2967/2967 2964/2964/2964 2963/2963/2963
f 2968/2968/2968 2969/2969/2969 2970/2970/2970
f 2970/2970/2970 2971/2971/2971 2968/2968/2968
f 2969/2969/2969 2972/2972/2972 2973/2973/2973
f 2973/2973/2973 2970/2970/2970 2969/2969/2969
f 2972/2972/2972 2974/2974/2974 2975/2975/2975
f 2975/2975/2975 2973/2973/2973 2972/2972/2972
f 2974/2974/2974 2962/2962/2962 2965/2965/2965
f 2965/2965/2965 2975/2975/2975 2974/2974/2974
f 2976/2976/2976 2977/2977/2977 2978/2978/2978
f 2978/2978/2978 2979/2979/2979 2976/2976/2976
f 2977/2977/2977 2980/2980/2980 2981/2981/2981
f 2981/2981/2981 2978/2978/2978 2977/2977/2977
f 2982/2982/2982 2983/2983/2983 2984/2984/2984
f 2984/2984/2984 2985/2985/2985 2982/2982/2982
f 2983/2983/2983 2986/2986/2986 2987/2987/2987
f 2987/2987/2987 2984/2984/2984 2983/2983/2983
f 2986/2986/2986 2988/2988/2988 2989/2989/2989
f 2989/2989/2989 2987/2987/2987 2986/2986/2986
f 2988/2988/2988 2976/2976/2976 2979/2979/2979
f 2979/2979/2979 2989/2989/2989 2988/2988/2988
f 2990/2990/2990 2991/2991/2991 2992/2992/2992
f 2992/2992/2992 2993/2993/2993 2990/2990/2990
f 2991/2991/2991 2994/2994/2994 2995/2995/2995
f 2995/2995/2995 2992/2992/2992 2991/2991/2991
f 2996/2996/2996 2997/2997/2997 2998/2998/2998
f 2998/2998/2998 2999/2999/2999 2996/2996/2996
f 2997/2997/2997 3000/3000/3000 3001/3001/3001
f 3001/3001/3001 2998/2998/2998 2997/2997/2997
f 3000/3000/3000 3002/3002/3002 3003/3003/3003
f 3003/3003/3003 3001/3001/3001 3000/3000/3000
f 3002/3002/3002 2990/2990/2990 2993/2993/2993
f 2993/2993/2993 3003/3003/3003 3002/3002/3002
f 3004/3004/3004 3005/3005/3005 3006/3006/3006
f 3006/3006/3006 3007/3007/3007 3004/3004/3004
f 3005/3005/3005 3008/3008/3008 3009/3009/3009
f 3009/3009/3009 3006/3006/3006 3005/3005/3005
f 3010/3010/3010 3011/3011/3011 3012/3012/3012
f 3012/3012/3012 3013/3013/3013 3010/3010/3010
f 3011/3011/3011 3014/3014/3014 3015/3015/3015
f 3015/3015/3015 3012/3012/3012 3011/3011/3011
f 3014/3014/3014 3016/3016/3016 3017/3017/3017
f 3017/3017/3017 3015/3015/3015 3014/3014/3014
f 3016/3016/3016 3004/3004/3004 3007/3007/3007
f 3007/3007/3007 3017/3017/3017 3016/3016/3016
f 3018/3018/3018 3019/3019/3019 3020/3020/3020
f 3020/3020/3020 3021/3021/3021 3018/3018/3018
f 3019/3019/3019 3022/3022/3022 3023/3023/3023
f 3023/3023/3023 3020/3020/3020 3019/3019/3019
f 3024/3024/3024 3025/3025/3025 3026/3026/3026
f 3026/3026/3026 3027/3027/3027 3024/3024/3024
f 3025/3025/3025 3028/3028/3028 3029/3029/3029
f 3029/3029/3029 3026/3026/3026 3025/3025/3025
f 3028/3028/3028 3030/3030/3030 3031/3031/3031
f 3031/3031/3031 3029/3029/3029 3028/3028/3028
f 3030/3030/3030 3018/3018/3018 3021/3021/3021
f 3021/3021/3021 3031/3031/3031 3030/3030/3030
f 3032/3032/3032 3033/3033/3033 3034/3034/3034
f 3034/3034/3034 3035/3035/3035 3032/3032/3032
f 3033/3033/3033 3036/3036/3036 3037/3037/3037
f 3037/3037/3037 3034/3034/3034 3033/3033/3033
f 3038/3038/3038 3039/3039/3039 3040/3040/3040
f 3040/3040/3040 3041/3041/3041 3038/3038/3038
f 3039/3039/3039 3042/3042/3042 3043/3043/3043
f 3043/3043/3043 3040/3040/3040 3039/3039/3039
f 3042/3042/3042 3044/3044/3044 3045/3045/3045
f 3045/3045/3045 3043/3043/3043 3042/3042/3042
f 3044/3044/3044 3032/3032/3032 3035/3035/3035
f 3035/3035/3035 3045/3045/3045 3044/3044/3044
f 3046/3046/3046 3047/3047/3047 3048/3048/3048
f 3048/3048/3048 3049/3049/3049 3046/3046/3046
f 3047/3047/3047 3050/3050/3050 3051/3051/3051
f 3051/3051/3051 3048/3048/3048 3047/3047/3047
f 3052/3052/3052 3053/3053/3053 3054/3054/3054
f 3054/3054/3054 3055/3055/3055 3052/3052/3052
f 3053/3053/3053 3056/3056/3056 3057/3057/3057
f 3057/3057/3057 3054/3054/3054 3053/3053/3053
f 3056/3056/3056 3058/3058/3058 3059/3059/3059
f 3059/3059/3059 3057/3057/3057 3056/3056/3056
f 3058/3058/3058 3046/3046/3046 3049/3049/3049
f 3049/3049/3049 3059/3059/3059 3058/3058/3058
f 3060/3060/3060 3061/3061/3061 3062/3062/3062
f 3062/3062/3062 3063/3063/3063 3060/3060/3060
f 3061/3061/3061 3064/3064/3064 3065/3065/3065
f 3065/3065/3065 3062/3062/3062 3061/3061/3061
f 3066/3066/3066 3067/3067/3067 3068/3068/3068
f 3068/3068/3068 3069/3069/3069 3066/3066/3066
f 3067/3067/3067 3070/3070/3070 3071/3071/3071
f 3071/3071/3071 3068/3068/3068 3067/3067/3067
f 3070/3070/3070 3072/3072/3072 3073/3073/3073
f 3073/3073/3073 3071/3071/3071 3070/3070/3070
f 3072/3072/3072 3060/3060/3060 3063/3063/3063
f 3063/3063/3063 3073/3073/3073 3072/3072/3072
f 3074/3074/3074 3075/3075/3075 3076/3076/3076
f 3076/3076/3076 3077/3077/3077 3074/3074/3074
f 3075/3075/3075 3078/3078/3078 3079/3079/3079
f 3079/3079/3079 3076/3076/3076 3075/3075/3075
f 3080/3080/3080 3081/3081/3081 3082/3082/3082
f 3082/3082/3082 3083/3083/3083 3080/3080/3080
f 3081/3081/3081 3084/3084/3084 3085/3085/3085
f 3085/3085/3085 3082/3082/3082 3081/3081/3081
f 3084/3084/3084 3086/3086/3086 3087/3087/3087
f 3087/3087/3087 3085/3085/3085 3084/3084/3084
f 3086/3086/3086 3074/3074/3074 3077/3077/3077
f 3077/3077/3077 3087/3087/3087 3086/3086/3086
f 3088/3088/3088 3089/3089/3089 3090/3090/3090
f 3090/3090/3090 3091/3091/3091 3088/3088/3088
f 3089/3089/3089 3092/3092/3092 3093/3093/3093
f 3093/3093/3093 3090/3090/3090 3089/3089/3089
f 3094/3094/3094 3095/3095/3095 3096/3096/3096
f 3096/3096/3096 3097/3097/3097 3094/3094/3094
f 3095/3095/3095 3098/3098/3098 3099/3099/3099
f 3099/3099/3099 3096/3096/3096 3095/3095/3095
f 3098/3098/3098 3100/3100/3100 3101/3101/3101
f 3101/3101/3101 3099/3099/3099 3098/3098/3098
f 3100/3100/3100 3088/3088/3088 3091/3091/3091
f 3091/3091/3091 3101/3101/3101 3100/3100/3100
f 3102/3102/3102 3103/3103/3103 3104/3104/3104
f 3104/3104/3104 3105/3105/3105 3102/3102/3102
f 3103/3103/3103 3106/3106/3106 3107/3107/3107
f 3107/3107/3107 3104/3104/3104 3103/3103/3103
f 3108/3108/3108 3109/3109/3109 3110/3110/3110
f 3110/3110/3110 3111/3111/3111 3108/3108/3108
f 3109/3109/3109 3112/3112/3112 3113/3113/3113
f 3113/3113/3113 3110/3110/3110 3109/3109/3109
f 3112/3112/3112 3114/3114/3114 3115/3115/3115
f 3115/3115/3115 3113/3113/3113 3112/3112/3112
f 3114/3114/3114 3102/3102/3102 3105/3105/3105
f 3105/3105/3105 3115/3115/3115 3114/3114/3114
f 3116/3116/3116 3117/3117/3117 3118/3118/3118
f 3118/3118/3118 3119/3119/3119 3116/3116/3116
f 3117/3117/3117 3120/3120/3120 3121/3121/3121
f 3121/3121/3121 3118/3118/3118 3117/3117/3117
f 3122/3122/3122 3123/3123/3123 3124/3124/3124
f 3124/3124/3124 3125/3125/3125 3122/3122/3122
f 3123/3123/3123 3126/3126/3126 3127/3127/3127
f 3127/3127/3127 3124/3124/3124 3123/3123/3123
f 3126/3126/3126 3128/3128/3128 3129/3129/3129
f 3129/3129/3129 3127/3127/3127 3126/3126/3126
f 3128/3128/3128 3116/3116/3116 3119/3119/3119
f 3119/3119/3119 3129/3129/3129 3128/3128/3128
f 3130/3130/3130 3131/3131/3131 3132/3132/3132
f 3132/3132/3132 3133/3133/3133 3130/3130/3130
f 3131/3131/3131 3134/3134/3134 3135/3135/3135
f 3135/3135/3135 3132/3132/3132 3131/3131/3131
f 3136/3136/3136 3137/3137/3137 3138/3138/3138
f 3138/3138/3138 3139/3139/3139 3136/3136/3136
f 3137/3137/3137 3140/3140/3140 3141/3141/3141
f 3141/3141/3141 3138/3138/3138 3137/3137/3137
f 3140/3140/3140 3142/3142/3142 3143/3143/3143
f 3143/3143/3143 3141/3141/3141 3140/3140/3140
f 3142/3142/3142 3130/3130/3130 3133/3133/3133
f 3133/3133/3133 3143/3143/3143 3142/3142/3142
f 3144/3144/3144 3145/3145/3145 3146/3146/3146
f 3146/3146/3146 3147/3147/3147 3144/3144/3144
f 3148/3148/3148 3144/3144/3144 3147/3147/3147
f 3147/3147/3147 3149/3149/3149 3148/3148/3148
f 3150/3150/3150 3151/3151/3151 3152/3152/3152
f 3152/3152/3152 3153/3153/3153 3150/3150/3150
f 3154/3154/3154 3150/3150/3150 3153/3153/3153
f 3153/3153/3153 3155/3155/3155 3154/3154/3154
f 3145/3145/3145 3154/3154/3154 3155/3155/3155
f 3155/3155/3155 3146/3146/3146 3145/3145/3145
f 3156/3156/3156 3157/3157/3157 3158/3158/3158
f 3158/3158/3158 3159/3159/3159 3156/3156/3156
f 3160/3160/3160 3161/3161/3161 3162/3162/3162
f 3162/3162/3162 3163/3163/3163 3160/3160/3160
f 3164/3164/3164 3165/3165/3165 3166/3166/3166
f 3166/3166/3166 3167/3167/3167 3164/3164/3164
f 3168/3168/3168 3169/3169/3169 3170/3170/3170
f 3170/3170/3170 3171/3171/3171 3168/3168/3168
f 3172/3172/3172 3173/3173/3173 3174/3174/3174
f 3174/3174/3174 3175/3175/3175 3172/3172/3172
f 3176/3176/3176 3177/3177/3177 3178/3178/3178
f 3178/3178/3178 3179/3179/3179 3176/3176/3176
f 3180/3180/3180 3181/3181/3181 3182/3182/3182
f 3182/3182/3182 3183/3183/3183 3180/3180/3180
f 3184/3184/3184 3185/3185/3185 3186/3186/3186
f 3186/3186/3186 3187/3187/3187 3184/3184/3184
f 3188/3188/3188 3189/3189/3189 3190/3190/3190
f 3190/3190/3190 3191/3191/3191 3188/3188/3188
f 3192/3192/3192 3193/3193/3193 3194/3194/3194
f 3194/3194/3194 3195/3195/3195 3192/3192/3192
f 3196/3196/3196 3197/3197/3197 3198/3198/3198
f 3198/3198/3198 3199/3199/3199 3196/3196/3196
f 3200/3200/3200 3201/3201/3201 3197/3197/3197
f 3197/3197/3197 3196/3196/3196 3200/3200/3200
f 3202/3202/3202 3203/3203/3203 3201/3201/3201
f 3201/3201/3201 3200/3200/3200 3202/3202/3202
f 3204/3204/3204 3205/3205/3205 3203/3203/3203
f 3203/3203/3203 3202/3202/3202 3204/3204/3204
f 3206/3206/3206 3207/3207/3207 3205/3205/3205
f 3205/3205/3205 3204/3204/3204 3206/3206/3206
f 3208/3208/3208 3209/3209/3209 3207/3207/3207
f 3207/3207/3207 3206/3206/3206 3208/3208/3208
f 3210/3210/3210 3211/3211/3211 3209/3209/3209
f 3209/3209/3209 3208/3208/3208 3210/3210/3210
f 3212/3212/3212 3213/3213/3213 3211/3211/3211
f 3211/3211/3211 3210/3210/3210 3212/3212/3212
f 3214/3214/3214 3215/3215/3215 3213/3213/3213
f 3213/3213/3213 3212/3212/3212 3214/3214/3214
f 3216/3216/3216 3217/3217/3217 3215/3215/3215
f 3215/3215/3215 3214/3214/3214 3216/3216/3216
f 3218/3218/3218 3219/3219/3219 3217/3217/3217
f 3217/3217/3217 3216/3216/3216 3218/3218/3218
f 3220/3220/3220 3221/3221/3221 3219/3219/3219
f 3219/3219/3219 3218/3218/3218 3220/3220/3220
f 3222/3222/3222 3223/3223/3223 3221/3221/3221
f 3221/3221/3221 3220/3220/3220 3222/3222/3222
f 3224/3224/3224 3225/3225/3225 3223/3223/3223
f 3223/3223/3223 3222/3222/3222 3224/3224/3224
f 3226/3226/3226 3227/3227/3227 3225/3225/3225
f 3225/3225/3225 3224/3224/3224 3226/3226/3226
f 3228/3228/3228 3229/3229/3229 3227/3227/3227
f 3227/3227/3227 3226/3226/3226 3228/3228/3228
f 3230/3230/3230 3231/3231/3231 3229/3229/3229
f 3229/3229/3229 3228/3228/3228 3230/3230/3230
f 3232/3232/3232 3233/3233/3233 3231/3231/3231
f 3231/3231/3231 3230/3230/3230 3232/3232/3232
f 3234/3234/3234 3235/3235/3235 3233/3233/3233
f 3233/3233/3233 3232/3232/3232 3234/3234/3234
f 3236/3236/3236 3237/3237/3237 3235/3235/3235
f 3235/3235/3235 3234/3234/3234 3236/3236/3236
f 3238/3238/3238 3239/3239/3239 3237/3237/3237
f 3237/3237/3237 3236/3236/3236 3238/3238/3238
f 3240/3240/3240 3241/3241/3241 3239/3239/3239
f 3239/3239/3239 3238/3238/3238 3240/3240/3240
f 3242/3242/3242 3243/3243/3243 3241/3241/3241
f 3241/3241/3241 3240/3240/3240 3242/3242/3242
f 3199/3199/3199 3198/3198/3198 3243/3243/3243
f 3243/3243/3243 3242/3242/3242 3199/3199/3199
f 3244/3244/3244 3196/3196/3196 3199/3199/3199
f 3199/3199/3199 3245/3245/3245 3244/3244/3244
f 3246/3246/3246 3200/3200/3200 3196/3196/3196
f 3196/3196/3196 3244/3244/3244 3246/3246/3246
f 3247/3247/3247 3202/3202/3202 3200/3200/3200
f 3200/3200/3200 3246/3246/3246 3247/3247/3247
f 3248/3248/3248 3204/3204/3204 3202/3202/3202
f 3202/3202/3202 3247/3247/3247 3248/3248/3248
f 3249/3249/3249 3206/3206/3206 3204/3204/3204
f 3204/3204/3204 3248/3248/3248 3249/3249/3249
f 3250/3250/3250 3208/3208/3208 3206/3206/3206
f 3206/3206/3206 3249/3249/3249 3250/3250/3250
f 3251/3251/3251 3210/3210/3210 3208/3208/3208
f 3208/3208/3208 3250/3250/3250 3251/3251/3251
f 3252/3252/3252 3212/3212/3212 3210/3210/3210
f 3210/3210/3210 3251/3251/3251 3252/3252/3252
f 3253/3253/3253 3214/3214/3214 3212/3212/3212
f 3212/3212/3212 3252/3252/3252 3253/3253/3253
f 3254/3254/3254 3216/3216/3216 3214/3214/3214
f 3214/3214/3214 3253/3253/3253 3254/3254/3254
f 3255/3255/3255 3218/3218/3218 3216/3216/3216
f 3216/3216/3216 3254/3254/3254 3255/3255/3255
f 3256/3256/3256 3220/3220/3220 3218/3218/3218
f 3218/3218/3218 3255/3255/3255 3256/3256/3256
f 3257/3257/3257 3222/3222/3222 3220/3220/3220
f 3220/3220/3220 3256/3256/3256 3257/3257/3257
f 3258/3258/3258 3224/3224/3224 3222/3222/3222
f 3222/3222/3222 3257/3257/3257 3258/3258/3258
f 3259/3259/3259 3226/3226/3226 3224/3224/3224
f 3224/3224/3224 3258/3258/3258 3259/3259/3259
f 3260/3260/3260 3228/3228/3228 3226/3226/3226
f 3226/3226/3226 3259/3259/3259 3260/3260/3260
f 3261/3261/3261 3230/3230/3230 3228/3228/3228
f 3228/3228/3228 3260/3260/3260 3261/3261/3261
f 3262/3262/3262 3232/3232/3232 3230/3230/3230
f 3230/3230/3230 3261/3261/3261 3262/3262/3262
f 3263/3263/3263 3234/3234/3234 3232/3232/3232
f 3232/3232/3232 3262/3262/3262 3263/3263/3263
f 3264/3264/3264 3236/3236/3236 3234/3234/3234
f 3234/3234/3234 3263/3263/3263 3264/3264/3264
f 3265/3265/3265 3238/3238/3238 3236/3236/3236
f 3236/3236/3236 3264/3264/3264 3265/3265/3265
f 3266/3266/3266 3240/3240/3240 3238/3238/3238
f 3238/3238/3238 3265/3265/3265 3266/3266/3266
f 3267/3267/3267 3242/3242/3242 3240/3240/3240
f 3240/3240/3240 3266/3266/3266 3267/3267/3267
f 3245/3245/3245 3199/3199/3199 3242/3242/3242
f 3242/3242/3242 3267/3267/3267 3245/3245/3245
f 3268/3268/3268 3244/3244/3244 3245/3245/3245
f 3245/3245/3245 3269/3269/3269 3268/3268/3268
f 3270/3270/3270 3246/3246/3246 3244/3244/3244
f 3244/3244/3244 3268/3268/3268 3270/3270/3270
f 3271/3271/3271 3247/3247/3247 3246/3246/3246
f 3246/3246/3246 3270/3270/3270 3271/3271/3271
f 3272/3272/3272 3248/3248/3248 3247/3247/3247
f 3247/3247/3247 3271/3271/3271 3272/3272/3272
f 3273/3273/3273 3249/3249/3249 3248/3248/3248
f 3248/3248/3248 3272/3272/3272 3273/3273/3273
f 3274/3274/3274 3250/3250/3250 3249/3249/3249
f 3249/3249/3249 3273/3273/3273 3274/3274/3274
f 3275/3275/3275 3251/3251/3251 3250/3250/3250
f 3250/3250/3250 3274/3274/3274 3275/3275/3275
f 3276/3276/3276 3252/3252/3252 3251/3251/3251
f 3251/3251/3251 3275/3275/3275 3276/3276/3276
f 3277/3277/3277 3253/3253/3253 3252/3252/3252
f 3252/3252/3252 3276/3276/3276 3277/3277/3277
f 3278/3278/3278 3254/3254/3254 3253/3253/3253
f 3253/3253/3253 3277/3277/3277 3278/3278/3278
f 3279/3279/3279 3255/3255/3255 3254/3254/3254
f 3254/3254/3254 3278/3278/3278 3279/3279/3279
f 3280/3280/3280 3256/3256/3256 3255/3255/3255
f 3255/3255/3255 3279/3279/3279 3280/3280/3280
f 3281/3281/3281 3257/3257/3257 3256/3256/3256
f 3256/3256/3256 3280/3280/3280 3281/3281/3281
f 3282/3282/3282 3258/3258/3258 3257/3257/3257
f 3257/3257/3257 3281/3281/3281 3282/3282/3282
f 3283/3283/3283 3259/3259/3259 3258/3258/3258
f 3258/3258/3258 3282/3282/3282 3283/3283/3283
f 3284/3284/3284 3260/3260/3260 3259/3259/3259
f 3259/3259/3259 3283/3283/3283 3284/3284/3284
f 3285/3285/3285 3261/3261/3261 3260/3260/3260
f 3260/3260/3260 3284/3284/3284 3285/3285/3285
f 3286/3286/3286 3262/3262/3262 3261/3261/3261
f 3261/3261/3261 3285/3285/3285 3286/3286/3286
f 3287/3287/3287 3263/3263/3263 3262/3262/3262
f 3262/3262/3262 3286/3286/3286 3287/3287/3287
f 3288/3288/3288 3264/3264/3264 3263/3263/3263
f 3263/3263/3263 3287/3287/3287 3288/3288/3288
f 3289/3289/3289 3265/3265/3265 3264/3264/3264
f 3264/3264/3264 3288/3288/3288 3289/3289/3289
f 3290/3290/3290 3266/3266/3266 3265/3265/3265
f 3265/3265/3265 3289/3289/3289 3290/3290/3290
f 3291/3291/3291 3267/3267/3267 3266/3266/3266
f 3266/3266/3266 3290/3290/3290 3291/3291/3291
f 3269/3269/3269 3245/3245/3245 3267/3267/3267
f 3267/3267/3267 3291/3291/3291 3269/3269/3269
f 3292/3292/3292 3268/3268/3268 3269/3269/3269
f 3269/3269/3269 3293/3293/3293 3292/3292/3292
f 3294/3294/3294 3270/3270/3270 3268/3268/3268
f 3268/3268/3268 3292/3292/3292 3294/3294/3294
f 3295/3295/3295 3271/3271/3271 3270/3270/3270
f 3270/3270/3270 3294/3294/3294 3295/3295/3295
f 3296/3296/3296 3272/3272/3272 3271/3271/3271
f 3271/3271/3271 3295/3295/3295 3296/3296/3296
f 3297/3297/3297 3273/3273/3273 3272/3272/3272
f 3272/3272/3272 3296/3296/3296 3297/3297/3297
f 3298/3298/3298 3274/3274/3274 3273/3273/3273
f 3273/3273/3273 3297/3297/3297 3298/3298/3298
f 3299/3299/3299 3275/3275/3275 3274/3274/3274
f 3274/3274/3274 3298/3298/3298 3299/3299/3299
f 3300/3300/3300 3276/3276/3276 3275/3275/3275
f 3275/3275/3275 3299/3299/3299 3300/3300/3300
f 3301/3301/3301 3277/3277/3277 3276/3276/3276
f 3276/3276/3276 3300/3300/3300 3301/3301/3301
f 3302/3302/3302 3278/3278/3278 3277/3277/3277
f 3277/3277/3277 3301/3301/3301 3302/3302/3302
f 3303/3303/3303 3279/3279/3279 3278/3278/3278
f 3278/3278/3278 3302/3302/3302 3303/3303/3303
f 3304/3304/3304 3280/3280/3280 3279/3279/3279
f 3279/3279/3279 3303/3303/3303 3304/3304/3304
f 3305/3305/3305 3281/3281/3281 3280/3280/3280
f 3280/3280/3280 3304/3304/3304 3305/3305/3305
f 3306/3306/3306 3282/3282/3282 3281/3281/3281
f 3281/3281/3281 3305/3305/3305 3306/3306/3306
f 3307/3307/3307 3283/3283/3283 3282/3282/3282
f 3282/3282/3282 3306/3306/3306 3307/3307/3307
f 3308/3308/3308 3284/3284/3284 3283/3283/3283
f 3283/3283/3283 3307/3307/3307 3308/3308/3308
f 3309/3309/3309 3285/3285/3285 3284/3284/3284
f 3284/3284/3284 3308/3308/3308 3309/3309/3309
f 3310/3310/3310 3286/3286/3286 3285/3285/3285
f 3285/3285/3285 3309/3309/3309 3310/3310/3310
f 3311/3311/3311 3287/3287/3287 3286/3286/3286
f 3286/3286/3286 3310/3310/3310 3311/3311/3311
f 3312/3312/3312 3288/3288/3288 3287/3287/3287
f 3287/3287/3287 3311/3311/3311 3312/3312/3312
f 3313/3313/3313 3289/3289/3289 3288/3288/3288
f 3288/3288/3288 3312/3312/3312 3313/3313/3313
f 3314/3314/3314 3290/3290/3290 3289/3289/3289
f 3289/3289/3289 3313/3313/3313 3314/3314/3314
f 3315/3315/3315 3291/3291/3291 3290/3290/3290
f 3290/3290/3290 3314/3314/3314 3315/3315/3315
f 3293/3293/3293 3269/3269/3269 3291/3291/3291
f 3291/3291/3291 3315/3315/3315 3293/3293/3293
f 3316/3316/3316 3292/3292/3292 3293/3293/3293
f 3316/3316/3316 3294/3294/3294 3292/3292/3292
f 3316/3316/3316 3295/3295/3295 3294/3294/3294
f 3316/3316/3316 3296/3296/3296 3295/3295/3295
f 3316/3316/3316 3297/3297/3297 3296/3296/3296
f 3316/3316/3316 3298/3298/3298 3297/3297/3297
f 3316/3316/3316 3299/3299/3299 3298/3298/3298
f 3316/3316/3316 3300/3300/3300 3299/3299/3299
f 3316/3316/3316 3301/3301/3301 3300/3300/3300
f 3316/3316/3316 3302/3302/3302 3301/3301/3301
f 3316/3316/3316 3303/3303/3303 3302/3302/3302
f 3316/3316/3316 3304/3304/3304 3303/3303/3303
f 3316/3316/3316 3305/3305/3305 3304/3304/3304
f 3316/3316/3316 3306/3306/3306 3305/3305/3305
f 3316/3316/3316 3307/3307/3307 3306/3306/3306
f 3316/3316/3316 3308/3308/3308 3307/3307/3307
f 3316/3316/3316 3309/3309/3309 3308/3308/3308
f 3316/3316/3316 3310/3310/3310 3309/3309/3309
f 3316/3316/3316 3311/3311/3311 3310/3310/3310
f 3316/3316/3316 3312/3312/3312 3311/3311/3311
f 3316/3316/3316 3313/3313/3313 3312/3312/3312
f 3316/3316/3316 3314/3314/3314 3313/3313/3313
f 3316/3316/3316 3315/3315/3315 3314/3314/3314
f 3316/3316/3316 3293/3293/3293 3315/3315/3315
f 3317/3317/3317 3318/3318/3318 3319/3319/3319
f 3319/3319/3319 3320/3320/3320 3317/3317/3317
f 3318/3318/3318 3321/3321/3321 3322/3322/3322
f 3322/3322/3322 3319/3319/3319 3318/3318/3318
f 3321/3321/3321 3323/3323/3323 3324/3324/3324
f 3324/3324/3324 3322/3322/3322 3321/3321/3321
f 3323/3323/3323 3325/3325/3325 3326/3326/3326
f 3326/3326/3326 3324/3324/3324 3323/3323/3323
f 3325/3325/3325 3327/3327/3327 3328/3328/3328
f 3328/3328/3328 3326/3326/3326 3325/3325/3325
f 3327/3327/3327 3329/3329/3329 3330/3330/3330
f 3330/3330/3330 3328/3328/3328 3327/3327/3327
f 3329/3329/3329 3331/3331/3331 3332/3332/3332
f 3332/3332/3332 3330/3330/3330 3329/3329/3329
f 3331/3331/3331 3333/3333/3333 3334/3334/3334
f 3334/3334/3334 3332/3332/3332 3331/3331/3331
f 3333/3333/3333 3335/3335/3335 3336/3336/3336
f 3336/3336/3336 3334/3334/3334 3333/3333/3333
f 3335/3335/3335 3337/3337/3337 3338/3338/3338
f 3338/3338/3338 3336/3336/3336 3335/3335/3335
f 3337/3337/3337 3339/3339/3339 3340/3340/3340
f 3340/3340/3340 3338/3338/3338 3337/3337/3337
f 3339/3339/3339 3341/3341/3341 3342/3342/3342
f 3342/3342/3342 3340/3340/3340 3339/3339/3339
f 3341/3341/3341 3343/3343/3343 3344/3344/3344
f 3344/3344/3344 3342/3342/3342 3341/3341/3341
f 3343/3343/3343 3345/3345/3345 3346/3346/3346
f 3346/3346/3346 3344/3344/3344 3343/3343/3343
f 3345/3345/3345 3347/3347/3347 3348/3348/3348
f 3348/3348/3348 3346/3346/3346 3345/3345/3345
f 3347/3347/3347 3349/3349/3349 3350/3350/3350
f 3350/3350/3350 3348/3348/3348 3347/3347/3347
f 3349/3349/3349 3351/3351/3351 3352/3352/3352
f 3352/3352/3352 3350/3350/3350 3349/3349/3349
f 3351/3351/3351 3353/3353/3353 3354/3354/3354
f 3354/3354/3354 3352/3352/3352 3351/3351/3351
f 3353/3353/3353 3355/3355/3355 3356/3356/3356
f 3356/3356/3356 3354/3354/3354 3353/3353/3353
f 3355/3355/3355 3357/3357/3357 3358/3358/3358
f 3358/3358/3358 3356/3356/3356 3355/3355/3355
f 3357/3357/3357 3359/3359/3359 3360/3360/3360
f 3360/3360/3360 3358/3358/3358 3357/3357/3357
f 3359/3359/3359 3361/3361/3361 3362/3362/3362
f 3362/3362/3362 3360/3360/3360 3359/3359/3359
f 3361/3361/3361 3363/3363/3363 3364/3364/3364
f 3364/3364/3364 3362/3362/3362 3361/3361/3361
f 3363/3363/3363 3317/3317/3317 3320/3320/3320
f 3320/3320/3320 3364/3364/3364 3363/3363/3363
f 3320/3320/3320 3319/3319/3319 3365/3365/3365
f 3365/3365/3365 3366/3366/3366 3320/3320/3320
f 3319/3319/3319 3322/3322/3322 3367/3367/3367
f 3367/3367/3367 3365/3365/3365 3319/3319/3319
f 3322/3322/3322 3324/3324/3324 3368/3368/3368
f 3368/3368/3368 3367/3367/3367 3322/3322/3322
f 3324/3324/3324 3326/3326/3326 3369/3369/3369
f 3369/3369/3369 3368/3368/3368 3324/3324/3324
f 3326/3326/3326 3328/3328/3328 3370/3370/3370
f 3370/3370/3370 3369/3369/3369 3326/3326/3326
f 3328/3328/3328 3330/3330/3330 3371/3371/3371
f 3371/3371/3371 3370/3370/3370 3328/3328/3328
f 3330/3330/3330 3332/3332/3332 3372/3372/3372
f 3372/3372/3372 3371/3371/3371 3330/3330/3330
f 3332/3332/3332 3334/3334/3334 3373/3373/3373
f 3373/3373/3373 3372/3372/3372 3332/3332/3332
f 3334/3334/3334 3336/3336/3336 3374/3374/3374
f 3374/3374/3374 3373/3373/3373 3334/3334/3334
f 3336/3336/3336 3338/3338/3338 3375/3375/3375
f 3375/3375/3375 3374/3374/3374 3336/3336/3336
f 3338/3338/3338 3340/3340/3340 3376/3376/3376
f 3376/3376/3376 3375/3375/3375 3338/3338/3338
f 3340/3340/3340 3342/3342/3342 3377/3377/3377
f 3377/3377/3377 3376/3376/3376 3340/3340/3340
f 3342/3342/3342 3344/3344/3344 3378/3378/3378
f 3378/3378/3378 3377/3377/3377 3342/3342/3342
f 3344/3344/3344 3346/3346/3346 3379/3379/3379
f 3379/3379/3379 3378/3378/3378 3344/3344/3344
f 3346/3346/3346 3348/3348/3348 3380/3380/3380
f 3380/3380/3380 3379/3379/3379 3346/3346/3346
f 3348/3348/3348 3350/3350/3350 3381/3381/3381
f 3381/3381/3381 3380/3380/3380 3348/3348/3348
f 3350/3350/3350 3352/3352/3352 3382/3382/3382
f 3382/3382/3382 3381/3381/3381 3350/3350/3350
f 3352/3352/3352 3354/3354/3354 3383/3383/3383
f 3383/3383/3383 3382/3382/3382 3352/3352/3352
f 3354/3354/3354 3356/3356/3356 3384/3384/3384
f 3384/3384/3384 3383/3383/3383 3354/3354/3354
f 3356/3356/3356 3358/3358/3358 3385/3385/3385
f 3385/3385/3385 3384/3384/3384 3356/3356/3356
f 3358/3358/3358 3360/3360/3360 3386/3386/3386
f 3386/3386/3386 3385/3385/3385 3358/3358/3358
f 3360/3360/3360 3362/3362/3362 3387/3387/3387
f 3387/3387/3387 3386/3386/3386 3360/3360/3360
f 3362/3362/3362 3364/3364/3364 3388/3388/3388
f 3388/3388/3388 3387/3387/3387 3362/3362/3362
f 3364/3364/3364 3320/3320/3320 3366/3366/3366
f 3366/3366/3366 3388/3388/3388 3364/3364/3364
f 3366/3366/3366 3365/3365/3365 3389/3389/3389
f 3389/3389/3389 3390/3390/3390 3366/3366/3366
f 3365/3365/3365 3367/3367/3367 3391/3391/3391
f 3391/3391/3391 3389/3389/3389 3365/3365/3365
f 3367/3367/3367 3368/3368/3368 3392/3392/3392
f 3392/3392/3392 3391/3391/3391 3367/3367/3367
f 3368/3368/3368 3369/3369/3369 3393/3393/3393
f 3393/3393/3393 3392/3392/3392 3368/3368/3368
f 3369/3369/3369 3370/3370/3370 3394/3394/3394
f 3394/3394/3394 3393/3393/3393 3369/3369/3369
f 3370/3370/3370 3371/3371/3371 3395/3395/3395
f 3395/3395/3395 3394/3394/3394 3370/3370/3370
f 3371/3371/3371 3372/3372/3372 3396/3396/3396
f 3396/3396/3396 3395/3395/3395 3371/3371/3371
f 3372/3372/3372 3373/3373/3373 3397/3397/3397
f 3397/3397/3397 3396/3396/3396 3372/3372/3372
f 3373/3373/3373 3374/3374/3374 3398/3398/3398
f 3398/3398/3398 3397/3397/3397 3373/3373/3373
f 3374/3374/3374 3375/3375/3375 3399/3399/3399
f 3399/3399/3399 3398/3398/3398 3374/3374/3374
f 3375/3375/3375 3376/3376/3376 3400/3400/3400
f 3400/3400/3400 3399/3399/3399 3375/3375/3375
f 3376/3376/3376 3377/3377/3377 3401/3401/3401
f 3401/3401/3401 3400/3400/3400 3376/3376/3376
f 3377/3377/3377 3378/3378/3378 3402/3402/3402
f 3402/3402/3402 3401/3401/3401 3377/3377/3377
f 3378/3378/3378 3379/3379/3379 3403/3403/3403
f 3403/3403/3403 3402/3402/3402 3378/3378/3378
f 3379/3379/3379 3380/3380/3380 3404/3404/3404
f 3404/3404/3404 3403/3403/3403 3379/3379/3379
f 3380/3380/3380 3381/3381/3381 3405/3405/3405
f 3405/3405/3405 3404/3404/3404 3380/3380/3380
f 3381/3381/3381 3382/3382/3382 3406/3406/3406
f 3406/3406/3406 3405/3405/3405 3381/3381/3381
f 3382/3382/3382 3383/3383/3383 3407/3407/3407
f 3407/3407/3407 3406/3406/3406 3382/3382/3382
f 3383/3383/3383 3384/3384/3384 3408/3408/3408
f 3408/3408/3408 3407/3407/3407 3383/3383/3383
f 3384/3384/3384 3385/3385/3385 3409/3409/3409
f 3409/3409/3409 3408/3408/3408 3384/3384/3384
f 3385/3385/3385 3386/3386/3386 3410/3410/3410
f 3410/3410/3410 3409/3409/3409 3385/3385/3385
f 3386/3386/3386 3387/3387/3387 3411/3411/3411
f 3411/3411/3411 3410/3410/3410 3386/3386/3386
f 3387/3387/3387 3388/3388/3388 3412/3412/3412
f 3412/3412/3412 3411/3411/3411 3387/3387/3387
f 3388/3388/3388 3366/3366/3366 3390/3390/3390
f 3390/3390/3390 3412/3412/3412 3388/3388/3388
f 3390/3390/3390 3389/3389/3389 3413/3413/3413
f 3413/3413/3413 3414/3414/3414 3390/3390/3390
f 3389/3389/3389 3391/3391/3391 3415/3415/3415
f 3415/3415/3415 3413/3413/3413 3389/3389/3389
f 3391/3391/3391 3392/3392/3392 3416/3416/3416
f 3416/3416/3416 3415/3415/3415 3391/3391/3391
f 3392/3392/3392 3393/3393/3393 3417/3417/3417
f 3417/3417/3417 3416/3416/3416 3392/3392/3392
f 3393/3393/3393 3394/3394/3394 3418/3418/3418
f 3418/3418/3418 3417/3417/3417 3393/3393/3393
f 3394/3394/3394 3395/3395/3395 3419/3419/3419
f 3419/3419/3419 3418/3418/3418 3394/3394/3394
f 3395/3395/3395 3396/3396/3396 3420/3420/3420
f 3420/3420/3420 3419/3419/3419 3395/3395/3395
f 3396/3396/3396 3397/3397/3397 3421/3421/3421
f 3421/3421/3421 3420/3420/3420 3396/3396/3396
f 3397/3397/3397 3398/3398/3398 3422/3422/3422
f 3422/3422/3422 3421/3421/3421 3397/3397/3397
f 3398/3398/3398 3399/3399/3399 3423/3423/3423
f 3423/3423/3423 3422/3422/3422 3398/3398/3398
f 3399/3399/3399 3400/3400/3400 3424/3424/3424
f 3424/3424/3424 3423/3423/3423 3399/3399/3399
f 3400/3400/3400 3401/3401/3401 3425/3425/3425
f 3425/3425/3425 3424/3424/3424 3400/3400/3400
f 3401/3401/3401 3402/3402/3402 3426/3426/3426
f 3426/3426/3426 3425/3425/3425 3401/3401/3401
f 3402/3402/3402 3403/3403/3403 3427/3427/3427
f 3427/3427/3427 3426/3426/3426 3402/3402/3402
f 3403/3403/3403 3404/3404/3404 3428/3428/3428
f 3428/3428/3428 3427/3427/3427 3403/3403/3403
f 3404/3404/3404 3405/3405/3405 3429/3429/3429
f 3429/3429/3429 3428/3428/3428 3404/3404/3404
f 3405/3405/3405 3406/3406/3406 3430/3430/3430
f 3430/3430/3430 3429/3429/3429 3405/3405/3405
f 3406/3406/3406 3407/3407/3407 3431/3431/3431
f 3431/3431/3431 3430/3430/3430 3406/3406/3406
f 3407/3407/3407 3408/3408/3408 3432/3432/3432
f 3432/3432/3432 3431/3431/3431 3407/3407/3407
f 3408/3408/3408 3409/3409/3409 3433/3433/3433
f 3433/3433/3433 3432/3432/3432 3408/3408/3408
f 3409/3409/3409 3410/3410/3410 3434/3434/3434
f 3434/3434/3434 3433/3433/3433 3409/3409/3409
f 3410/3410/3410 3411/3411/3411 3435/3435/3435
f 3435/3435/3435 3434/3434/3434 3410/3410/3410
f 3411/3411/3411 3412/3412/3412 3436/3436/3436
f 3436/3436/3436 3435/3435/3435 3411/3411/3411
f 3412/3412/3412 3390/3390/3390 3414/3414/3414
f 3414/3414/3414 3436/3436/3436 3412/3412/3412
f 3414/3414/3414 3413/3413/3413 3437/3437/3437
f 3413/3413/3413 3415/3415/3415 3437/3437/3437
f 3415/3415/3415 3416/3416/3416 3437/3437/3437
f 3416/3416/3416 3417/3417/3417 3437/3437/3437
f 3417/3417/3417 3418/3418/3418 3437/3437/3437
f 3418/3418/3418 3419/3419/3419 3437/3437/3437
f 3419/3419/3419 3420/3420/3420 3437/3437/3437
f 3420/3420/3420 3421/3421/3421 3437/3437/3437
f 3421/3421/3421 3422/3422/3422 3437/3437/3437
f 3422/3422/3422 3423/3423/3423 3437/3437/3437
f 3423/3423/3423 3424/3424/3424 3437/3437/3437
f 3424/3424/3424 3425/3425/3425 3437/3437/3437
f 3425/3425/3425 3426/3426/3426 3437/3437/3437
f 3426/3426/3426 3427/3427/3427 3437/3437/3437
f 3427/3427/3427 3428/3428/3428 3437/3437/3437
f 3428/3428/3428 3429/3429/3429 3437/3437/3437
f 3429/3429/3429 3430/3430/3430 3437/3437/3437
f 3430/3430/3430 3431/3431/3431 3437/3437/3437
f 3431/3431/3431 3432/3432/3432 3437/3437/3437
f 3432/3432/3432 3433/3433/3433 3437/3437/3437
f 3433/3433/3433 3434/3434/3434 3437/3437/3437
f 3434/3434/3434 3435/3435/3435 3437/3437/3437
f 3435/3435/3435 3436/3436/3436 3437/3437/3437
f 3436/3436/3436 3414/3414/3414 3437/3437/3437
f 3438/3438/3438 3439/3439/3439 3440/3440/3440
f 3440/3440/3440 3441/3441/3441 3438/3438/3438
f 3439/3439/3439 3442/3442/3442 3443/3443/3443
f 3443/3443/3443 3440/3440/3440 3439/3439/3439
f 3442/3442/3442 3444/3444/3444 3445/3445/3445
f 3445/3445/3445 3443/3443/3443 3442/3442/3442
f 3444/3444/3444 3446/3446/3446 3447/3447/3447
f 3447/3447/3447 3445/3445/3445 3444/3444/3444
f 3446/3446/3446 3448/3448/3448 3449/3449/3449
f 3449/3449/3449 3447/3447/3447 3446/3446/3446
f 3448/3448/3448 3450/3450/3450 3451/3451/3451
f 3451/3451/3451 3449/3449/3449 3448/3448/3448
f 3450/3450/3450 3452/3452/3452 3453/3453/3453
f 3453/3453/3453 3451/3451/3451 3450/3450/3450
f 3452/3452/3452 3454/3454/3454 3455/3455/3455
f 3455/3455/3455 3453/3453/3453 3452/3452/3452
f 3454/3454/3454 3456/3456/3456 3457/3457/3457
f 3457/3457/3457 3455/3455/3455 3454/3454/3454
f 3456/3456/3456 3458/3458/3458 3459/3459/3459
f 3459/3459/3459 3457/3457/3457 3456/3456/3456
f 3458/3458/3458 3460/3460/3460 3461/3461/3461
f 3461/3461/3461 3459/3459/3459 3458/3458/3458
f 3460/3460/3460 3462/3462/3462 3463/3463/3463
f 3463/3463/3463 3461/3461/3461 3460/3460/3460
f 3462/3462/3462 3464/3464/3464 3465/3465/3465
f 3465/3465/3465 3463/3463/3463 3462/3462/3462
f 3464/3464/3464 3466/3466/3466 3467/3467/3467
f 3467/3467/3467 3465/3465/3465 3464/3464/3464
f 3466/3466/3466 3468/3468/3468 3469/3469/3469
f 3469/3469/3469 3467/3467/3467 3466/3466/3466
f 3468/3468/3468 3470/3470/3470 3471/3471/3471
f 3471/3471/3471 3469/3469/3469 3468/3468/3468
f 3470/3470/3470 3472/3472/3472 3473/3473/3473
f 3473/3473/3473 3471/3471/3471 3470/3470/3470
f 3472/3472/3472 3474/3474/3474 3475/3475/3475
f 3475/3475/3475 3473/3473/3473 3472/3472/3472
f 3474/3474/3474 3476/3476/3476 3477/3477/3477
f 3477/3477/3477 3475/3475/3475 3474/3474/3474
f 3476/3476/3476 3478/3478/3478 3479/3479/3479
f 3479/3479/3479 3477/3477/3477 3476/3476/3476
f 3478/3478/3478 3480/3480/3480 3481/3481/3481
f 3481/3481/3481 3479/3479/3479 3478/3478/3478
f 3480/3480/3480 3482/3482/3482 3483/3483/3483
f 3483/3483/3483 3481/3481/3481 3480/3480/3480
f 3482/3482/3482 3484/3484/3484 3485/3485/3485
f 3485/3485/3485 3483/3483/3483 3482/3482/3482
f 3484/3484/3484 3438/3438/3438 3441/3441/3441
f 3441/3441/3441 3485/3485/3485 3484/3484/3484
f 3486/3486/3486 3487/3487/3487 3488/3488/3488
f 3488/3488/3488 3489/3489/3489 3486/3486/3486
f 3487/3487/3487 3490/3490/3490 3491/3491/3491
f 3491/3491/3491 3488/3488/3488 3487/3487/3487
f 3490/3490/3490 3492/3492/3492 3493/3493/3493
f 3493/3493/3493 3491/3491/3491 3490/3490/3490
f 3492/3492/3492 3494/3494/3494 3495/3495/3495
f 3495/3495/3495 3493/3493/3493 3492/3492/3492
f 3494/3494/3494 3486/3486/3486 3489/3489/3489
f 3489/3489/3489 3495/3495/3495 3494/3494/3494
f 3496/3496/3496 3497/3497/3497 3498/3498/3498
f 3498/3498/3498 3499/3499/3499 3496/3496/3496
f 3500/3500/3500 3501/3501/3501 3502/3502/3502
f 3502/3502/3502 3503/3503/3503 3500/3500/3500
f 3497/3497/3497 3504/3504/3504 3505/3505/3505
f 3505/3505/3505 3498/3498/3498 3497/3497/3497
f 3506/3506/3506 3500/3500/3500 3503/3503/3503
f 3503/3503/3503 3507/3507/3507 3506/3506/3506
f 3504/3504/3504 3508/3508/3508 3509/3509/3509
f 3509/3509/3509 3505/3505/3505 3504/3504/3504
f 3510/3510/3510 3506/3506/3506 3507/3507/3507
f 3507/3507/3507 3511/3511/3511 3510/3510/3510
f 3508/3508/3508 3512/3512/3512 3513/3513/3513
f 3513/3513/3513 3509/3509/3509 3508/3508/3508
f 3514/3514/3514 3510/3510/3510 3511/3511/3511
f 3511/3511/3511 3515/3515/3515 3514/3514/3514
f 3512/3512/3512 3496/3496/3496 3499/3499/3499
f 3499/3499/3499 3513/3513/3513 3512/3512/3512
f 3501/3501/3501 3514/3514/3514 3515/3515/3515
f 3515/3515/3515 3502/3502/3502 3501/3501/3501
f 3516/3516/3516 3517/3517/3517 3518/3518/3518
f 3518/3518/3518 3519/3519/3519 3516/3516/3516
f 3519/3519/3519 3518/3518/3518 3520/3520/3520
f 3520/3520/3520 3521/3521/3521 3519/3519/3519
f 3521/3521/3521 3520/3520/3520 3522/3522/3522
f 3522/3522/3522 3523/3523/3523 3521/3521/3521
f 3523/3523/3523 3522/3522/3522 3524/3524/3524
f 3524/3524/3524 3525/3525/3525 3523/3523/3523
f 3525/3525/3525 3524/3524/3524 3517/3517/3517
f 3517/3517/3517 3516/3516/3516 3525/3525/3525
f 3526/3526/3526 3527/3527/3527 3528/3528/3528
f 3527/3527/3527 3529/3529/3529 3528/3528/3528
f 3529/3529/3529 3530/3530/3530 3528/3528/3528
f 3530/3530/3530 3531/3531/3531 3528/3528/3528
f 3531/3531/3531 3526/3526/3526 3528/3528/3528
f 3516/3516/3516 3519/3519/3519 3527/3527/3527
f 3527/3527/3527 3526/3526/3526 3516/3516/3516
f 3519/3519/3519 3521/3521/3521 3529/3529/3529
f 3529/3529/3529 3527/3527/3527 3519/3519/3519
f 3521/3521/3521 3523/3523/3523 3530/3530/3530
f 3530/3530/3530 3529/3529/3529 3521/3521/3521
f 3523/3523/3523 3525/3525/3525 3531/3531/3531
f 3531/3531/3531 3530/3530/3530 3523/3523/3523
f 3525/3525/3525 3516/3516/3516 3526/3526/3526
f 3526/3526/3526 3531/3531/3531 3525/3525/3525
f 3532/3532/3532 3533/3533/3533 3534/3534/3534
f 3534/3534/3534 3535/3535/3535 3532/3532/3532
f 3536/3536/3536 3532/3532/3532 3535/3535/3535
f 3535/3535/3535 3537/3537/3537 3536/3536/3536
f 3538/3538/3538 3539/3539/3539 3540/3540/3540
f 3540/3540/3540 3541/3541/3541 3538/3538/3538
f 3542/3542/3542 3538/3538/3538 3541/3541/3541
f 3541/3541/3541 3543/3543/3543 3542/3542/3542
f 3533/3533/3533 3542/3542/3542 3543/3543/3543
f 3543/3543/3543 3534/3534/3534 3533/3533/3533
f 3544/3544/3544 3545/3545/3545 3546/3546/3546
f 3546/3546/3546 3547/3547/3547 3544/3544/3544
f 3548/3548/3548 3549/3549/3549 3550/3550/3550
f 3550/3550/3550 3551/3551/3551 3548/3548/3548
f 3552/3552/3552 3553/3553/3553 3554/3554/3554
f 3554/3554/3554 3555/3555/3555 3552/3552/3552
f 3556/3556/3556 3557/3557/3557 3558/3558/3558
f 3558/3558/3558 3559/3559/3559 3556/3556/3556
f 3560/3560/3560 3561/3561/3561 3562/3562/3562
f 3562/3562/3562 3563/3563/3563 3560/3560/3560
f 3564/3564/3564 3565/3565/3565 3566/3566/3566
f 3566/3566/3566 3567/3567/3567 3564/3564/3564
f 3568/3568/3568 3569/3569/3569 3570/3570/3570
f 3570/3570/3570 3571/3571/3571 3568/3568/3568
f 3572/3572/3572 3573/3573/3573 3574/3574/3574
f 3574/3574/3574 3575/3575/3575 3572/3572/3572
f 3576/3576/3576 3577/3577/3577 3578/3578/3578
f 3578/3578/3578 3579/3579/3579 3576/3576/3576
f 3580/3580/3580 3581/3581/3581 3582/3582/3582
f 3582/3582/3582 3583/3583/3583 3580/3580/3580
f 3584/3584/3584 3585/3585/3585 3586/3586/3586
f 3586/3586/3586 3587/3587/3587 3584/3584/3584
f 3588/3588/3588 3589/3589/3589 3585/3585/3585
f 3585/3585/3585 3584/3584/3584 3588/3588/3588
f 3590/3590/3590 3591/3591/3591 3589/3589/3589
f 3589/3589/3589 3588/3588/3588 3590/3590/3590
f 3592/3592/3592 3593/3593/3593 3591/3591/3591
f 3591/3591/3591 3590/3590/3590 3592/3592/3592
f 3594/3594/3594 3595/3595/3595 3593/3593/3593
f 3593/3593/3593 3592/3592/3592 3594/3594/3594
f 3596/3596/3596 3597/3597/3597 3595/3595/3595
f 3595/3595/3595 3594/3594/3594 3596/3596/3596
f 3598/3598/3598 3599/3599/3599 3597/3597/3597
f 3597/3597/3597 3596/3596/3596 3598/3598/3598
f 3600/3600/3600 3601/3601/3601 3599/3599/3599
f 3599/3599/3599 3598/3598/3598 3600/3600/3600
f 3602/3602/3602 3603/3603/3603 3601/3601/3601
f 3601/3601/3601 3600/3600/3600 3602/3602/3602
f 3604/3604/3604 3605/3605/3605 3603/3603/3603
f 3603/3603/3603 3602/3602/3602 3604/3604/3604
f 3606/3606/3606 3607/3607/3607 3605/3605/3605
f 3605/3605/3605 3604/3604/3604 3606/3606/3606
f 3608/3608/3608 3609/3609/3609 3607/3607/3607
f 3607/3607/3607 3606/3606/3606 3608/3608/3608
f 3610/3610/3610 3611/3611/3611 3609/3609/3609
f 3609/3609/3609 3608/3608/3608 3610/3610/3610
f 3612/3612/3612 3613/3613/3613 3611/3611/3611
f 3611/3611/3611 3610/3610/3610 3612/3612/3612
f 3614/3614/3614 3615/3615/3615 3613/3613/3613
f 3613/3613/3613 3612/3612/3612 3614/3614/3614
f 3616/3616/3616 3617/3617/3617 3615/3615/3615
f 3615/3615/3615 3614/3614/3614 3616/3616/3616
f 3618/3618/3618 3619/3619/3619 3617/3617/3617
f 3617/3617/3617 3616/3616/3616 3618/3618/3618
f 3620/3620/3620 3621/3621/3621 3619/3619/3619
f 3619/3619/3619 3618/3618/3618 3620/3620/3620
f 3622/3622/3622 3623/3623/3623 3621/3621/3621
f 3621/3621/3621 3620/3620/3620 3622/3622/3622
f 3624/3624/3624 3625/3625/3625 3623/3623/3623
f 3623/3623/3623 3622/3622/3622 3624/3624/3624
f 3626/3626/3626 3627/3627/3627 3625/3625/3625
f 3625/3625/3625 3624/3624/3624 3626/3626/3626
f 3628/3628/3628 3629/3629/3629 3627/3627/3627
f 3627/3627/3627 3626/3626/3626 3628/3628/3628
f 3630/3630/3630 3631/3631/3631 3629/3629/3629
f 3629/3629/3629 3628/3628/3628 3630/3630/3630
f 3587/3587/3587 3586/3586/3586 3631/3631/3631
f 3631/3631/3631 3630/3630/3630 3587/3587/3587
f 3632/3632/3632 3584/3584/3584 3587/3587/3587
f 3587/3587/3587 3633/3633/3633 3632/3632/3632
f 3634/3634/3634 3588/3588/3588 3584/3584/3584
f 3584/3584/3584 3632/3632/3632 3634/3634/3634
f 3635/3635/3635 3590/3590/3590 3588/3588/3588
f 3588/3588/3588 3634/3634/3634 3635/3635/3635
f 3636/3636/3636 3592/3592/3592 3590/3590/3590
f 3590/3590/3590 3635/3635/3635 3636/3636/3636
f 3637/3637/3637 3594/3594/3594 3592/3592/3592
f 3592/3592/3592 3636/3636/3636 3637/3637/3637
f 3638/3638/3638 3596/3596/3596 3594/3594/3594
f 3594/3594/3594 3637/3637/3637 3638/3638/3638
f 3639/3639/3639 3598/3598/3598 3596/3596/3596
f 3596/3596/3596 3638/3638/3638 3639/3639/3639
f 3640/3640/3640 3600/3600/3600 3598/3598/3598
f 3598/3598/3598 3639/3639/3639 3640/3640/3640
f 3641/3641/3641 3602/3602/3602 3600/3600/3600
f 3600/3600/3600 3640/3640/3640 3641/3641/3641
f 3642/3642/3642 3604/3604/3604 3602/3602/3602
f 3602/3602/3602 3641/3641/3641 3642/3642/3642
f 3643/3643/3643 3606/3606/3606 3604/3604/3604
f 3604/3604/3604 3642/3642/3642 3643/3643/3643
f 3644/3644/3644 3608/3608/3608 3606/3606/3606
f 3606/3606/3606 3643/3643/3643 3644/3644/3644
f 3645/3645/3645 3610/3610/3610 3608/3608/3608
f 3608/3608/3608 3644/3644/3644 3645/3645/3645
f 3646/3646/3646 3612/3612/3612 3610/3610/3610
f 3610/3610/3610 3645/3645/3645 3646/3646/3646
f 3647/3647/3647 3614/3614/3614 3612/3612/3612
f 3612/3612/3612 3646/3646/3646 3647/3647/3647
f 3648/3648/3648 3616/3616/3616 3614/3614/3614
f 3614/3614/3614 3647/3647/3647 3648/3648/3648
f 3649/3649/3649 3618/3618/3618 3616/3616/3616
f 3616/3616/3616 3648/3648/3648 3649/3649/3649
f 3650/3650/3650 3620/3620/3620 3618/3618/3618
f 3618/3618/3618 3649/3649/3649 3650/3650/3650
f 3651/3651/3651 3622/3622/3622 3620/3620/3620
f 3620/3620/3620 3650/3650/3650 3651/3651/3651
f 3652/3652/3652 3624/3624/3624 3622/3622/3622
f 3622/3622/3622 3651/3651/3651 3652/3652/3652
f 3653/3653/3653 3626/3626/3626 3624/3624/3624
f 3624/3624/3624 3652/3652/3652 3653/3653/3653
f 3654/3654/3654 3628/3628/3628 3626/3626/3626
f 3626/3626/3626 3653/3653/3653 3654/3654/3654
f 3655/3655/3655 3630/3630/3630 3628/3628/3628
f 3628/3628/3628 3654/3654/3654 3655/3655/3655
f 3633/3633/3633 3587/3587/3587 3630/3630/3630
f 3630/3630/3630 3655/3655/3655 3633/3633/3633
f 3656/3656/3656 3632/3632/3632 3633/3633/3633
f 3633/3633/3633 3657/3657/3657 3656/3656/3656
f 3658/3658/3658 3634/3634/3634 3632/3632/3632
f 3632/3632/3632 3656/3656/3656 3658/3658/3658
f 3659/3659/3659 3635/3635/3635 3634/3634/3634
f 3634/3634/3634 3658/3658/3658 3659/3659/3659
f 3660/3660/3660 3636/3636/3636 3635/3635/3635
f 3635/3635/3635 3659/3659/3659 3660/3660/3660
f 3661/3661/3661 3637/3637/3637 3636/3636/3636
f 3636/3636/3636 3660/3660/3660 3661/3661/3661
f 3662/3662/3662 3638/3638/3638 3637/3637/3637
f 3637/3637/3637 3661/3661/3661 3662/3662/3662
f 3663/3663/3663 3639/3639/3639 3638/3638/3638
f 3638/3638/3638 3662/3662/3662 3663/3663/3663
f 3664/3664/3664 3640/3640/3640 3639/3639/3639
f 3639/3639/3639 3663/3663/3663 3664/3664/3664
f 3665/3665/3665 3641/3641/3641 3640/3640/3640
f 3640/3640/3640 3664/3664/3664 3665/3665/3665
f 3666/3666/3666 3642/3642/3642 3641/3641/3641
f 3641/3641/3641 3665/3665/3665 3666/3666/3666
f 3667/3667/3667 3643/3643/3643 3642/3642/3642
f 3642/3642/3642 3666/3666/3666 3667/3667/3667
f 3668/3668/3668 3644/3644/3644 3643/3643/3643
f 3643/3643/3643 3667/3667/3667 3668/3668/3668
f 3669/3669/3669 3645/3645/3645 3644/3644/3644
f 3644/3644/3644 3668/3668/3668 3669/3669/3669
f 3670/3670/3670 3646/3646/3646 3645/3645/3645
f 3645/3645/3645 3669/3669/3669 3670/3670/3670
f 3671/3671/3671 3647/3647/3647 3646/3646/3646
f 3646/3646/3646 3670/3670/3670 3671/3671/3671
f 3672/3672/3672 3648/3648/3648 3647/3647/3647
f 3647/3647/3647 3671/3671/3671 3672/3672/3672
f 3673/3673/3673 3649/3649/3649 3648/3648/3648
f 3648/3648/3648 3672/3672/3672 3673/3673/3673
f 3674/3674/3674 3650/3650/3650 3649/3649/3649
f 3649/3649/3649 3673/3673/3673 3674/3674/3674
f 3675/3675/3675 3651/3651/3651 3650/3650/3650
f 3650/3650/3650 3674/3674/3674 3675/3675/3675
f 3676/3676/3676 3652/3652/3652 3651/3651/3651
f 3651/3651/3651 3675/3675/3675 3676/3676/3676
f 3677/3677/3677 3653/3653/3653 3652/3652/3652
f 3652/3652/3652 3676/3676/3676 3677/3677/3677
f 3678/3678/3678 3654/3654/3654 3653/3653/3653
f 3653/3653/3653 3677/3677/3677 3678/3678/3678
f 3679/3679/3679 3655/3655/3655 3654/3654/3654
f 3654/3654/3654 3678/3678/3678 3679/3679/3679
f 3657/3657/3657 3633/3633/3633 3655/3655/3655
f 3655/3655/3655 3679/3679/3679 3657/3657/3657
f 3680/3680/3680 3656/3656/3656 3657/3657/3657
f 3657/3657/3657 3681/3681/3681 3680/3680/3680
f 3682/3682/3682 3658/3658/3658 3656/3656/3656
f 3656/3656/3656 3680/3680/3680 3682/3682/3682
f 3683/3683/3683 3659/3659/3659 3658/3658/3658
f 3658/3658/3658 3682/3682/3682 3683/3683/3683
f 3684/3684/3684 3660/3660/3660 3659/3659/3659
f 3659/3659/3659 3683/3683/3683 3684/3684/3684
f 3685/3685/3685 3661/3661/3661 3660/3660/3660
f 3660/3660/3660 3684/3684/3684 3685/3685/3685
f 3686/3686/3686 3662/3662/3662 3661/3661/3661
f 3661/3661/3661 3685/3685/3685 3686/3686/3686
f 3687/3687/3687 3663/3663/3663 3662/3662/3662
f 3662/3662/3662 3686/3686/3686 3687/3687/3687
f 3688/3688/3688 3664/3664/3664 3663/3663/3663
f 3663/3663/3663 3687/3687/3687 3688/3688/3688
f 3689/3689/3689 3665/3665/3665 3664/3664/3664
f 3664/3664/3664 3688/3688/3688 3689/3689/3689
f 3690/3690/3690 3666/3666/3666 3665/3665/3665
f 3665/3665/3665 3689/3689/3689 3690/3690/3690
f 3691/3691/3691 3667/3667/3667 3666/3666/3666
f 3666/3666/3666 3690/3690/3690 3691/3691/3691
f 3692/3692/3692 3668/3668/3668 3667/3667/3667
f 3667/3667/3667 3691/3691/3691 3692/3692/3692
f 3693/3693/3693 3669/3669/3669 3668/3668/3668
f 3668/3668/3668 3692/3692/3692 3693/3693/3693
f 3694/3694/3694 3670/3670/3670 3669/3669/3669
f 3669/3669/3669 3693/3693/3693 3694/3694/3694
f 3695/3695/3695 3671/3671/3671 3670/3670/3670
f 3670/3670/3670 3694/3694/3694 3695/3695/3695
f 3696/3696/3696 3672/3672/3672 3671/3671/3671
f 3671/3671/3671 3695/3695/3695 3696/3696/3696
f 3697/3697/3697 3673/3673/3673 3672/3672/3672
f 3672/3672/3672 3696/3696/3696 3697/3697/3697
f 3698/3698/3698 3674/3674/3674 3673/3673/3673
f 3673/3673/3673 3697/3697/3697 3698/3698/3698
f 3699/3699/3699 3675/3675/3675 3674/3674/3674
f 3674/3674/3674 3698/3698/3698 3699/3699/3699
f 3700/3700/3700 3676/3676/3676 3675/3675/3675
f 3675/3675/3675 3699/3699/3699 3700/3700/3700
f 3701/3701/3701 3677/3677/3677 3676/3676/3676
f 3676/3676/3676 3700/3700/3700 3701/3701/3701
f 3702/3702/3702 3678/3678/3678 3677/3677/3677
f 3677/3677/3677 3701/3701/3701 3702/3702/3702
f 3703/3703/3703 3679/3679/3679 3678/3678/3678
f 3678/3678/3678 3702/3702/3702 3703/3703/3703
f 3681/3681/3681 3657/3657/3657 3679/3679/3679
f 3679/3679/3679 3703/3703/3703 3681/3681/3681
f 3704/3704/3704 3680/3680/3680 3681/3681/3681
f 3704/3704/3704 3682/3682/3682 3680/3680/3680
f 3704/3704/3704 3683/3683/3683 3682/3682/3682
f 3704/3704/3704 3684/3684/3684 3683/3683/3683
f 3704/3704/3704 3685/3685/3685 3684/3684/3684
f 3704/3704/3704 3686/3686/3686 3685/3685/3685
f 3704/3704/3704 3687/3687/3687 3686/3686/3686
f 3704/3704/3704 3688/3688/3688 3687/3687/3687
f 3704/3704/3704 3689/3689/3689 3688/3688/3688
f 3704/3704/3704 3690/3690/3690 3689/3689/3689
f 3704/3704/3704 3691/3691/3691 3690/3690/3690
f 3704/3704/3704 3692/3692/3692 3691/3691/3691
f 3704/3704/3704 3693/3693/3693 3692/3692/3692
f 3704/3704/3704 3694/3694/3694 3693/3693/3693
f 3704/3704/3704 3695/3695/3695 3694/3694/3694
f 3704/3704/3704 3696/3696/3696 3695/3695/3695
f 3704/3704/3704 3697/3697/3697 3696/3696/3696
f 3704/3704/3704 3698/3698/3698 3697/3697/3697
f 3704/3704/3704 3699/3699/3699 3698/3698/3698
f 3704/3704/3704 3700/3700/3700 3699/3699/3699
f 3704/3704/3704 3701/3701/3701 3700/3700/3700
f 3704/3704/3704 3702/3702/3702 3701/3701/3701
f 3704/3704/3704 3703/3703/3703 3702/3702/3702
f 3704/3704/3704 3681/3681/3681 3703/3703/3703
f 3705/3705/3705 3706/3706/3706 3707/3707/3707
f 3707/3707/3707 3708/3708/3708 3705/3705/3705
f 3706/3706/3706 3709/3709/3709 3710/3710/3710
f 3710/3710/3710 3707/3707/3707 3706/3706/3706
f 3709/3709/3709 3711/3711/3711 3712/3712/3712
f 3712/3712/3712 3710/3710/3710 3709/3709/3709
f 3711/3711/3711 3713/3713/3713 3714/3714/3714
f 3714/3714/3714 3712/3712/3712 3711/3711/3711
f 3713/3713/3713 3715/3715/3715 3716/3716/3716
f 3716/3716/3716 3714/3714/3714 3713/3713/3713
f 3715/3715/3715 3717/3717/3717 3718/3718/3718
f 3718/3718/3718 3716/3716/3716 3715/3715/3715
f 3717/3717/3717 3719/3719/3719 3720/3720/3720
f 3720/3720/3720 3718/3718/3718 3717/3717/3717
f 3719/3719/3719 3721/3721/3721 3722/3722/3722
f 3722/3722/3722 3720/3720/3720 3719/3719/3719
f 3721/3721/3721 3723/3723/3723 3724/3724/3724
f 3724/3724/3724 3722/3722/3722 3721/3721/3721
f 3723/3723/3723 3725/3725/3725 3726/3726/3726
f 3726/3726/3726 3724/3724/3724 3723/3723/3723
f 3725/3725/3725 3727/3727/3727 3728/3728/3728
f 3728/3728/3728 3726/3726/3726 3725/3725/3725
f 3727/3727/3727 3729/3729/3729 3730/3730/3730
f 3730/3730/3730 3728/3728/3728 3727/3727/3727
f 3729/3729/3729 3731/3731/3731 3732/3732/3732
f 3732/3732/3732 3730/3730/3730 3729/3729/3729
f 3731/3731/3731 3733/3733/3733 3734/3734/3734
f 3734/3734/3734 3732/3732/3732 3731/3731/3731
f 3733/3733/3733 3735/3735/3735 3736/3736/3736
f 3736/3736/3736 3734/3734/3734 3733/3733/3733
f 3735/3735/3735 3737/3737/3737 3738/3738/3738
f 3738/3738/3738 3736/3736/3736 3735/3735/3735
f 3737/3737/3737 3739/3739/3739 3740/3740/3740
f 3740/3740/3740 3738/3738/3738 3737/3737/3737
f 3739/3739/3739 3741/3741/3741 3742/3742/3742
f 3742/3742/3742 3740/3740/3740 3739/3739/3739
f 3741/3741/3741 3743/3743/3743 3744/3744/3744
f 3744/3744/3744 3742/3742/3742 3741/3741/3741
f 3743/3743/3743 3745/3745/3745 3746/3746/3746
f 3746/3746/3746 3744/3744/3744 3743/3743/3743
f 3745/3745/3745 3747/3747/3747 3748/3748/3748
f 3748/3748/3748 3746/3746/3746 3745/3745/3745
f 3747/3747/3747 3749/3749/3749 3750/3750/3750
f 3750/3750/3750 3748/3748/3748 3747/3747/3747
f 3749/3749/3749 3751/3751/3751 3752/3752/3752
f 3752/3752/3752 3750/3750/3750 3749/3749/3749
f 3751/3751/3751 3705/3705/3705 3708/3708/3708
f 3708/3708/3708 3752/3752/3752 3751/3751/3751
f 3708/3708/3708 3707/3707/3707 3753/3753/3753
f 3753/3753/3753 3754/3754/3754 3708/3708/3708
f 3707/3707/3707 3710/3710/3710 3755/3755/3755
f 3755/3755/3755 3753/3753/3753 3707/3707/3707
f 3710/3710/3710 3712/3712/3712 3756/3756/3756
f 3756/3756/3756 3755/3755/3755 3710/3710/3710
f 3712/3712/3712 3714/3714/3714 3757/3757/3757
f 3757/3757/3757 3756/3756/3756 3712/3712/3712
f 3714/3714/3714 3716/3716/3716 3758/3758/3758
f 3758/3758/3758 3757/3757/3757 3714/3714/3714
f 3716/3716/3716 3718/3718/3718 3759/3759/3759
f 3759/3759/3759 3758/3758/3758 3716/3716/3716
f 3718/3718/3718 3720/3720/3720 3760/3760/3760
f 3760/3760/3760 3759/3759/3759 3718/3718/3718
f 3720/3720/3720 3722/3722/3722 3761/3761/3761
f 3761/3761/3761 3760/3760/3760 3720/3720/3720
f 3722/3722/3722 3724/3724/3724 3762/3762/3762
f 3762/3762/3762 3761/3761/3761 3722/3722/3722
f 3724/3724/3724 3726/3726/3726 3763/3763/3763
f 3763/3763/3763 3762/3762/3762 3724/3724/3724
f 3726/3726/3726 3728/3728/3728 3764/3764/3764
f 3764/3764/3764 3763/3763/3763 3726/3726/3726
f 3728/3728/3728 3730/3730/3730 3765/3765/3765
f 3765/3765/3765 3764/3764/3764 3728/3728/3728
f 3730/3730/3730 3732/3732/3732 3766/3766/3766
f 3766/3766/3766 3765/3765/3765 3730/3730/3730
f 3732/3732/3732 3734/3734/3734 3767/3767/3767
f 3767/3767/3767 3766/3766/3766 3732/3732/3732
f 3734/3734/3734 3736/3736/3736 3768/3768/3768
f 3768/3768/3768 3767/3767/3767 3734/3734/3734
f 3736/3736/3736 3738/3738/3738 3769/3769/3769
f 3769/3769/3769 3768/3768/3768 3736/3736/3736
f 3738/3738/3738 3740/3740/3740 3770/3770/3770
f 3770/3770/3770 3769/3769/3769 3738/3738/3738
f 3740/3740/3740 3742/3742/3742 3771/3771/3771
f 3771/3771/3771 3770/3770/3770 3740/3740/3740
f 3742/3742/3742 3744/3744/3744 3772/3772/3772
f 3772/3772/3772 3771/3771/3771 3742/3742/3742
f 3744/3744/3744 3746/3746/3746 3773/3773/3773
f 3773/3773/3773 3772/3772/3772 3744/3744/3744
f 3746/3746/3746 3748/3748/3748 3774/3774/3774
f 3774/3774/3774 3773/3773/3773 3746/3746/3746
f 3748/3748/3748 3750/3750/3750 3775/3775/3775
f 3775/3775/3775 3774/3774/3774 3748/3748/3748
f 3750/3750/3750 3752/3752/3752 3776/3776/3776
f 3776/3776/3776 3775/3775/3775 3750/3750/3750
f 3752/3752/3752 3708/3708/3708 3754/3754/3754
f 3754/3754/3754 3776/3776/3776 3752/3752/3752
f 3754/3754/3754 3753/3753/3753 3777/3777/3777
f 3777/3777/3777 3778/3778/3778 3754/3754/3754
f 3753/3753/3753 3755/3755/3755 3779/3779/3779
f 3779/3779/3779 3777/3777/3777 3753/3753/3753
f 3755/3755/3755 3756/3756/3756 3780/3780/3780
f 3780/3780/3780 3779/3779/3779 3755/3755/3755
f 3756/3756/3756 3757/3757/3757 3781/3781/3781
f 3781/3781/3781 3780/3780/3780 3756/3756/3756
f 3757/3757/3757 3758/3758/3758 3782/3782/3782
f 3782/3782/3782 3781/3781/3781 3757/3757/3757
f 3758/3758/3758 3759/3759/3759 3783/3783/3783
f 3783/3783/3783 3782/3782/3782 3758/3758/3758
f 3759/3759/3759 3760/3760/3760 3784/3784/3784
f 3784/3784/3784 3783/3783/3783 3759/3759/3759
f 3760/3760/3760 3761/3761/3761 3785/3785/3785
f 3785/3785/3785 3784/3784/3784 3760/3760/3760
f 3761/3761/3761 3762/3762/3762 3786/3786/3786
f 3786/3786/3786 3785/3785/3785 3761/3761/3761
f 3762/3762/3762 3763/3763/3763 3787/3787/3787
f 3787/3787/3787 3786/3786/3786 3762/3762/3762
f 3763/3763/3763 3764/3764/3764 3788/3788/3788
f 3788/3788/3788 3787/3787/3787 3763/3763/3763
f 3764/3764/3764 3765/3765/3765 3789/3789/3789
f 3789/3789/3789 3788/3788/3788 3764/3764/3764
f 3765/3765/3765 3766/3766/3766 3790/3790/3790
f 3790/3790/3790 3789/3789/3789 3765/3765/3765
f 3766/3766/3766 3767/3767/3767 3791/3791/3791
f 3791/3791/3791 3790/3790/3790 3766/3766/3766
f 3767/3767/3767 3768/3768/3768 3792/3792/3792
f 3792/3792/3792 3791/3791/3791 3767/3767/3767
f 3768/3768/3768 3769/3769/3769 3793/3793/3793
f 3793/3793/3793 3792/3792/3792 3768/3768/3768
f 3769/3769/3769 3770/3770/3770 3794/3794/3794
f 3794/3794/3794 3793/3793/3793 3769/3769/3769
f 3770/3770/3770 3771/3771/3771 3795/3795/3795
f 3795/3795/3795 3794/3794/3794 3770/3770/3770
f 3771/3771/3771 3772/3772/3772 3796/3796/3796
f 3796/3796/3796 3795/3795/3795 3771/3771/3771
f 3772/3772/3772 3773/3773/3773 3797/3797/3797
f 3797/3797/3797 3796/3796/3796 3772/3772/3772
f 3773/3773/3773 3774/3774/3774 3798/3798/3798
f 3798/3798/3798 3797/3797/3797 3773/3773/3773
f 3774/3774/3774 3775/3775/3775 3799/3799/3799
f 3799/3799/3799 3798/3798/3798 3774/3774/3774
f 3775/3775/3775 3776/3776/3776 3800/3800/3800
f 3800/3800/3800 3799/3799/3799 3775/3775/3775
f 3776/3776/3776 3754/3754/3754 3778/3778/3778
f 3778/3778/3778 3800/3800/3800 3776/3776/3776
f 3778/3778/3778 3777/3777/3777 3801/3801/3801
f 3801/3801/3801 3802/3802/3802 3778/3778/3778
f 3777/3777/3777 3779/3779/3779 3803/3803/3803
f 3803/3803/3803 3801/3801/3801 3777/3777/3777
f 3779/3779/3779 3780/3780/3780 3804/3804/3804
f 3804/3804/3804 3803/3803/3803 3779/3779/3779
f 3780/3780/3780 3781/3781/3781 3805/3805/3805
f 3805/3805/3805 3804/3804/3804 3780/3780/3780
f 3781/3781/3781 3782/3782/3782 3806/3806/3806
f 3806/3806/3806 3805/3805/3805 3781/3781/3781
f 3782/3782/3782 3783/3783/3783 3807/3807/3807
f 3807/3807/3807 3806/3806/3806 3782/3782/3782
f 3783/3783/3783 3784/3784/3784 3808/3808/3808
f 3808/3808/3808 3807/3807/3807 3783/3783/3783
f 3784/3784/3784 3785/3785/3785 3809/3809/3809
f 3809/3809/3809 3808/3808/3808 3784/3784/3784
f 3785/3785/3785 3786/3786/3786 3810/3810/3810
f 3810/3810/3810 3809/3809/3809 3785/3785/3785
f 3786/3786/3786 3787/3787/3787 3811/3811/3811
f 3811/3811/3811 3810/3810/3810 3786/3786/3786
f 3787/3787/3787 3788/3788/3788 3812/3812/3812
f 3812/3812/3812 3811/3811/3811 3787/3787/3787
f 3788/3788/3788 3789/3789/3789 3813/3813/3813
f 3813/3813/3813 3812/3812/3812 3788/3788/3788
f 3789/3789/3789 3790/3790/3790 3814/3814/3814
f 3814/3814/3814 3813/3813/3813 3789/3789/3789
f 3790/3790/3790 3791/3791/3791 3815/3815/3815
f 3815/3815/3815 3814/3814/3814 3790/3790/3790
f 3791/3791/3791 3792/3792/3792 3816/3816/3816
f 3816/3816/3816 3815/3815/3815 3791/3791/3791
f 3792/3792/3792 3793/3793/3793 3817/3817/3817
f 3817/3817/3817 3816/3816/3816 3792/3792/3792
f 3793/3793/3793 3794/3794/3794 3818/3818/3818
f 3818/3818/3818 3817/3817/3817 3793/3793/3793
f 3794/3794/3794 3795/3795/3795 3819/3819/3819
f 3819/3819/3819 3818/3818/3818 3794/3794/3794
f 3795/3795/3795 3796/3796/3796 3820/3820/3820
f 3820/3820/3820 3819/3819/3819 3795/3795/3795
f 3796/3796/3796 3797/3797/3797 3821/3821/3821
f 3821/3821/3821 3820/3820/3820 3796/3796/3796
f 3797/3797/3797 3798/3798/3798 3822/3822/3822
f 3822/3822/3822 3821/3821/3821 3797/3797/3797
f 3798/3798/3798 3799/3799/3799 3823/3823/3823
f 3823/3823/3823 3822/3822/3822 3798/3798/3798
f 3799/3799/3799 3800/3800/3800 3824/3824/3824
f 3824/3824/3824 3823/3823/3823 3799/3799/3799
f 3800/3800/3800 3778/3778/3778 3802/3802/3802
f 3802/3802/3802 3824/3824/3824 3800/3800/3800
f 3802/3802/3802 3801/3801/3801 3825/3825/3825
f 3801/3801/3801 3803/3803/3803 3825/3825/3825
f 3803/3803/3803 3804/3804/3804 3825/3825/3825
f 3804/3804/3804 3805/3805/3805 3825/3825/3825
f 3805/3805/3805 3806/3806/3806 3825/3825/3825
f 3806/3806/3806 3807/3807/3807 3825/3825/3825
f 3807/3807/3807 3808/3808/3808 3825/3825/3825
f 3808/3808/3808 3809/3809/3809 3825/3825/3825
f 3809/3809/3809 3810/3810/3810 3825/3825/3825
f 3810/3810/3810 3811/3811/3811 3825/3825/3825
f 3811/3811/3811 3812/3812/3812 3825/3825/3825
f 3812/3812/3812 3813/3813/3813 3825/3825/3825
f 3813/3813/3813 3814/3814/3814 3825/3825/3825
f 3814/3814/3814 3815/3815/3815 3825/3825/3825
f 3815/3815/3815 3816/3816/3816 3825/3825/3825
f 3816/3816/3816 3817/3817/3817 3825/3825/3825
f 3817/3817/3817 3818/3818/3818 3825/3825/3825
f 3818/3818/3818 3819/3819/3819 3825/3825/3825
f 3819/3819/3819 3820/3820/3820 3825/3825/3825
f 3820/3820/3820 3821/3821/3821 3825/3825/3825
f 3821/3821/3821 3822/3822/3822 3825/3825/3825
f 3822/3822/3822 3823/3823/3823 3825/3825/3825
f 3823/3823/3823 3824/3824/3824 3825/3825/3825
f 3824/3824/3824 3802/3802/3802 3825/3825/3825
f 3826/3826/3826 3827/3827/3827 3828/3828/3828
f 3828/3828/3828 3829/3829/3829 3826/3826/3826
f 3827/3827/3827 3830/3830/3830 3831/3831/3831
f 3831/3831/3831 3828/3828/3828 3827/3827/3827
f 3830/3830/3830 3832/3832/3832 3833/3833/3833
f 3833/3833/3833 3831/3831/3831 3830/3830/3830
f 3832/3832/3832 3834/3834/3834 3835/3835/3835
f 3835/3835/3835 3833/3833/3833 3832/3832/3832
f 3834/3834/3834 3836/3836/3836 3837/3837/3837
f 3837/3837/3837 3835/3835/3835 3834/3834/3834
f 3836/3836/3836 3838/3838/3838 3839/3839/3839
f 3839/3839/3839 3837/3837/3837 3836/3836/3836
f 3838/3838/3838 3840/3840/3840 3841/3841/3841
f 3841/3841/3841 3839/3839/3839 3838/3838/3838
f 3840/3840/3840 3842/3842/3842 3843/3843/3843
f 3843/3843/3843 3841/3841/3841 3840/3840/3840
f 3842/3842/3842 3844/3844/3844 3845/3845/3845
f 3845/3845/3845 3843/3843/3843 3842/3842/3842
f 3844/3844/3844 3846/3846/3846 3847/3847/3847
f 3847/3847/3847 3845/3845/3845 3844/3844/3844
f 3846/3846/3846 3848/3848/3848 3849/3849/3849
f 3849/3849/3849 3847/3847/3847 3846/3846/3846
f 3848/3848/3848 3850/3850/3850 3851/3851/3851
f 3851/3851/3851 3849/3849/3849 3848/3848/3848
f 3850/3850/3850 3852/3852/3852 3853/3853/3853
f 3853/3853/3853 3851/3851/3851 3850/3850/3850
f 3852/3852/3852 3854/3854/3854 3855/3855/3855
f 3855/3855/3855 3853/3853/3853 3852/3852/3852
f 3854/3854/3854 3856/3856/3856 3857/3857/3857
f 3857/3857/3857 3855/3855/3855 3854/3854/3854
f 3856/3856/3856 3858/3858/3858 3859/3859/3859
f 3859/3859/3859 3857/3857/3857 3856/3856/3856
f 3858/3858/3858 3860/3860/3860 3861/3861/3861
f 3861/3861/3861 3859/3859/3859 3858/3858/3858
f 3860/3860/3860 3862/3862/3862 3863/3863/3863
f 3863/3863/3863 3861/3861/3861 3860/3860/3860
f 3862/3862/3862 3864/3864/3864 3865/3865/3865
f 3865/3865/3865 3863/3863/3863 3862/3862/3862
f 3864/3864/3864 3866/3866/3866 3867/3867/3867
f 3867/3867/3867 3865/3865/3865 3864/3864/3864
f 3866/3866/3866 3868/3868/3868 3869/3869/3869
f 3869/3869/3869 3867/3867/3867 3866/3866/3866
f 3868/3868/3868 3870/3870/3870 3871/3871/3871
f 3871/3871/3871 3869/3869/3869 3868/3868/3868
f 3870/3870/3870 3872/3872/3872 3873/3873/3873
f 3873/3873/3873 3871/3871/3871 3870/3870/3870
f 3872/3872/3872 3826/3826/3826 3829/3829/3829
f 3829/3829/3829 3873/3873/3873 3872/3872/3872
f 3874/3874/3874 3875/3875/3875 3876/3876/3876
f 3876/3876/3876 3877/3877/3877 3874/3874/3874
f 3875/3875/3875 3878/3878/3878 3879/3879/3879
f 3879/3879/3879 3876/3876/3876 3875/3875/3875
f 3878/3878/3878 3880/3880/3880 3881/3881/3881
f 3881/3881/3881 3879/3879/3879 3878/3878/3878
f 3880/3880/3880 3882/3882/3882 3883/3883/3883
f 3883/3883/3883 3881/3881/3881 3880/3880/3880
f 3882/3882/3882 3874/3874/3874 3877/3877/3877
f 3877/3877/3877 3883/3883/3883 3882/3882/3882
f 3884/3884/3884 3885/3885/3885 3886/3886/3886
f 3886/3886/3886 3887/3887/3887 3884/3884/3884
f 3888/3888/3888 3889/3889/3889 3890/3890/3890
f 3890/3890/3890 3891/3891/3891 3888/3888/3888
f 3885/3885/3885 3892/3892/3892 3893/3893/3893
f 3893/3893/3893 3886/3886/3886 3885/3885/3885
f 3894/3894/3894 3888/3888/3888 3891/3891/3891
f 3891/3891/3891 3895/3895/3895 3894/3894/3894
f 3892/3892/3892 3896/3896/3896 3897/3897/3897
f 3897/3897/3897 3893/3893/3893 3892/3892/3892
f 3898/3898/3898 3894/3894/3894 3895/3895/3895
f 3895/3895/3895 3899/3899/3899 3898/3898/3898
f 3896/3896/3896 3900/3900/3900 3901/3901/3901
f 3901/3901/3901 3897/3897/3897 3896/3896/3896
f 3902/3902/3902 3898/3898/3898 3899/3899/3899
f 3899/3899/3899 3903/3903/3903 3902/3902/3902
f 3900/3900/3900 3884/3884/3884 3887/3887/3887
f 3887/3887/3887 3901/3901/3901 3900/3900/3900
f 3889/3889/3889 3902/3902/3902 3903/3903/3903
f 3903/3903/3903 3890/3890/3890 3889/3889/3889
f 3904/3904/3904 3905/3905/3905 3906/3906/3906
f 3906/3906/3906 3907/3907/3907 3904/3904/3904
f 3907/3907/3907 3906/3906/3906 3908/3908/3908
f 3908/3908/3908 3909/3909/3909 3907/3907/3907
f 3909/3909/3909 3908/3908/3908 3910/3910/3910
f 3910/3910/3910 3911/3911/3911 3909/3909/3909
f 3911/3911/3911 3910/3910/3910 3912/3912/3912
f 3912/3912/3912 3913/3913/3913 3911/3911/3911
f 3913/3913/3913 3912/3912/3912 3905/3905/3905
f 3905/3905/3905 3904/3904/3904 3913/3913/3913
f 3914/3914/3914 3915/3915/3915 3916/3916/3916
f 3915/3915/3915 3917/3917/3917 3916/3916/3916
f 3917/3917/3917 3918/3918/3918 3916/3916/3916
f 3918/3918/3918 3919/3919/3919 3916/3916/3916
f 3919/3919/3919 3914/3914/3914 3916/3916/3916
f 3904/3904/3904 3907/3907/3907 3915/3915/3915
f 3915/3915/3915 3914/3914/3914 3904/3904/3904
f 3907/3907/3907 3909/3909/3909 3917/3917/3917
f 3917/3917/3917 3915/3915/3915 3907/3907/3907
f 3909/3909/3909 3911/3911/3911 3918/3918/3918
f 3918/3918/3918 3917/3917/3917 3909/3909/3909
f 3911/3911/3911 3913/3913/3913 3919/3919/3919
f 3919/3919/3919 3918/3918/3918 3911/3911/3911
f 3913/3913/3913 3904/3904/3904 3914/3914/3914
f 3914/3914/3914 3919/3919/3919 3913/3913/3913
f 3920/3920/3920 3921/3921/3921 3922/3922/3922
f 3922/3922/3922 3923/3923/3923 3920/3920/3920
f 3924/3924/3924 3925/3925/3925 3926/3926/3926
f 3926/3926/3926 3927/3927/3927 3924/3924/3924
f 3928/3928/3928 3929/3929/3929 3930/3930/3930
f 3930/3930/3930 3931/3931/3931 3928/3928/3928
f 3932/3932/3932 3933/3933/3933 3934/3934/3934
f 3934/3934/3934 3935/3935/3935 3932/3932/3932
f 3936/3936/3936 3937/3937/3937 3938/3938/3938
f 3938/3938/3938 3939/3939/3939 3936/3936/3936
f 3940/3940/3940 3941/3941/3941 3942/3942/3942
f 3942/3942/3942 3943/3943/3943 3940/3940/3940
f 3944/3944/3944 3945/3945/3945 3946/3946/3946
f 3946/3946/3946 3947/3947/3947 3944/3944/3944
f 3948/3948/3948 3949/3949/3949 3950/3950/3950
f 3950/3950/3950 3951/3951/3951 3948/3948/3948
f 3952/3952/3952 3953/3953/3953 3954/3954/3954
f 3954/3954/3954 3955/3955/3955 3952/3952/3952
f 3956/3956/3956 3957/3957/3957 3958/3958/3958
f 3958/3958/3958 3959/3959/3959 3956/3956/3956
f 3960/3960/3960 3961/3961/3961 3962/3962/3962
f 3962/3962/3962 3963/3963/3963 3960/3960/3960
f 3964/3964/3964 3965/3965/3965 3966/3966/3966
f 3966/3966/3966 3967/3967/3967 3964/3964/3964
f 3968/3968/3968 3969/3969/3969 3970/3970/3970
f 3970/3970/3970 3971/3971/3971 3968/3968/3968
f 3972/3972/3972 3973/3973/3973 3974/3974/3974
f 3974/3974/3974 3975/3975/3975 3972/3972/3972
f 3976/3976/3976 3977/3977/3977 3978/3978/3978
f 3978/3978/3978 3979/3979/3979 3976/3976/3976
f 3980/3980/3980 3981/3981/3981 3982/3982/3982
f 3982/3982/3982 3983/3983/3983 3980/3980/3980
f 3984/3984/3984 3985/3985/3985 3986/3986/3986
f 3986/3986/3986 3987/3987/3987 3984/3984/3984
f 3988/3988/3988 3989/3989/3989 3990/3990/3990
f 3990/3990/3990 3991/3991/3991 3988/3988/3988
f 3992/3992/3992 3993/3993/3993 3994/3994/3994
f 3994/3994/3994 3995/3995/3995 3992/3992/3992
f 3996/3996/3996 3997/3997/3997 3998/3998/3998
f 3998/3998/3998 3999/3999/3999 3996/3996/3996
f 4000/4000/4000 4001/4001/4001 4002/4002/4002
f 4002/4002/4002 4003/4003/4003 4000/4000/4000
f 4004/4004/4004 4005/4005/4005 4006/4006/4006
f 4006/4006/4006 4007/4007/4007 4004/4004/4004
f 4008/4008/4008 4009/4009/4009 4010/4010/4010
f 4010/4010/4010 4011/4011/4011 4008/4008/4008
f 4012/4012/4012 4013/4013/4013 4014/4014/4014
f 4014/4014/4014 4015/4015/4015 4012/4012/4012
f 4016/4016/4016 4017/4017/4017 4018/4018/4018
f 4018/4018/4018 4019/4019/4019 4016/4016/4016
f 4020/4020/4020 4021/4021/4021 4022/4022/4022
f 4022/4022/4022 4023/4023/4023 4024/4024/4024
f 4020/4020/4020 4022/4022/4022 4024/4024/4024
f 4025/4025/4025 4026/4026/4026 4027/4027/4027
f 4027/4027/4027 4028/4028/4028 4025/4025/4025
f 4029/4029/4029 4025/4025/4025 4028/4028/4028
f 4028/4028/4028 4030/4030/4030 4029/4029/4029
f 4031/4031/4031 4029/4029/4029 4030/4030/4030
f 4030/4030/4030 4032/4032/4032 4031/4031/4031
f 4033/4033/4033 4031/4031/4031 4032/4032/4032
f 4032/4032/4032 4034/4034/4034 4033/4033/4033
f 4026/4026/4026 4033/4033/4033 4034/4034/4034
f 4034/4034/4034 4027/4027/4027 4026/4026/4026
f 4035/4035/4035 4036/4036/4036 4037/4037/4037
f 4037/4037/4037 4038/4038/4038 4039/4039/4039
f 4035/4035/4035 4037/4037/4037 4039/4039/4039
f 4040/4040/4040 4041/4041/4041 4042/4042/4042
f 4042/4042/4042 4043/4043/4043 4040/4040/4040
f 4041/4041/4041 4044/4044/4044 4045/4045/4045
f 4045/4045/4045 4042/4042/4042 4041/4041/4041
f 4044/4044/4044 4046/4046/4046 4047/4047/4047
f 4047/4047/4047 4045/4045/4045 4044/4044/4044
f 4046/4046/4046 4048/4048/4048 4049/4049/4049
f 4049/4049/4049 4047/4047/4047 4046/4046/4046
f 4048/4048/4048 4040/4040/4040 4043/4043/4043
f 4043/4043/4043 4049/4049/4049 4048/4048/4048
f 4050/4050/4050 4051/4051/4051 4052/4052/4052
f 4052/4052/4052 4053/4053/4053 4050/4050/4050
f 4054/4054/4054 4055/4055/4055 4056/4056/4056
f 4056/4056/4056 4057/4057/4057 4054/4054/4054
f 4051/4051/4051 4058/4058/4058 4059/4059/4059
f 4059/4059/4059 4052/4052/4052 4051/4051/4051
f 4060/4060/4060 4054/4054/4054 4057/4057/4057
f 4057/4057/4057 4061/4061/4061 4060/4060/4060
f 4058/4058/4058 4062/4062/4062 4063/4063/4063
f 4063/4063/4063 4059/4059/4059 4058/4058/4058
f 4064/4064/4064 4060/4060/4060 4061/4061/4061
f 4061/4061/4061 4065/4065/4065 4064/4064/4064
f 4062/4062/4062 4066/4066/4066 4067/4067/4067
f 4067/4067/4067 4063/4063/4063 4062/4062/4062
f 4068/4068/4068 4064/4064/4064 4065/4065/4065
f 4065/4065/4065 4069/4069/4069 4068/4068/4068
f 4066/4066/4066 4050/4050/4050 4053/4053/4053
f 4053/4053/4053 4067/4067/4067 4066/4066/4066
f 4055/4055/4055 4068/4068/4068 4069/4069/4069
f 4069/4069/4069 4056/4056/4056 4055/4055/4055
f 4070/4070/4070 4071/4071/4071 4072/4072/4072
f 4072/4072/4072 4073/4073/4073 4074/4074/4074
f 4070/4070/4070 4072/4072/4072 4074/4074/4074
f 4075/4075/4075 4076/4076/4076 4077/4077/4077
f 4077/4077/4077 4078/4078/4078 4075/4075/4075
f 4076/4076/4076 4079/4079/4079 4080/4080/4080
f 4080/4080/4080 4077/4077/4077 4076/4076/4076
f 4079/4079/4079 4081/4081/4081 4082/4082/4082
f 4082/4082/4082 4080/4080/4080 4079/4079/4079
f 4081/4081/4081 4083/4083/4083 4084/4084/4084
f 4084/4084/4084 4082/4082/4082 4081/4081/4081
f 4083/4083/4083 4075/4075/4075 4078/4078/4078
f 4078/4078/4078 4084/4084/4084 4083/4083/4083
f 4085/4085/4085 4086/4086/4086 4087/4087/4087
f 4087/4087/4087 4088/4088/4088 4085/4085/4085
f 4089/4089/4089 4090/4090/4090 4091/4091/4091
f 4091/4091/4091 4092/4092/4092 4089/4089/4089
f 4086/4086/4086 4093/4093/4093 4094/4094/4094
f 4094/4094/4094 4087/4087/4087 4086/4086/4086
f 4095/4095/4095 4089/4089/4089 4092/4092/4092
f 4092/4092/4092 4096/4096/4096 4095/4095/4095
f 4093/4093/4093 4097/4097/4097 4098/4098/4098
f 4098/4098/4098 4094/4094/4094 4093/4093/4093
f 4099/4099/4099 4095/4095/4095 4096/4096/4096
f 4096/4096/4096 4100/4100/4100 4099/4099/4099
f 4097/4097/4097 4101/4101/4101 4102/4102/4102
f 4102/4102/4102 4098/4098/4098 4097/4097/4097
f 4103/4103/4103 4099/4099/4099 4100/4100/4100
f 4100/4100/4100 4104/4104/4104 4103/4103/4103
f 4101/4101/4101 4085/4085/4085 4088/4088/4088
f 4088/4088/4088 4102/4102/4102 4101/4101/4101
f 4090/4090/4090 4103/4103/4103 4104/4104/4104
f 4104/4104/4104 4091/4091/4091 4090/4090/4090
f 4105/4105/4105 4106/4106/4106 4107/4107/4107
f 4107/4107/4107 4108/4108/4108 4109/4109/4109
f 4105/4105/4105 4107/4107/4107 4109/4109/4109
f 4110/4110/4110 4111/4111/4111 4112/4112/4112
f 4112/4112/4112 4113/4113/4113 4114/4114/4114
f 4110/4110/4110 4112/4112/4112 4114/4114/4114
f 4115/4115/4115 4116/4116/4116 4117/4117/4117
f 4117/4117/4117 4118/4118/4118 4115/4115/4115
f 4119/4119/4119 4115/4115/4115 4118/4118/4118
f 4118/4118/4118 4120/4120/4120 4119/4119/4119
f 4121/4121/4121 4119/4119/4119 4120/4120/4120
f 4120/4120/4120 4122/4122/4122 4121/4121/4121
f 4123/4123/4123 4121/4121/4121 4122/4122/4122
f 4122/4122/4122 4124/4124/4124 4123/4123/4123
f 4116/4116/4116 4123/4123/4123 4124/4124/4124
f 4124/4124/4124 4117/4117/4117 4116/4116/4116
f 4125/4125/4125 4126/4126/4126 4127/4127/4127
f 4127/4127/4127 4128/4128/4128 4129/4129/4129
f 4125/4125/4125 4127/4127/4127 4129/4129/4129
f 4130/4130/4130 4131/4131/4131 4132/4132/4132
f 4132/4132/4132 4133/4133/4133 4130/4130/4130
f 4131/4131/4131 4134/4134/4134 4135/4135/4135
f 4135/4135/4135 4132/4132/4132 4131/4131/4131
f 4134/4134/4134 4136/4136/4136 4137/4137/4137
f 4137/4137/4137 4135/4135/4135 4134/4134/4134
f 4136/4136/4136 4138/4138/4138 4139/4139/4139
f 4139/4139/4139 4137/4137/4137 4136/4136/4136
f 4138/4138/4138 4130/4130/4130 4133/4133/4133
f 4133/4133/4133 4139/4139/4139 4138/4138/4138
f 4140/4140/4140 4141/4141/4141 4142/4142/4142
f 4142/4142/4142 4143/4143/4143 4140/4140/4140
f 4144/4144/4144 4145/4145/4145 4146/4146/4146
f 4146/4146/4146 4147/4147/4147 4144/4144/4144
f 4141/4141/4141 4148/4148/4148 4149/4149/4149
f 4149/4149/4149 4142/4142/4142 4141/4141/4141
f 4150/4150/4150 4144/4144/4144 4147/4147/4147
f 4147/4147/4147 4151/4151/4151 4150/4150/4150
f 4148/4148/4148 4152/4152/4152 4153/4153/4153
f 4153/4153/4153 4149/4149/4149 4148/4148/4148
f 4154/4154/4154 4150/4150/4150 4151/4151/4151
f 4151/4151/4151 4155/4155/4155 4154/4154/4154
f 4152/4152/4152 4156/4156/4156 4157/4157/4157
f 4157/4157/4157 4153/4153/4153 4152/4152/4152
f 4158/4158/4158 4154/4154/4154 4155/4155/4155
f 4155/4155/4155 4159/4159/4159 4158/4158/4158
f 4156/4156/4156 4140/4140/4140 4143/4143/4143
f 4143/4143/4143 4157/4157/4157 4156/4156/4156
f 4145/4145/4145 4158/4158/4158 4159/4159/4159
f 4159/4159/4159 4146/4146/4146 4145/4145/4145
f 4160/4160/4160 4161/4161/4161 4162/4162/4162
f 4162/4162/4162 4163/4163/4163 4164/4164/4164
f 4160/4160/4160 4162/4162/4162 4164/4164/4164
f 4165/4165/4165 4166/4166/4166 4167/4167/4167
f 4167/4167/4167 4168/4168/4168 4165/4165/4165
f 4166/4166/4166 4169/4169/4169 4170/4170/4170
f 4170/4170/4170 4167/4167/4167 4166/4166/4166
f 4169/4169/4169 4171/4171/4171 4172/4172/4172
f 4172/4172/4172 4170/4170/4170 4169/4169/4169
f 4171/4171/4171 4173/4173/4173 4174/4174/4174
f 4174/4174/4174 4172/4172/4172 4171/4171/4171
f 4173/4173/4173 4165/4165/4165 4168/4168/4168
f 4168/4168/4168 4174/4174/4174 4173/4173/4173
f 4175/4175/4175 4176/4176/4176 4177/4177/4177
f 4177/4177/4177 4178/4178/4178 4175/4175/4175
f 4179/4179/4179 4180/4180/4180 4181/4181/4181
f 4181/4181/4181 4182/4182/4182 4179/4179/4179
f 4176/4176/4176 4183/4183/4183 4184/4184/4184
f 4184/4184/4184 4177/4177/4177 4176/4176/4176
f 4185/4185/4185 4179/4179/4179 4182/4182/4182
f 4182/4182/4182 4186/4186/4186 4185/4185/4185
f 4183/4183/4183 4187/4187/4187 4188/4188/4188
f 4188/4188/4188 4184/4184/4184 4183/4183/4183
f 4189/4189/4189 4185/4185/4185 4186/4186/4186
f 4186/4186/4186 4190/4190/4190 4189/4189/4189
f 4187/4187/4187 4191/4191/4191 4192/4192/4192
f 4192/4192/4192 4188/4188/4188 4187/4187/4187
f 4193/4193/4193 4189/4189/4189 4190/4190/4190
f 4190/4190/4190 4194/4194/4194 4193/4193/4193
f 4191/4191/4191 4175/4175/4175 4178/4178/4178
f 4178/4178/4178 4192/4192/4192 4191/4191/4191
f 4180/4180/4180 4193/4193/4193 4194/4194/4194
f 4194/4194/4194 4181/4181/4181 4180/4180/4180
f 4195/4195/4195 4196/4196/4196 4197/4197/4197
f 4197/4197/4197 4198/4198/4198 4199/4199/4199
f 4195/4195/4195 4197/4197/4197 4199/4199/4199
f 4200/4200/4200 4201/4201/4201 4202/4202/4202
f 4202/4202/4202 4203/4203/4203 4200/4200/4200
f 4204/4204/4204 4205/4205/4205 4206/4206/4206
f 4206/4206/4206 4207/4207/4207 4204/4204/4204
f 4208/4208/4208 4209/4209/4209 4210/4210/4210
f 4210/4210/4210 4211/4211/4211 4208/4208/4208
f 4212/4212/4212 4213/4213/4213 4214/4214/4214
f 4214/4214/4214 4215/4215/4215 4212/4212/4212
f 4216/4216/4216 4217/4217/4217 4218/4218/4218
f 4218/4218/4218 4219/4219/4219 4216/4216/4216
f 4220/4220/4220 4221/4221/4221 4222/4222/4222
f 4222/4222/4222 4223/4223/4223 4220/4220/4220
f 4224/4224/4224 4225/4225/4225 4226/4226/4226
f 4226/4226/4226 4227/4227/4227 4224/4224/4224
f 4228/4228/4228 4229/4229/4229 4230/4230/4230
f 4230/4230/4230 4231/4231/4231 4228/4228/4228
f 4232/4232/4232 4233/4233/4233 4234/4234/4234
f 4234/4234/4234 4235/4235/4235 4236/4236/4236
f 4232/4232/4232 4234/4234/4234 4236/4236/4236
f 4237/4237/4237 4238/4238/4238 4239/4239/4239
f 4239/4239/4239 4240/4240/4240 4237/4237/4237
f 4241/4241/4241 4237/4237/4237 4240/4240/4240
f 4240/4240/4240 4242/4242/4242 4241/4241/4241
f 4243/4243/4243 4241/4241/4241 4242/4242/4242
f 4242/4242/4242 4244/4244/4244 4243/4243/4243
f 4245/4245/4245 4243/4243/4243 4244/4244/4244
f 4244/4244/4244 4246/4246/4246 4245/4245/4245
f 4238/4238/4238 4245/4245/4245 4246/4246/4246
f 4246/4246/4246 4239/4239/4239 4238/4238/4238
f 4247/4247/4247 4248/4248/4248 4249/4249/4249
f 4249/4249/4249 4250/4250/4250 4251/4251/4251
f 4247/4247/4247 4249/4249/4249 4251/4251/4251
f 4252/4252/4252 4253/4253/4253 4254/4254/4254
f 4254/4254/4254 4255/4255/4255 4252/4252/4252
f 4253/4253/4253 4256/4256/4256 4257/4257/4257
f 4257/4257/4257 4254/4254/4254 4253/4253/4253
f 4256/4256/4256 4258/4258/4258 4259/4259/4259
f 4259/4259/4259 4257/4257/4257 4256/4256/4256
f 4258/4258/4258 4260/4260/4260 4261/4261/4261
f 4261/4261/4261 4259/4259/4259 4258/4258/4258
f 4260/4260/4260 4252/4252/4252 4255/4255/4255
f 4255/4255/4255 4261/4261/4261 4260/4260/4260
f 4262/4262/4262 4263/4263/4263 4264/4264/4264
f 4264/4264/4264 4265/4265/4265 4262/4262/4262
f 4266/4266/4266 4267/4267/4267 4268/4268/4268
f 4268/4268/4268 4269/4269/4269 4266/4266/4266
f 4263/4263/4263 4270/4270/4270 4271/4271/4271
f 4271/4271/4271 4264/4264/4264 4263/4263/4263
f 4272/4272/4272 4266/4266/4266 4269/4269/4269
f 4269/4269/4269 4273/4273/4273 4272/4272/4272
f 4270/4270/4270 4274/4274/4274 4275/4275/4275
f 4275/4275/4275 4271/4271/4271 4270/4270/4270
f 4276/4276/4276 4272/4272/4272 4273/4273/4273
f 4273/4273/4273 4277/4277/4277 4276/4276/4276
f 4274/4274/4274 4278/4278/4278 4279/4279/4279
f 4279/4279/4279 4275/4275/4275 4274/4274/4274
f 4280/4280/4280 4276/4276/4276 4277/4277/4277
f 4277/4277/4277 4281/4281/4281 4280/4280/4280
f 4278/4278/4278 4262/4262/4262 4265/4265/4265
f 4265/4265/4265 4279/4279/4279 4278/4278/4278
f 4267/4267/4267 4280/4280/4280 4281/4281/4281
f 4281/4281/4281 4268/4268/4268 4267/4267/4267
f 4282/4282/4282 4283/4283/4283 4284/4284/4284
f 4284/4284/4284 4285/4285/4285 4286/4286/4286
f 4282/4282/4282 4284/4284/4284 4286/4286/4286
f 4287/4287/4287 4288/4288/4288 4289/4289/4289
f 4289/4289/4289 4290/4290/4290 4287/4287/4287
f 4288/4288/4288 4291/4291/4291 4292/4292/4292
f 4292/4292/4292 4289/4289/4289 4288/4288/4288
f 4291/4291/4291 4293/4293/4293 4294/4294/4294
f 4294/4294/4294 4292/4292/4292 4291/4291/4291
f 4293/4293/4293 4295/4295/4295 4296/4296/4296
f 4296/4296/4296 4294/4294/4294 4293/4293/4293
f 4295/4295/4295 4287/4287/4287 4290/4290/4290
f 4290/4290/4290 4296/4296/4296 4295/4295/4295
f 4297/4297/4297 4298/4298/4298 4299/4299/4299
f 4299/4299/4299 4300/4300/4300 4297/4297/4297
f 4301/4301/4301 4302/4302/4302 4303/4303/4303
f 4303/4303/4303 4304/4304/4304 4301/4301/4301
f 4298/4298/4298 4305/4305/4305 4306/4306/4306
f 4306/4306/4306 4299/4299/4299 4298/4298/4298
f 4307/4307/4307 4301/4301/4301 4304/4304/4304
f 4304/4304/4304 4308/4308/4308 4307/4307/4307
f 4305/4305/4305 4309/4309/4309 4310/4310/4310
f 4310/4310/4310 4306/4306/4306 4305/4305/4305
f 4311/4311/4311 4307/4307/4307 4308/4308/4308
f 4308/4308/4308 4312/4312/4312 4311/4311/4311
f 4309/4309/4309 4313/4313/4313 4314/4314/4314
f 4314/4314/4314 4310/4310/4310 4309/4309/4309
f 4315/4315/4315 4311/4311/4311 4312/4312/4312
f 4312/4312/4312 4316/4316/4316 4315/4315/4315
f 4313/4313/4313 4297/4297/4297 4300/4300/4300
f 4300/4300/4300 4314/4314/4314 4313/4313/4313
f 4302/4302/4302 4315/4315/4315 4316/4316/4316
f 4316/4316/4316 4303/4303/4303 4302/4302/4302
f 4317/4317/4317 4318/4318/4318 4319/4319/4319
f 4319/4319/4319 4320/4320/4320 4321/4321/4321
f 4317/4317/4317 4319/4319/4319 4321/4321/4321
f 4322/4322/4322 4323/4323/4323 4324/4324/4324
f 4324/4324/4324 4325/4325/4325 4326/4326/4326
f 4322/4322/4322 4324/4324/4324 4326/4326/4326
f 4327/4327/4327 4328/4328/4328 4329/4329/4329
f 4329/4329/4329 4330/4330/4330 4327/4327/4327
f 4331/4331/4331 4327/4327/4327 4330/4330/4330
f 4330/4330/4330 4332/4332/4332 4331/4331/4331
f 4333/4333/4333 4331/4331/4331 4332/4332/4332
f 4332/4332/4332 4334/4334/4334 4333/4333/4333
f 4335/4335/4335 4333/4333/4333 4334/4334/4334
f 4334/4334/4334 4336/4336/4336 4335/4335/4335
f 4328/4328/4328 4335/4335/4335 4336/4336/4336
f 4336/4336/4336 4329/4329/4329 4328/4328/4328
f 4337/4337/4337 4338/4338/4338 4339/4339/4339
f 4339/4339/4339 4340/4340/4340 4341/4341/4341
f 4337/4337/4337 4339/4339/4339 4341/4341/4341
f 4342/4342/4342 4343/4343/4343 4344/4344/4344
f 4344/4344/4344 4345/4345/4345 4342/4342/4342
f 4343/4343/4343 4346/4346/4346 4347/4347/4347
f 4347/4347/4347 4344/4344/4344 4343/4343/4343
f 4346/4346/4346 4348/4348/4348 4349/4349/4349
f 4349/4349/4349 4347/4347/4347 4346/4346/4346
f 4348/4348/4348 4350/4350/4350 4351/4351/4351
f 4351/4351/4351 4349/4349/4349 4348/4348/4348
f 4350/4350/4350 4342/4342/4342 4345/4345/4345
f 4345/4345/4345 4351/4351/4351 4350/4350/4350
f 4352/4352/4352 4353/4353/4353 4354/4354/4354
f 4354/4354/4354 4355/4355/4355 4352/4352/4352
f 4356/4356/4356 4357/4357/4357 4358/4358/4358
f 4358/4358/4358 4359/4359/4359 4356/4356/4356
f 4353/4353/4353 4360/4360/4360 4361/4361/4361
f 4361/4361/4361 4354/4354/4354 4353/4353/4353
f 4362/4362/4362 4356/4356/4356 4359/4359/4359
f 4359/4359/4359 4363/4363/4363 4362/4362/4362
f 4360/4360/4360 4364/4364/4364 4365/4365/4365
f 4365/4365/4365 4361/4361/4361 4360/4360/4360
f 4366/4366/4366 4362/4362/4362 4363/4363/4363
f 4363/4363/4363 4367/4367/4367 4366/4366/4366
f 4364/4364/4364 4368/4368/4368 4369/4369/4369
f 4369/4369/4369 4365/4365/4365 4364/4364/4364
f 4370/4370/4370 4366/4366/4366 4367/4367/4367
f 4367/4367/4367 4371/4371/4371 4370/4370/4370
f 4368/4368/4368 4352/4352/4352 4355/4355/4355
f 4355/4355/4355 4369/4369/4369 4368/4368/4368
f 4357/4357/4357 4370/4370/4370 4371/4371/4371
f 4371/4371/4371 4358/4358/4358 4357/4357/4357
f 4372/4372/4372 4373/4373/4373 4374/4374/4374
f 4374/4374/4374 4375/4375/4375 4376/4376/4376
f 4372/4372/4372 4374/4374/4374 4376/4376/4376
f 4377/4377/4377 4378/4378/4378 4379/4379/4379
f 4379/4379/4379 4380/4380/4380 4377/4377/4377
f 4378/4378/4378 4381/4381/4381 4382/4382/4382
f 4382/4382/4382 4379/4379/4379 4378/4378/4378
f 4381/4381/4381 4383/4383/4383 4384/4384/4384
f 4384/4384/4384 4382/4382/4382 4381/4381/4381
f 4383/4383/4383 4385/4385/4385 4386/4386/4386
f 4386/4386/4386 4384/4384/4384 4383/4383/4383
f 4385/4385/4385 4377/4377/4377 4380/4380/4380
f 4380/4380/4380 4386/4386/4386 4385/4385/4385
f 4387/4387/4387 4388/4388/4388 4389/4389/4389
f 4389/4389/4389 4390/4390/4390 4387/4387/4387
f 4391/4391/4391 4392/4392/4392 4393/4393/4393
f 4393/4393/4393 4394/4394/4394 4391/4391/4391
f 4388/4388/4388 4395/4395/4395 4396/4396/4396
f 4396/4396/4396 4389/4389/4389 4388/4388/4388
f 4397/4397/4397 4391/4391/4391 4394/4394/4394
f 4394/4394/4394 4398/4398/4398 4397/4397/4397
f 4395/4395/4395 4399/4399/4399 4400/4400/4400
f 4400/4400/4400 4396/4396/4396 4395/4395/4395
f 4401/4401/4401 4397/4397/4397 4398/4398/4398
f 4398/4398/4398 4402/4402/4402 4401/4401/4401
f 4399/4399/4399 4403/4403/4403 4404/4404/4404
f 4404/4404/4404 4400/4400/4400 4399/4399/4399
f 4405/4405/4405 4401/4401/4401 4402/4402/4402
f 4402/4402/4402 4406/4406/4406 4405/4405/4405
f 4403/4403/4403 4387/4387/4387 4390/4390/4390
f 4390/4390/4390 4404/4404/4404 4403/4403/4403
f 4392/4392/4392 4405/4405/4405 4406/4406/4406
f 4406/4406/4406 4393/4393/4393 4392/4392/4392
f 4407/4407/4407 4408/4408/4408 4409/4409/4409
f 4409/4409/4409 4410/4410/4410 4411/4411/4411
f 4407/4407/4407 4409/4409/4409 4411/4411/4411
f 4412/4412/4412 4413/4413/4413 4414/4414/4414
f 4414/4414/4414 4415/4415/4415 4416/4416/4416
f 4412/4412/4412 4414/4414/4414 4416/4416/4416
f 4417/4417/4417 4418/4418/4418 4419/4419/4419
f 4419/4419/4419 4420/4420/4420 4417/4417/4417
f 4421/4421/4421 4417/4417/4417 4420/4420/4420
f 4420/4420/4420 4422/4422/4422 4421/4421/4421
f 4423/4423/4423 4421/4421/4421 4422/4422/4422
f 4422/4422/4422 4424/4424/4424 4423/4423/4423
f 4425/4425/4425 4423/4423/4423 4424/4424/4424
f 4424/4424/4424 4426/4426/4426 4425/4425/4425
f 4418/4418/4418 4425/4425/4425 4426/4426/4426
f 4426/4426/4426 4419/4419/4419 4418/4418/4418
f 4427/4427/4427 4428/4428/4428 4429/4429/4429
f 4429/4429/4429 4430/4430/4430 4431/4431/4431
f 4427/4427/4427 4429/4429/4429 4431/4431/4431
f 4432/4432/4432 4433/4433/4433 4434/4434/4434
f 4434/4434/4434 4435/4435/4435 4432/4432/4432
f 4433/4433/4433 4436/4436/4436 4437/4437/4437
f 4437/4437/4437 4434/4434/4434 4433/4433/4433
f 4436/4436/4436 4438/4438/4438 4439/4439/4439
f 4439/4439/4439 4437/4437/4437 4436/4436/4436
f 4438/4438/4438 4440/4440/4440 4441/4441/4441
f 4441/4441/4441 4439/4439/4439 4438/4438/4438
f 4440/4440/4440 4432/4432/4432 4435/4435/4435
f 4435/4435/4435 4441/4441/4441 4440/4440/4440
f 4442/4442/4442 4443/4443/4443 4444/4444/4444
f 4444/4444/4444 4445/4445/4445 4442/4442/4442
f 4446/4446/4446 4447/4447/4447 4448/4448/4448
f 4448/4448/4448 4449/4449/4449 4446/4446/4446
f 4443/4443/4443 4450/4450/4450 4451/4451/4451
f 4451/4451/4451 4444/4444/4444 4443/4443/4443
f 4452/4452/4452 4446/4446/4446 4449/4449/4449
f 4449/4449/4449 4453/4453/4453 4452/4452/4452
f 4450/4450/4450 4454/4454/4454 4455/4455/4455
f 4455/4455/4455 4451/4451/4451 4450/4450/4450
f 4456/4456/4456 4452/4452/4452 4453/4453/4453
f 4453/4453/4453 4457/4457/4457 4456/4456/4456
f 4454/4454/4454 4458/4458/4458 4459/4459/4459
f 4459/4459/4459 4455/4455/4455 4454/4454/4454
f 4460/4460/4460 4456/4456/4456 4457/4457/4457
f 4457/4457/4457 4461/4461/4461 4460/4460/4460
f 4458/4458/4458 4442/4442/4442 4445/4445/4445
f 4445/4445/4445 4459/4459/4459 4458/4458/4458
f 4447/4447/4447 4460/4460/4460 4461/4461/4461
f 4461/4461/4461 4448/4448/4448 4447/4447/4447
f 4462/4462/4462 4463/4463/4463 4464/4464/4464
f 4464/4464/4464 4465/4465/4465 4466/4466/4466
f 4462/4462/4462 4464/4464/4464 4466/4466/4466
f 4467/4467/4467 4468/4468/4468 4469/4469/4469
f 4469/4469/4469 4470/4470/4470 4467/4467/4467
f 4468/4468/4468 4471/4471/4471 4472/4472/4472
f 4472/4472/4472 4469/4469/4469 4468/4468/4468
f 4471/4471/4471 4473/4473/4473 4474/4474/4474
f 4474/4474/4474 4472/4472/4472 4471/4471/4471
f 4473/4473/4473 4475/4475/4475 4476/4476/4476
f 4476/4476/4476 4474/4474/4474 4473/4473/4473
f 4475/4475/4475 4467/4467/4467 4470/4470/4470
f 4470/4470/4470 4476/4476/4476 4475/4475/4475
f 4477/4477/4477 4478/4478/4478 4479/4479/4479
f 4479/4479/4479 4480/4480/4480 4477/4477/4477
f 4481/4481/4481 4482/4482/4482 4483/4483/4483
f 4483/4483/4483 4484/4484/4484 4481/4481/4481
f 4478/4478/4478 4485/4485/4485 4486/4486/4486
f 4486/4486/4486 4479/4479/4479 4478/4478/4478
f 4487/4487/4487 4481/4481/4481 4484/4484/4484
f 4484/4484/4484 4488/4488/4488 4487/4487/4487
f 4485/4485/4485 4489/4489/4489 4490/4490/4490
f 4490/4490/4490 4486/4486/4486 4485/4485/4485
f 4491/4491/4491 4487/4487/4487 4488/4488/4488
f 4488/4488/4488 4492/4492/4492 4491/4491/4491
f 4489/4489/4489 4493/4493/4493 4494/4494/4494
f 4494/4494/4494 4490/4490/4490 4489/4489/4489
f 4495/4495/4495 4491/4491/4491 4492/4492/4492
f 4492/4492/4492 4496/4496/4496 4495/4495/4495
f 4493/4493/4493 4477/4477/4477 4480/4480/4480
f 4480/4480/4480 4494/4494/4494 4493/4493/4493
f 4482/4482/4482 4495/4495/4495 4496/4496/4496
f 4496/4496/4496 4483/4483/4483 4482/4482/4482
f 4497/4497/4497 4498/4498/4498 4499/4499/4499
f 4499/4499/4499 4500/4500/4500 4501/4501/4501
f 4497/4497/4497 4499/4499/4499 4501/4501/4501
f 4502/4502/4502 4503/4503/4503 4504/4504/4504
f 4504/4504/4504 4505/4505/4505 4502/4502/4502
f 4506/4506/4506 4507/4507/4507 4508/4508/4508
f 4508/4508/4508 4509/4509/4509 4506/4506/4506
f 4510/4510/4510 4511/4511/4511 4512/4512/4512
f 4512/4512/4512 4513/4513/4513 4510/4510/4510
f 4514/4514/4514 4515/4515/4515 4516/4516/4516
f 4516/4516/4516 4517/4517/4517 4514/4514/4514
f 4518/4518/4518 4519/4519/4519 4520/4520/4520
f 4520/4520/4520 4521/4521/4521 4518/4518/4518
