mtllib console.mtl
o g0
v -0.667606 -0.265906 1.892871
v -0.667606 -0.013542 1.732861
v 0.000000 -0.013542 1.732861
v 0.000000 -0.265906 1.892872
v -0.667606 -0.538781 2.375567
v 0.000000 -0.538781 2.375567
v 0.000000 -0.538781 2.583296
v -0.667606 -0.538781 2.583296
v -0.667606 -0.480762 2.366005
v 0.000000 -0.480762 2.366005
v 0.000000 -0.529219 2.366005
v -0.667606 -0.529219 2.366005
v -0.667606 -0.480762 2.366005
v -0.667606 -0.468769 2.356758
v 0.000000 -0.468769 2.356758
v 0.000000 -0.480762 2.366005
v -0.667606 -0.538781 2.375567
v -0.667606 -0.529219 2.366005
v 0.000000 -0.529219 2.366005
v 0.000000 -0.538781 2.375567
v -0.221407 -0.296267 2.081386
v -0.527001 -0.296267 2.081386
v -0.539899 -0.334416 2.049534
v -0.208510 -0.334416 2.049534
v -0.221407 -0.371134 2.251294
v -0.221407 -0.296267 2.081386
v -0.208510 -0.334416 2.049534
v -0.208671 -0.419772 2.244718
v -0.221407 -0.371134 2.251294
v -0.208671 -0.419772 2.244718
v -0.539737 -0.419772 2.244718
v -0.527001 -0.371134 2.251294
v -0.221407 -0.371134 2.251294
v -0.527001 -0.371134 2.251294
v -0.527001 -0.296267 2.081386
v -0.221407 -0.296267 2.081386
v -0.539738 -0.419463 2.244010
v -0.539899 -0.334416 2.049534
v -0.527001 -0.296267 2.081386
v -0.527001 -0.371134 2.251294
v -0.539737 -0.419772 2.244718
v -0.164495 -0.419772 2.244718
v -0.165534 -0.419772 2.244718
v -0.165184 -0.418435 2.244899
v -0.165535 -0.419463 2.244010
v -0.165184 -0.418435 2.244899
v -0.165534 -0.419772 2.244718
v -0.332302 -0.073857 1.576983
v -0.332302 -0.030255 1.570411
v -0.332302 -0.093136 1.155698
v -0.332302 -0.136369 1.162214
v -0.332302 -0.073857 1.576983
v 0.000000 -0.073857 1.576983
v 0.000000 -0.030255 1.570411
v -0.332302 -0.030255 1.570411
v -0.332302 -0.136369 1.162214
v 0.000000 -0.136369 1.162214
v 0.000000 -0.073857 1.576983
v -0.332302 -0.073857 1.576983
v -0.414246 -0.064454 1.344865
v -0.599846 -0.064454 1.344865
v -0.599846 -0.069575 1.345661
v -0.414246 -0.069575 1.345661
v -0.414246 -0.105071 1.117322
v -0.414246 -0.099096 1.116393
v -0.414246 -0.064454 1.344865
v -0.414246 -0.069575 1.345661
v -0.599846 -0.105071 1.117322
v -0.599846 -0.099096 1.116393
v -0.414246 -0.099096 1.116393
v -0.414246 -0.105071 1.117322
v -0.516399 -0.074646 1.313041
v -0.582903 -0.074646 1.313041
v -0.579557 -0.070782 1.312440
v -0.513053 -0.070782 1.312440
v -0.579557 -0.075853 1.279820
v -0.582903 -0.079717 1.280421
v -0.516399 -0.079717 1.280421
v -0.513053 -0.075853 1.279820
v -0.582903 -0.074646 1.313041
v -0.582903 -0.079717 1.280421
v -0.579557 -0.075853 1.279820
v -0.579557 -0.070782 1.312440
v -0.516399 -0.084788 1.247801
v -0.582903 -0.084788 1.247801
v -0.579557 -0.080924 1.247201
v -0.513053 -0.080924 1.247201
v -0.579557 -0.085995 1.214581
v -0.582903 -0.089858 1.215181
v -0.516399 -0.089858 1.215181
v -0.513053 -0.085995 1.214581
v -0.582903 -0.084788 1.247801
v -0.582903 -0.089858 1.215181
v -0.579557 -0.085995 1.214581
v -0.579557 -0.080924 1.247201
v -0.582903 -0.094929 1.182562
v -0.579557 -0.091066 1.181961
v -0.513053 -0.091066 1.181961
v -0.516399 -0.094929 1.182562
v -0.579557 -0.096137 1.149341
v -0.582903 -0.100000 1.149942
v -0.516399 -0.100000 1.149942
v -0.513053 -0.096137 1.149341
v -0.582903 -0.094929 1.182562
v -0.582903 -0.100000 1.149942
v -0.579557 -0.096137 1.149341
v -0.579557 -0.091066 1.181961
v -0.497693 -0.074646 1.313041
v -0.497693 -0.079717 1.280421
v -0.494347 -0.075853 1.279820
v -0.494347 -0.070782 1.312440
v -0.431189 -0.074646 1.313041
v -0.497693 -0.074646 1.313041
v -0.494347 -0.070782 1.312440
v -0.427843 -0.070782 1.312440
v -0.431189 -0.074646 1.313041
v -0.427843 -0.070782 1.312440
v -0.427843 -0.075853 1.279820
v -0.431189 -0.079717 1.280421
v -0.497693 -0.079717 1.280421
v -0.431189 -0.079717 1.280421
v -0.427843 -0.075853 1.279820
v -0.494347 -0.075853 1.279820
v -0.513053 -0.075853 1.279820
v -0.516399 -0.079717 1.280421
v -0.516399 -0.074646 1.313041
v -0.513053 -0.070782 1.312440
v -0.431189 -0.084788 1.247801
v -0.497693 -0.084788 1.247801
v -0.494347 -0.080924 1.247201
v -0.427843 -0.080924 1.247201
v -0.431189 -0.084788 1.247801
v -0.427843 -0.080924 1.247201
v -0.427843 -0.085995 1.214581
v -0.431189 -0.089858 1.215181
v -0.497693 -0.089858 1.215181
v -0.431189 -0.089858 1.215181
v -0.427843 -0.085995 1.214581
v -0.494347 -0.085995 1.214581
v -0.431189 -0.094929 1.182562
v -0.427843 -0.091066 1.181961
v -0.427843 -0.096137 1.149341
v -0.431189 -0.100000 1.149942
v -0.497693 -0.100000 1.149942
v -0.431189 -0.100000 1.149942
v -0.427843 -0.096137 1.149341
v -0.494347 -0.096137 1.149341
v -0.431189 -0.094929 1.182562
v -0.497693 -0.094929 1.182562
v -0.494347 -0.091066 1.181961
v -0.427843 -0.091066 1.181961
v -0.494347 -0.085995 1.214581
v -0.494347 -0.080924 1.247201
v -0.497693 -0.084788 1.247801
v -0.497693 -0.089858 1.215181
v -0.513053 -0.085995 1.214581
v -0.516399 -0.089858 1.215181
v -0.516399 -0.084788 1.247801
v -0.513053 -0.080924 1.247201
v -0.494347 -0.096137 1.149341
v -0.494347 -0.091066 1.181961
v -0.497693 -0.094929 1.182562
v -0.497693 -0.100000 1.149942
v -0.513053 -0.096137 1.149341
v -0.516399 -0.100000 1.149942
v -0.516399 -0.094929 1.182562
v -0.513053 -0.091066 1.181961
v -0.599846 -0.064454 1.344865
v -0.599846 -0.099096 1.116393
v -0.599846 -0.105071 1.117322
v -0.599846 -0.069575 1.345661
v -0.599846 -0.064109 1.380821
v -0.599846 -0.059120 1.380045
v -0.414246 -0.059120 1.380045
v -0.414246 -0.064109 1.380821
v -0.599846 -0.030243 1.570491
v -0.599846 -0.059120 1.380045
v -0.599846 -0.064109 1.380821
v -0.599846 -0.034521 1.571156
v -0.414246 -0.030243 1.570491
v -0.599846 -0.030243 1.570491
v -0.599846 -0.034521 1.571156
v -0.414246 -0.034521 1.571156
v -0.414246 -0.064109 1.380821
v -0.414246 -0.034521 1.571156
v -0.599846 -0.034521 1.571156
v -0.599846 -0.064109 1.380821
v -0.414246 -0.064109 1.380821
v -0.414246 -0.059120 1.380045
v -0.414246 -0.030243 1.570491
v -0.414246 -0.034521 1.571156
v -0.263766 -0.420775 0.908309
v -0.263766 -0.431450 0.932509
v -0.223293 -0.394420 0.948843
v -0.223293 -0.383723 0.924593
v -0.223293 -0.383723 0.924593
v -0.223293 -0.394420 0.948843
v 0.000000 -0.394420 0.948843
v 0.000000 -0.383723 0.924593
v -0.263766 -0.588956 0.847134
v -0.263766 -0.431450 0.932509
v -0.263766 -0.420775 0.908309
v -0.263766 -0.584247 0.836461
v -0.263766 -0.431450 0.932509
v -0.263766 -0.588956 0.847134
v 0.000000 -0.588956 0.847134
v 0.000000 -0.431450 0.932509
v -0.263766 -0.431450 0.932509
v 0.000000 -0.431450 0.932509
v 0.000000 -0.394420 0.948843
v -0.223293 -0.394420 0.948843
v -0.553875 -0.221801 1.013419
v -0.507270 -0.170366 1.035998
v -0.507270 -0.163878 1.021218
v -0.553875 -0.215303 0.998616
v -0.507270 -0.163878 1.021218
v -0.507270 -0.170366 1.035998
v -0.148136 -0.170366 1.035998
v -0.148136 -0.163878 1.021218
v -0.148136 -0.163878 1.021218
v -0.148136 -0.170366 1.035998
v -0.119291 -0.189828 1.027455
v -0.119291 -0.183336 1.012666
v -0.119291 -0.183336 1.012666
v -0.119291 -0.189828 1.027455
v -0.119291 -0.340142 0.961469
v -0.119291 -0.333621 0.946614
v -0.119291 -0.333621 0.946614
v -0.119291 -0.340142 0.961469
v -0.257444 -0.340142 0.961468
v -0.257444 -0.333621 0.946614
v -0.257444 -0.333621 0.946614
v -0.257444 -0.340142 0.961468
v -0.371161 -0.437269 0.918831
v -0.371161 -0.430729 0.903934
v -0.371161 -0.430729 0.903934
v -0.371161 -0.437269 0.918831
v -0.371161 -0.586012 0.853534
v -0.371161 -0.579444 0.838572
v -0.371161 -0.579444 0.838572
v -0.371161 -0.586012 0.853534
v -0.503775 -0.586012 0.853534
v -0.503775 -0.579444 0.838572
v -0.503775 -0.586012 0.853534
v -0.553875 -0.537358 0.874893
v -0.553875 -0.530799 0.859952
v -0.503775 -0.579444 0.838572
v -0.553875 -0.537358 0.874893
v -0.553875 -0.221801 1.013419
v -0.553875 -0.215303 0.998616
v -0.553875 -0.530799 0.859952
v -0.397207 -0.403431 0.933685
v -0.397207 -0.358135 0.953570
v -0.393861 -0.354705 0.945756
v -0.393861 -0.400001 0.925871
v -0.441569 -0.403431 0.933685
v -0.438223 -0.400001 0.925871
v -0.438223 -0.354705 0.945756
v -0.441569 -0.358135 0.953570
v -0.456534 -0.403431 0.933685
v -0.456534 -0.358135 0.953570
v -0.453188 -0.354705 0.945756
v -0.453188 -0.400001 0.925871
v -0.456534 -0.403431 0.933685
v -0.453188 -0.400001 0.925871
v -0.527091 -0.400001 0.925871
v -0.530437 -0.403431 0.933685
v -0.441569 -0.542187 0.872773
v -0.397207 -0.542187 0.872773
v -0.393861 -0.538757 0.864959
v -0.438223 -0.538757 0.864959
v -0.393861 -0.493461 0.884844
v -0.397207 -0.496891 0.892657
v -0.441569 -0.496891 0.892657
v -0.438223 -0.493461 0.884844
v -0.441569 -0.427513 0.923113
v -0.438223 -0.424083 0.915300
v -0.393861 -0.424083 0.915300
v -0.397207 -0.427513 0.923113
v -0.397207 -0.472809 0.903229
v -0.393861 -0.469379 0.895415
v -0.438223 -0.469379 0.895415
v -0.441569 -0.472809 0.903229
v -0.393861 -0.469379 0.895415
v -0.397207 -0.472809 0.903229
v -0.397207 -0.427513 0.923113
v -0.393861 -0.424083 0.915300
v -0.397207 -0.496891 0.892657
v -0.393861 -0.493461 0.884844
v -0.393861 -0.538757 0.864959
v -0.397207 -0.542187 0.872773
v -0.441569 -0.542187 0.872773
v -0.438223 -0.538757 0.864959
v -0.438223 -0.493461 0.884844
v -0.441569 -0.496891 0.892657
v -0.456534 -0.542187 0.872773
v -0.456534 -0.496891 0.892657
v -0.453188 -0.493461 0.884844
v -0.453188 -0.538757 0.864959
v -0.456534 -0.542187 0.872773
v -0.453188 -0.538757 0.864959
v -0.527091 -0.538757 0.864959
v -0.530437 -0.542187 0.872773
v -0.530437 -0.542187 0.872773
v -0.527091 -0.538757 0.864959
v -0.527091 -0.493461 0.884844
v -0.530437 -0.496891 0.892657
v -0.530437 -0.496891 0.892657
v -0.527091 -0.493461 0.884844
v -0.453188 -0.493461 0.884844
v -0.456534 -0.496891 0.892657
v -0.527091 -0.469379 0.895415
v -0.530437 -0.472809 0.903229
v -0.456534 -0.472809 0.903229
v -0.453188 -0.469379 0.895415
v -0.527091 -0.424083 0.915300
v -0.453188 -0.424083 0.915300
v -0.456534 -0.427513 0.923113
v -0.530437 -0.427513 0.923113
v -0.453188 -0.424083 0.915300
v -0.453188 -0.469379 0.895415
v -0.456534 -0.472809 0.903229
v -0.456534 -0.427513 0.923113
v -0.441569 -0.472809 0.903229
v -0.438223 -0.469379 0.895415
v -0.438223 -0.424083 0.915300
v -0.441569 -0.427513 0.923113
v -0.527091 -0.354705 0.945756
v -0.453188 -0.354705 0.945756
v -0.456534 -0.358135 0.953570
v -0.530437 -0.358135 0.953570
v -0.456534 -0.334054 0.964141
v -0.456534 -0.288758 0.984026
v -0.453188 -0.285327 0.976212
v -0.453188 -0.330624 0.956328
v -0.453188 -0.330624 0.956328
v -0.527091 -0.330624 0.956328
v -0.530437 -0.334054 0.964141
v -0.456534 -0.334054 0.964141
v -0.438223 -0.354705 0.945756
v -0.393861 -0.354705 0.945756
v -0.397207 -0.358135 0.953570
v -0.441569 -0.358135 0.953570
v -0.441569 -0.403431 0.933685
v -0.397207 -0.403431 0.933685
v -0.393861 -0.400001 0.925871
v -0.438223 -0.400001 0.925871
v -0.438223 -0.330624 0.956328
v -0.441569 -0.334054 0.964141
v -0.397207 -0.334054 0.964141
v -0.393861 -0.330624 0.956328
v -0.438223 -0.285327 0.976212
v -0.393861 -0.285327 0.976212
v -0.397207 -0.288758 0.984026
v -0.441569 -0.288758 0.984026
v -0.441569 -0.334054 0.964141
v -0.438223 -0.330624 0.956328
v -0.438223 -0.285327 0.976212
v -0.441569 -0.288758 0.984026
v -0.393861 -0.285327 0.976212
v -0.393861 -0.330624 0.956328
v -0.397207 -0.334054 0.964141
v -0.397207 -0.288758 0.984026
v -0.397207 -0.219380 1.014482
v -0.441569 -0.219380 1.014482
v -0.438223 -0.215949 1.006668
v -0.393861 -0.215949 1.006668
v -0.441569 -0.264676 0.994597
v -0.438223 -0.261246 0.986784
v -0.438223 -0.215949 1.006668
v -0.441569 -0.219380 1.014482
v -0.456534 -0.219380 1.014482
v -0.530437 -0.219380 1.014482
v -0.527091 -0.215949 1.006668
v -0.453188 -0.215949 1.006668
v -0.453188 -0.215949 1.006668
v -0.453188 -0.261246 0.986784
v -0.456534 -0.264676 0.994597
v -0.456534 -0.219380 1.014482
v -0.527091 -0.261246 0.986784
v -0.527091 -0.215949 1.006668
v -0.530437 -0.219380 1.014482
v -0.530437 -0.264676 0.994597
v -0.285230 -0.191082 1.017585
v -0.288576 -0.194512 1.025398
v -0.288576 -0.239808 1.005514
v -0.285230 -0.236378 0.997700
v -0.233597 -0.191082 1.017585
v -0.233597 -0.236378 0.997700
v -0.236944 -0.239808 1.005514
v -0.236944 -0.194512 1.025398
v -0.161314 -0.194512 1.025398
v -0.212947 -0.194512 1.025398
v -0.209601 -0.191082 1.017585
v -0.157968 -0.191082 1.017585
v -0.161314 -0.239808 1.005514
v -0.161314 -0.194512 1.025398
v -0.157968 -0.191082 1.017585
v -0.157968 -0.236378 0.997700
v -0.161314 -0.239808 1.005514
v -0.157968 -0.236378 0.997700
v -0.209601 -0.236378 0.997700
v -0.212947 -0.239808 1.005514
v -0.161314 -0.263889 0.994942
v -0.212947 -0.263889 0.994942
v -0.209601 -0.260459 0.987129
v -0.157968 -0.260459 0.987129
v -0.161314 -0.309186 0.975058
v -0.161314 -0.263889 0.994942
v -0.157968 -0.260459 0.987129
v -0.157968 -0.305755 0.967244
v -0.161314 -0.309186 0.975058
v -0.157968 -0.305755 0.967244
v -0.209601 -0.305755 0.967244
v -0.212947 -0.309186 0.975058
v -0.212947 -0.309186 0.975058
v -0.209601 -0.305755 0.967244
v -0.209601 -0.260459 0.987129
v -0.212947 -0.263889 0.994942
v -0.236944 -0.309186 0.975058
v -0.236944 -0.263889 0.994942
v -0.233597 -0.260459 0.987129
v -0.233597 -0.305755 0.967244
v -0.236944 -0.309186 0.975058
v -0.233597 -0.305755 0.967244
v -0.285230 -0.305755 0.967244
v -0.288576 -0.309186 0.975058
v -0.233597 -0.260459 0.987129
v -0.236944 -0.263889 0.994942
v -0.288576 -0.263889 0.994942
v -0.285230 -0.260459 0.987129
v -0.212947 -0.239808 1.005514
v -0.209601 -0.236378 0.997700
v -0.209601 -0.191082 1.017585
v -0.212947 -0.194512 1.025398
v -0.236944 -0.239808 1.005514
v -0.233597 -0.236378 0.997700
v -0.285230 -0.236378 0.997700
v -0.288576 -0.239808 1.005514
v -0.285230 -0.191082 1.017585
v -0.233597 -0.191082 1.017585
v -0.236944 -0.194512 1.025398
v -0.288576 -0.194512 1.025398
v -0.393861 -0.215949 1.006668
v -0.393861 -0.261246 0.986784
v -0.397207 -0.264676 0.994597
v -0.397207 -0.219380 1.014482
v -0.288576 -0.309186 0.975058
v -0.285230 -0.305755 0.967244
v -0.285230 -0.260459 0.987129
v -0.288576 -0.263889 0.994942
v -0.397207 -0.264676 0.994597
v -0.393861 -0.261246 0.986784
v -0.438223 -0.261246 0.986784
v -0.441569 -0.264676 0.994597
v -0.453188 -0.285327 0.976212
v -0.456534 -0.288758 0.984026
v -0.530437 -0.288758 0.984026
v -0.527091 -0.285327 0.976212
v -0.453188 -0.261246 0.986784
v -0.527091 -0.261246 0.986784
v -0.530437 -0.264676 0.994597
v -0.456534 -0.264676 0.994597
v -0.530437 -0.334054 0.964141
v -0.527091 -0.330624 0.956328
v -0.527091 -0.285327 0.976212
v -0.530437 -0.288758 0.984026
v -0.530437 -0.403431 0.933685
v -0.527091 -0.400001 0.925871
v -0.527091 -0.354705 0.945756
v -0.530437 -0.358135 0.953570
v -0.530437 -0.472809 0.903229
v -0.527091 -0.469379 0.895415
v -0.527091 -0.424083 0.915300
v -0.530437 -0.427513 0.923113
v -0.530437 -0.219380 1.014482
v -0.553875 -0.221801 1.013419
v -0.530437 -0.264676 0.994597
v -0.497693 -0.074646 1.313041
v -0.414246 -0.069575 1.345661
v -0.516399 -0.074646 1.313041
v -0.119291 -0.340142 0.961469
v -0.119291 -0.189828 1.027455
v -0.148136 -0.170366 1.035998
v -0.161314 -0.194512 1.025398
v -0.161314 -0.239808 1.005514
v -0.161314 -0.263889 0.994942
v -0.161314 -0.309186 0.975058
v -0.212947 -0.309186 0.975058
v -0.212947 -0.263889 0.994942
v -0.212947 -0.239808 1.005514
v -0.212947 -0.194512 1.025398
v -0.507270 -0.170366 1.035998
v -0.456534 -0.219380 1.014482
v -0.456534 -0.264676 0.994597
v -0.553875 -0.537358 0.874893
v -0.530437 -0.334054 0.964141
v -0.530437 -0.288758 0.984026
v -0.456534 -0.288758 0.984026
v -0.441569 -0.264676 0.994597
v -0.441569 -0.219380 1.014482
v -0.397207 -0.219380 1.014482
v -0.397207 -0.264676 0.994597
v -0.288576 -0.239808 1.005514
v -0.288576 -0.194512 1.025398
v -0.236944 -0.194512 1.025398
v -0.236944 -0.239808 1.005514
v -0.441569 -0.288758 0.984026
v -0.397207 -0.288758 0.984026
v -0.397207 -0.334054 0.964141
v -0.441569 -0.334054 0.964141
v -0.456534 -0.334054 0.964141
v -0.530437 -0.358135 0.953570
v -0.456534 -0.358135 0.953570
v -0.456534 -0.403431 0.933685
v -0.530437 -0.403431 0.933685
v -0.530437 -0.472809 0.903229
v -0.530437 -0.427513 0.923113
v -0.456534 -0.427513 0.923113
v -0.456534 -0.472809 0.903229
v -0.530437 -0.496891 0.892657
v -0.456534 -0.496891 0.892657
v -0.441569 -0.472809 0.903229
v -0.441569 -0.427513 0.923113
v -0.397207 -0.427513 0.923113
v -0.397207 -0.472809 0.903229
v -0.441569 -0.496891 0.892657
v -0.397207 -0.496891 0.892657
v -0.397207 -0.542187 0.872773
v -0.441569 -0.542187 0.872773
v -0.456534 -0.542187 0.872773
v -0.530437 -0.542187 0.872773
v -0.503775 -0.586012 0.853534
v -0.371161 -0.586012 0.853534
v -0.371161 -0.437269 0.918831
v -0.397207 -0.358135 0.953570
v -0.397207 -0.403431 0.933685
v -0.441569 -0.403431 0.933685
v -0.441569 -0.358135 0.953570
v -0.257444 -0.340142 0.961468
v -0.236944 -0.309186 0.975058
v -0.288576 -0.309186 0.975058
v -0.288576 -0.263889 0.994942
v -0.236944 -0.263889 0.994942
v -0.439576 -0.082299 1.541333
v -0.439576 -0.079555 1.559051
v -0.470308 -0.079555 1.559051
v -0.470308 -0.082299 1.541333
v -0.439576 -0.082299 1.541333
v -0.470308 -0.082299 1.541333
v -0.476110 -0.042329 1.522794
v -0.433774 -0.042329 1.522794
v -0.439576 -0.082299 1.541333
v -0.433774 -0.042329 1.522794
v -0.433774 -0.035850 1.564631
v -0.439576 -0.079555 1.559051
v -0.476110 -0.035850 1.564631
v -0.476110 -0.042329 1.522794
v -0.470308 -0.082299 1.541333
v -0.470308 -0.079555 1.559051
v -0.476110 -0.035850 1.564631
v -0.470308 -0.079555 1.559051
v -0.439576 -0.079555 1.559051
v -0.433774 -0.035850 1.564631
v -0.540956 -0.082299 1.541333
v -0.540956 -0.079555 1.559051
v -0.571688 -0.079555 1.559051
v -0.571688 -0.082299 1.541333
v -0.540956 -0.082299 1.541333
v -0.571688 -0.082299 1.541333
v -0.577490 -0.042329 1.522794
v -0.535154 -0.042329 1.522794
v -0.540956 -0.082299 1.541333
v -0.535154 -0.042329 1.522794
v -0.535154 -0.035850 1.564631
v -0.540956 -0.079555 1.559051
v -0.577490 -0.035850 1.564631
v -0.577490 -0.042329 1.522794
v -0.571688 -0.082299 1.541333
v -0.571688 -0.079555 1.559051
v -0.577490 -0.035850 1.564631
v -0.571688 -0.079555 1.559051
v -0.540956 -0.079555 1.559051
v -0.535154 -0.035850 1.564631
v 0.000000 -0.475969 0.228300
v -0.667606 -0.475969 0.228300
v -0.667606 -0.602584 0.000000
v 0.000000 -0.602584 0.000000
v 0.000000 -0.617714 0.812190
v -0.667606 -0.617714 0.812190
v -0.667606 -0.617714 0.776768
v 0.000000 -0.617714 0.776768
v 0.000000 -0.608301 0.765524
v -0.667606 -0.608301 0.765524
v -0.667606 -0.480613 0.742706
v 0.000000 -0.480613 0.742706
v 0.000000 -0.471200 0.731462
v -0.667606 -0.471200 0.731462
v -0.667606 -0.471200 0.246149
v 0.000000 -0.471200 0.246149
v 0.000000 -0.608960 0.825599
v -0.667606 -0.608960 0.825599
v -0.667606 -0.617714 0.812190
v 0.000000 -0.617714 0.812190
v 0.000000 -0.108498 1.054382
v -0.667606 -0.108498 1.054382
v -0.667606 -0.118685 1.041081
v 0.000000 -0.118685 1.041081
v 0.000000 -0.013542 1.732861
v -0.667606 -0.013542 1.732861
v -0.667606 -0.008058 1.716805
v 0.000000 -0.008058 1.716805
v 0.000000 -0.480613 0.742706
v -0.667606 -0.480613 0.742706
v -0.667606 -0.471200 0.731462
v 0.000000 -0.471200 0.731462
v 0.000000 -0.617714 0.776768
v -0.667606 -0.617714 0.776768
v -0.667606 -0.608301 0.765524
v 0.000000 -0.608301 0.765524
v 0.000000 -0.471200 0.246149
v -0.667606 -0.471200 0.246149
v -0.667606 -0.475969 0.228300
v 0.000000 -0.475969 0.228300
v 0.000000 -0.296267 2.081386
v -0.152798 -0.296267 2.081386
v -0.165695 -0.334416 2.049534
v 0.000000 -0.334416 2.049534
v 0.000000 -0.371134 2.251294
v -0.152798 -0.371134 2.251294
v -0.152798 -0.296267 2.081386
v 0.000000 -0.296267 2.081386
v -0.165695 -0.334416 2.049534
v -0.208510 -0.334416 2.049534
v -0.667606 -0.265906 1.892871
v 0.000000 -0.334416 2.049534
v 0.000000 -0.265906 1.892872
v 0.000000 -0.136369 1.162214
v -0.332302 -0.136369 1.162214
v -0.332302 -0.093136 1.155698
v 0.000000 -0.093136 1.155698
v 0.000000 -0.588956 0.847134
v -0.263766 -0.588956 0.847134
v -0.263766 -0.584247 0.836461
v 0.000000 -0.584247 0.836461
v 0.000000 -0.163878 1.021218
v -0.148136 -0.163878 1.021218
v -0.119291 -0.183336 1.012666
v 0.000000 -0.183336 1.012666
v 0.000000 -0.584247 0.836461
v -0.263766 -0.584247 0.836461
v -0.263766 -0.420775 0.908309
v -0.223293 -0.383723 0.924593
v 0.000000 -0.383723 0.924593
v -0.119291 -0.333621 0.946614
v -0.257444 -0.333621 0.946614
v -0.371161 -0.430729 0.903934
v -0.371161 -0.579444 0.838572
v -0.503775 -0.579444 0.838572
v -0.553875 -0.530799 0.859952
v -0.553875 -0.215303 0.998616
v -0.507270 -0.163878 1.021218
v 0.000000 -0.118685 1.041081
v -0.667606 -0.118685 1.041081
v -0.667606 -0.608960 0.825599
v 0.000000 -0.608960 0.825599
v 0.000000 -0.093136 1.155698
v -0.332302 -0.093136 1.155698
v -0.414246 -0.099096 1.116393
v -0.599846 -0.099096 1.116393
v -0.599846 -0.064454 1.344865
v -0.599846 -0.059120 1.380045
v -0.599846 -0.030243 1.570491
v -0.414246 -0.030243 1.570491
v -0.414246 -0.059120 1.380045
v -0.414246 -0.064454 1.344865
v -0.332302 -0.030255 1.570411
v 0.000000 -0.030255 1.570411
v 0.000000 -0.008058 1.716805
v -0.667606 -0.008058 1.716805
v -0.667606 -0.108498 1.054382
v 0.000000 -0.108498 1.054382
v -0.311602 -0.233682 1.004687
v -0.315551 -0.220186 1.010612
v -0.315551 -0.231463 1.036301
v -0.311602 -0.244959 1.030377
v -0.326341 -0.210307 1.014949
v -0.326341 -0.221584 1.040638
v -0.341079 -0.206691 1.016536
v -0.341079 -0.217968 1.042225
v -0.355818 -0.210307 1.014949
v -0.355818 -0.221584 1.040638
v -0.366608 -0.220186 1.010612
v -0.366608 -0.231463 1.036301
v -0.370557 -0.233682 1.004687
v -0.370557 -0.244959 1.030377
v -0.366608 -0.247177 0.998763
v -0.366608 -0.258455 1.024452
v -0.355818 -0.257057 0.994426
v -0.355818 -0.268334 1.020115
v -0.341079 -0.260673 0.992839
v -0.341079 -0.271950 1.018528
v -0.326341 -0.257057 0.994426
v -0.326341 -0.268334 1.020115
v -0.315551 -0.247177 0.998763
v -0.315551 -0.258455 1.024452
v -0.311602 -0.244959 1.030377
v -0.315551 -0.231463 1.036301
v -0.326341 -0.221584 1.040638
v -0.341079 -0.217968 1.042225
v -0.355818 -0.221584 1.040638
v -0.366608 -0.231463 1.036301
v -0.370557 -0.244959 1.030377
v -0.366608 -0.258455 1.024452
v -0.355818 -0.268334 1.020115
v -0.341079 -0.271950 1.018528
v -0.326341 -0.268334 1.020115
v -0.315551 -0.258455 1.024452
v -0.319856 -0.318075 0.967640
v -0.322699 -0.308358 0.971905
v -0.322699 -0.317041 0.991686
v -0.319856 -0.326758 0.987420
v -0.330467 -0.301245 0.975028
v -0.330467 -0.309928 0.994809
v -0.341079 -0.298641 0.976171
v -0.341079 -0.307325 0.995952
v -0.351691 -0.301245 0.975028
v -0.351691 -0.309928 0.994809
v -0.359460 -0.308358 0.971905
v -0.359460 -0.317041 0.991686
v -0.362303 -0.318075 0.967640
v -0.362303 -0.326758 0.987420
v -0.359460 -0.327792 0.963374
v -0.359460 -0.336475 0.983155
v -0.351691 -0.334905 0.960252
v -0.351691 -0.343588 0.980032
v -0.341079 -0.337508 0.959109
v -0.341079 -0.346192 0.978889
v -0.330468 -0.334905 0.960252
v -0.330468 -0.343588 0.980032
v -0.322699 -0.327792 0.963374
v -0.322699 -0.336475 0.983155
v -0.319856 -0.326758 0.987420
v -0.322699 -0.317041 0.991686
v -0.330467 -0.309928 0.994809
v -0.341079 -0.307325 0.995952
v -0.351691 -0.309928 0.994809
v -0.359460 -0.317041 0.991686
v -0.362303 -0.326758 0.987420
v -0.359460 -0.336475 0.983155
v -0.351691 -0.343588 0.980032
v -0.341079 -0.346192 0.978889
v -0.330468 -0.343588 0.980032
v -0.322699 -0.336475 0.983155
v -0.547574 -0.306148 1.627523
v -0.257415 -0.204137 1.654857
v -0.257414 -0.254577 1.843098
v -0.547574 -0.356588 1.815765
v -0.560691 -0.271339 1.636851
v -0.270531 -0.169328 1.664184
v -0.257415 -0.204137 1.654857
v -0.547574 -0.306148 1.627523
v -0.270531 -0.169328 1.664184
v -0.270531 -0.219767 1.852426
v -0.257414 -0.254577 1.843098
v -0.257415 -0.204137 1.654857
v -0.270531 -0.219767 1.852426
v -0.560691 -0.321778 1.825092
v -0.547574 -0.356588 1.815765
v -0.257414 -0.254577 1.843098
v -0.560691 -0.321778 1.825092
v -0.560691 -0.271339 1.636851
v -0.547574 -0.306148 1.627523
v -0.547574 -0.356588 1.815765
v -0.154391 -0.217094 1.652341
v 0.000000 -0.217094 1.652341
v 0.000000 -0.267533 1.840582
v -0.154391 -0.267533 1.840582
v -0.154391 -0.180050 1.662267
v 0.000000 -0.180050 1.662267
v 0.000000 -0.217094 1.652341
v -0.154391 -0.217094 1.652341
v -0.154391 -0.230489 1.850508
v -0.154391 -0.180050 1.662267
v -0.154391 -0.217094 1.652341
v -0.154391 -0.267533 1.840582
v 0.000000 -0.230489 1.850508
v -0.154391 -0.230489 1.850508
v -0.154391 -0.267533 1.840582
v 0.000000 -0.267533 1.840582
v -0.012945 -0.216191 1.760087
v -0.012945 -0.153978 1.776657
v -0.012945 -0.133663 1.739618
v -0.012945 -0.205634 1.720448
v -0.012945 -0.205634 1.720448
v -0.012945 -0.133663 1.739618
v 0.000000 -0.133663 1.739618
v 0.000000 -0.205634 1.720448
v -0.012945 -0.095353 1.830516
v -0.012945 -0.067601 1.800309
v -0.012945 -0.133663 1.739618
v -0.012945 -0.067601 1.800309
v 0.000000 -0.067601 1.800309
v 0.000000 -0.133663 1.739618
v 0.000000 -0.153978 1.776657
v -0.012945 -0.153978 1.776657
v -0.012945 -0.216191 1.760087
v 0.000000 -0.216191 1.760087
v 0.000000 -0.095353 1.830516
v -0.012945 -0.095353 1.830516
v -0.012945 -0.153978 1.776657
v 0.000000 -0.153978 1.776657
v -0.850814 -0.333041 1.817719
v -0.850814 -0.333041 1.666051
v -0.636194 -0.333041 1.666051
v -0.636194 -0.333041 1.817719
v -0.850814 -0.177878 1.533021
v -0.850814 -0.177878 1.147238
v -0.636194 -0.177878 1.147238
v -0.636194 -0.177878 1.533021
v -0.850814 -0.333041 1.666051
v -0.850814 -0.324985 1.648088
v -0.636194 -0.324985 1.648088
v -0.636194 -0.333041 1.666051
v -0.850814 -0.324985 1.648088
v -0.850814 -0.177878 1.533021
v -0.636194 -0.177878 1.533021
v -0.636194 -0.324985 1.648088
v -0.850814 -0.324985 1.648088
v -0.850814 -0.333041 1.666051
v -0.850814 0.263241 1.533021
v -0.850814 -0.333041 1.817719
v -0.850814 -0.177878 1.147238
v -0.850814 -0.177878 1.533021
v -0.850814 0.263241 1.147238
v -0.636194 -0.324985 1.648088
v -0.636194 0.108079 1.817719
v -0.636194 -0.333041 1.666051
v -0.636194 -0.333041 1.817719
v -0.636194 -0.177878 1.147238
v -0.636194 -0.039980 1.147238
v -0.636194 -0.177878 1.533021
v -0.428556 -0.256474 1.748337
v -0.428556 -0.194261 1.764908
v -0.428556 -0.173945 1.727869
v -0.428556 -0.245917 1.708699
v -0.428556 -0.245917 1.708699
v -0.428556 -0.173945 1.727869
v -0.402666 -0.173945 1.727869
v -0.402666 -0.245917 1.708699
v -0.402666 -0.245917 1.708699
v -0.402666 -0.173945 1.727869
v -0.402666 -0.194261 1.764908
v -0.402666 -0.256474 1.748337
v -0.402666 -0.256474 1.748337
v -0.402666 -0.194261 1.764908
v -0.428556 -0.194261 1.764908
v -0.428556 -0.256474 1.748337
v -0.428556 -0.124219 1.826399
v -0.428556 -0.096468 1.796192
v -0.428556 -0.173945 1.727869
v -0.428556 -0.096468 1.796192
v -0.402666 -0.096468 1.796192
v -0.402666 -0.173945 1.727869
v -0.402666 -0.096468 1.796192
v -0.402666 -0.124219 1.826399
v -0.402666 -0.194261 1.764908
v -0.402666 -0.124219 1.826399
v -0.428556 -0.124219 1.826399
v -0.428556 -0.194261 1.764908
v -0.894365 -0.510223 2.054167
v -0.894365 -0.517754 2.070802
v -0.894365 0.340183 2.602250
v -0.894364 0.340183 0.000000
v -0.894365 -0.515654 0.000000
v -0.894365 -0.520107 0.821916
v -0.874930 -0.043405 1.243625
v -0.874930 -0.626211 0.917325
v -0.612078 -0.626211 0.917325
v -0.612078 -0.043405 1.243625
v -0.894365 0.115113 1.125459
v -0.894365 0.260324 1.175650
v -0.894364 0.319367 1.496221
v -0.894365 0.260906 1.644349
v -0.874930 -0.633554 0.892501
v -0.612078 -0.633554 0.892501
v -0.894365 -0.515559 2.602250
v -0.894365 -0.005124 1.693874
v -0.894365 0.115797 1.694495
v -0.894365 -0.509514 0.847838
v -0.894365 -0.012043 1.125922
v -0.874930 -0.633553 2.015481
v -0.874930 -0.619625 1.988403
v -0.612078 -0.619625 1.988403
v -0.612078 -0.633554 2.015481
v -0.894364 0.318880 1.323500
v -0.894365 -0.614119 0.000000
v -0.874930 -0.633553 0.000000
v -0.874930 -0.633554 0.892501
v -0.894365 -0.619227 0.879370
v -0.894365 -0.612116 0.903945
v -0.874930 -0.626211 0.917325
v -0.874930 -0.043405 1.243625
v -0.894365 -0.037677 1.225054
v -0.894365 -0.036598 1.594673
v -0.874930 -0.043405 1.576470
v -0.874930 -0.619625 1.988403
v -0.894365 -0.603253 1.998874
v -0.894365 -0.616907 2.025512
v -0.874930 -0.633553 2.015481
v -0.874930 -0.633553 2.602250
v -0.894365 -0.614119 2.602250
v -0.894365 -0.037677 1.225054
v -0.874930 -0.043405 1.243625
v -0.874930 0.094894 1.243625
v -0.894365 0.098655 1.224558
v -0.894365 0.099414 1.595371
v -0.874930 0.094894 1.576470
v -0.874930 -0.043405 1.576470
v -0.894365 -0.036598 1.594673
v -0.874930 0.172377 1.270109
v -0.894365 0.184990 1.254399
v -0.894365 0.185505 1.565621
v -0.874930 0.172377 1.549986
v -0.874930 0.201111 1.473897
v -0.894365 0.220276 1.477519
v -0.894365 0.219896 1.342532
v -0.874930 0.201111 1.346198
v -0.592644 -0.504290 2.049935
v -0.592644 -0.239690 1.941319
v -0.592644 -0.517602 2.080549
v -0.874930 -0.633553 0.000000
v -0.612078 -0.633554 0.000000
v -0.831718 0.094894 1.243625
v -0.874930 0.094894 1.243625
v -0.874930 -0.043405 1.243625
v -0.612078 -0.043405 1.243625
v -0.831718 0.172377 1.270109
v -0.874930 0.172377 1.270109
v -0.831718 0.201111 1.473897
v -0.874930 0.201111 1.473897
v -0.874930 0.201111 1.346198
v -0.831718 0.201111 1.346198
v -0.831718 0.172377 1.549986
v -0.874930 0.172377 1.549986
v -0.592643 -0.005124 1.693874
v -0.592643 0.018073 1.770106
v -0.874930 -0.633553 2.602250
v -0.612078 -0.633554 2.602250
v -0.874930 -0.043405 1.576470
v -0.612078 -0.043405 1.576470
v -0.874930 -0.043405 1.576470
v -0.874930 0.094894 1.576470
v -0.612078 0.094894 1.576470
v -0.612078 -0.043405 1.576470
v -0.592643 -0.614119 0.000000
v -0.592644 -0.619227 0.879370
v -0.612078 -0.633554 0.892501
v -0.612078 -0.633554 0.000000
v -0.592644 -0.612116 0.903945
v -0.592643 -0.037677 1.225054
v -0.612078 -0.043405 1.243625
v -0.612078 -0.626211 0.917325
v -0.592643 -0.036598 1.594673
v -0.592644 -0.603253 1.998874
v -0.612078 -0.619625 1.988403
v -0.612078 -0.043405 1.576470
v -0.592644 -0.616908 2.025512
v -0.592644 -0.614119 2.602250
v -0.612078 -0.633554 2.602250
v -0.612078 -0.633554 2.015481
v -0.592643 0.099414 1.595371
v -0.592643 -0.036598 1.594673
v -0.612078 -0.043405 1.576470
v -0.612078 0.094894 1.576470
v -0.612078 -0.633554 2.015481
v -0.612078 -0.619625 1.988403
v -0.592644 -0.603253 1.998874
v -0.592644 -0.616908 2.025512
v -0.592644 -0.616908 2.025512
v -0.592644 -0.603253 1.998874
v -0.592644 -0.504290 2.049935
v -0.592644 -0.517602 2.080549
v -0.592643 -0.036598 1.594673
v -0.592643 -0.005124 1.693874
v -0.592643 0.099414 1.595371
v -0.592643 0.115797 1.694495
v -0.592643 -0.037677 1.225054
v -0.592644 -0.612116 0.903945
v -0.592644 -0.506336 0.849614
v -0.592643 0.001618 1.070515
v -0.592644 -0.619227 0.879370
v -0.592644 -0.520107 0.824666
v -0.592643 -0.614119 0.000000
v -0.592643 -0.515655 0.000000
v -0.592644 -0.508283 2.602250
v -0.592644 -0.508283 2.602250
v -0.592644 -0.614119 2.602250
v -0.592644 -0.506336 0.849614
v -0.592644 -0.520107 0.824666
v -0.592644 -0.436748 0.745208
v -0.592643 -0.515655 0.000000
v -0.592643 -0.436830 0.000000
v -0.894365 -0.614119 0.000000
v -0.894365 -0.619227 0.879370
v -0.894365 -0.520107 0.821916
v -0.894365 -0.515654 0.000000
v -0.894365 -0.612116 0.903945
v -0.894365 -0.509514 0.847838
v -0.894365 -0.037677 1.225054
v -0.894365 -0.012043 1.125922
v -0.894365 0.098655 1.224558
v -0.894365 0.115113 1.125459
v -0.894365 0.184990 1.254399
v -0.894365 0.260324 1.175650
v -0.894365 0.219896 1.342532
v -0.894364 0.318880 1.323500
v -0.894365 0.220276 1.477519
v -0.894364 0.319367 1.496221
v -0.894365 0.185505 1.565621
v -0.894365 0.260906 1.644349
v -0.894365 0.099414 1.595371
v -0.894365 0.115797 1.694495
v -0.894365 -0.036598 1.594673
v -0.894365 -0.005124 1.693874
v -0.894365 -0.603253 1.998874
v -0.894365 -0.510223 2.054167
v -0.894365 -0.616907 2.025512
v -0.894365 -0.517754 2.070802
v -0.894365 -0.614119 2.602250
v -0.894365 -0.515559 2.602250
v -0.920934 -0.608552 2.625193
v -0.884498 -0.657133 2.625193
v 0.000000 -0.657133 2.625193
v 0.000000 0.343048 2.625193
v -0.920934 0.343048 2.625193
v -0.920934 -0.608552 2.625193
v -0.920934 0.343048 2.625193
v -0.920934 0.343048 2.578353
v -0.920934 -0.608552 2.578353
v -0.884498 -0.657133 2.625193
v -0.920934 -0.608552 2.625193
v -0.920934 -0.608552 2.578353
v -0.884498 -0.657133 2.578353
v -0.920934 -0.608552 2.578353
v -0.920934 0.343048 2.578353
v -0.881222 0.343048 2.578353
v -0.872932 -0.509459 2.578353
v -0.884498 -0.657133 2.578353
v -0.497693 -0.084788 1.247801
v -0.431189 -0.084788 1.247801
v -0.431189 -0.074646 1.313041
v -0.431189 -0.079717 1.280421
v -0.497693 -0.079717 1.280421
v -0.516399 -0.084788 1.247801
v -0.516399 -0.089858 1.215181
v -0.497693 -0.089858 1.215181
v -0.516399 -0.079717 1.280421
v -0.582903 -0.079717 1.280421
v -0.582903 -0.084788 1.247801
v -0.497693 -0.094929 1.182562
v -0.431189 -0.094929 1.182562
v -0.431189 -0.089858 1.215181
v -0.516399 -0.094929 1.182562
v -0.516399 -0.100000 1.149942
v -0.497693 -0.100000 1.149942
v -0.582903 -0.089858 1.215181
v -0.582903 -0.094929 1.182562
v -0.414246 -0.105071 1.117322
v -0.431189 -0.100000 1.149942
v -0.599846 -0.105071 1.117322
v -0.582903 -0.074646 1.313041
v -0.599846 -0.069575 1.345661
v -0.582903 -0.100000 1.149942
v -0.414365 -0.104828 1.118888
v -0.208671 -0.419772 2.244718
v -0.165535 -0.419463 2.244010
v -0.165534 -0.419772 2.244718
v -0.164495 -0.419772 2.244718
v 0.000000 -0.468769 2.356758
v -0.539899 -0.334416 2.049534
v -0.165695 -0.334416 2.049534
v -0.152798 -0.296267 2.081386
v -0.152798 -0.371134 2.251294
v -0.152798 -0.371134 2.251294
v 0.000000 -0.371134 2.251294
v 0.000000 -0.419772 2.244718
v 0.000000 -0.419772 2.244718
v -0.667606 -0.468769 2.356758
v -0.539738 -0.419463 2.244010
v -0.539737 -0.419772 2.244718
v 0.000000 -0.657133 2.625193
v -0.884498 -0.657133 2.625193
v -0.884498 -0.657133 2.578353
v 0.000000 -0.657133 2.578353
v 0.000000 -0.657133 2.578353
v 0.000000 -0.520512 2.578353
v 0.667606 -0.265906 1.892871
v 0.000000 -0.265906 1.892872
v 0.000000 -0.013542 1.732861
v 0.667606 -0.013542 1.732861
v 0.667606 -0.538781 2.375567
v 0.667606 -0.538781 2.583296
v 0.000000 -0.538781 2.583296
v 0.000000 -0.538781 2.375567
v 0.667606 -0.480762 2.366005
v 0.667606 -0.529219 2.366005
v 0.000000 -0.529219 2.366005
v 0.000000 -0.480762 2.366005
v 0.667606 -0.480762 2.366005
v 0.000000 -0.480762 2.366005
v 0.000000 -0.468769 2.356758
v 0.667606 -0.468769 2.356758
v 0.667606 -0.538781 2.375567
v 0.000000 -0.538781 2.375567
v 0.000000 -0.529219 2.366005
v 0.667606 -0.529219 2.366005
v 0.221407 -0.296267 2.081386
v 0.208510 -0.334416 2.049534
v 0.539899 -0.334416 2.049534
v 0.527001 -0.296267 2.081386
v 0.221407 -0.371134 2.251294
v 0.208671 -0.419772 2.244718
v 0.208510 -0.334416 2.049534
v 0.221407 -0.296267 2.081386
v 0.221407 -0.371134 2.251294
v 0.527001 -0.371134 2.251294
v 0.539737 -0.419772 2.244718
v 0.208671 -0.419772 2.244718
v 0.221407 -0.371134 2.251294
v 0.221407 -0.296267 2.081386
v 0.527001 -0.296267 2.081386
v 0.527001 -0.371134 2.251294
v 0.539738 -0.419463 2.244010
v 0.539737 -0.419772 2.244718
v 0.527001 -0.371134 2.251294
v 0.527001 -0.296267 2.081386
v 0.539899 -0.334416 2.049534
v 0.164495 -0.419772 2.244718
v 0.165184 -0.418435 2.244899
v 0.165534 -0.419772 2.244718
v 0.165535 -0.419463 2.244010
v 0.165534 -0.419772 2.244718
v 0.165184 -0.418435 2.244899
v 0.332302 -0.073857 1.576983
v 0.332302 -0.136369 1.162214
v 0.332302 -0.093136 1.155698
v 0.332302 -0.030255 1.570411
v 0.332302 -0.073857 1.576983
v 0.332302 -0.030255 1.570411
v 0.000000 -0.030255 1.570411
v 0.000000 -0.073857 1.576983
v 0.332302 -0.136369 1.162214
v 0.332302 -0.073857 1.576983
v 0.000000 -0.073857 1.576983
v 0.000000 -0.136369 1.162214
v 0.414246 -0.064454 1.344865
v 0.414246 -0.069575 1.345661
v 0.599846 -0.069575 1.345661
v 0.599846 -0.064454 1.344865
v 0.414246 -0.105071 1.117322
v 0.414246 -0.069575 1.345661
v 0.414246 -0.064454 1.344865
v 0.414246 -0.099096 1.116393
v 0.599846 -0.105071 1.117322
v 0.414246 -0.105071 1.117322
v 0.414246 -0.099096 1.116393
v 0.599846 -0.099096 1.116393
v 0.516399 -0.074646 1.313041
v 0.519745 -0.070782 1.312440
v 0.586249 -0.070782 1.312440
v 0.582903 -0.074646 1.313041
v 0.586249 -0.075853 1.279820
v 0.519745 -0.075853 1.279820
v 0.516399 -0.079717 1.280421
v 0.582903 -0.079717 1.280421
v 0.582903 -0.074646 1.313041
v 0.586249 -0.070782 1.312440
v 0.586249 -0.075853 1.279820
v 0.582903 -0.079717 1.280421
v 0.516399 -0.084788 1.247801
v 0.519745 -0.080924 1.247201
v 0.586249 -0.080924 1.247201
v 0.582903 -0.084788 1.247801
v 0.586249 -0.085995 1.214581
v 0.519745 -0.085995 1.214581
v 0.516399 -0.089858 1.215181
v 0.582903 -0.089858 1.215181
v 0.582903 -0.084788 1.247801
v 0.586249 -0.080924 1.247201
v 0.586249 -0.085995 1.214581
v 0.582903 -0.089858 1.215181
v 0.582903 -0.094929 1.182562
v 0.516399 -0.094929 1.182562
v 0.519745 -0.091066 1.181961
v 0.586249 -0.091066 1.181961
v 0.586249 -0.096137 1.149341
v 0.519745 -0.096137 1.149341
v 0.516399 -0.100000 1.149942
v 0.582903 -0.100000 1.149942
v 0.582903 -0.094929 1.182562
v 0.586249 -0.091066 1.181961
v 0.586249 -0.096137 1.149341
v 0.582903 -0.100000 1.149942
v 0.497693 -0.074646 1.313041
v 0.501039 -0.070782 1.312440
v 0.501039 -0.075853 1.279820
v 0.497693 -0.079717 1.280421
v 0.431189 -0.074646 1.313041
v 0.434535 -0.070782 1.312440
v 0.501039 -0.070782 1.312440
v 0.497693 -0.074646 1.313041
v 0.431189 -0.074646 1.313041
v 0.431189 -0.079717 1.280421
v 0.434535 -0.075853 1.279820
v 0.434535 -0.070782 1.312440
v 0.497693 -0.079717 1.280421
v 0.501039 -0.075853 1.279820
v 0.434535 -0.075853 1.279820
v 0.431189 -0.079717 1.280421
v 0.519745 -0.075853 1.279820
v 0.519745 -0.070782 1.312440
v 0.516399 -0.074646 1.313041
v 0.516399 -0.079717 1.280421
v 0.431189 -0.084788 1.247801
v 0.434535 -0.080924 1.247201
v 0.501039 -0.080924 1.247201
v 0.497693 -0.084788 1.247801
v 0.431189 -0.084788 1.247801
v 0.431189 -0.089858 1.215181
v 0.434535 -0.085995 1.214581
v 0.434535 -0.080924 1.247201
v 0.497693 -0.089858 1.215181
v 0.501039 -0.085995 1.214581
v 0.434535 -0.085995 1.214581
v 0.431189 -0.089858 1.215181
v 0.431189 -0.094929 1.182562
v 0.431189 -0.100000 1.149942
v 0.434535 -0.096137 1.149341
v 0.434535 -0.091066 1.181961
v 0.497693 -0.100000 1.149942
v 0.501039 -0.096137 1.149341
v 0.434535 -0.096137 1.149341
v 0.431189 -0.100000 1.149942
v 0.431189 -0.094929 1.182562
v 0.434535 -0.091066 1.181961
v 0.501039 -0.091066 1.181961
v 0.497693 -0.094929 1.182562
v 0.501039 -0.085995 1.214581
v 0.497693 -0.089858 1.215181
v 0.497693 -0.084788 1.247801
v 0.501039 -0.080924 1.247201
v 0.519745 -0.085995 1.214581
v 0.519745 -0.080924 1.247201
v 0.516399 -0.084788 1.247801
v 0.516399 -0.089858 1.215181
v 0.501039 -0.096137 1.149341
v 0.497693 -0.100000 1.149942
v 0.497693 -0.094929 1.182562
v 0.501039 -0.091066 1.181961
v 0.519745 -0.096137 1.149341
v 0.519745 -0.091066 1.181961
v 0.516399 -0.094929 1.182562
v 0.516399 -0.100000 1.149942
v 0.599846 -0.064454 1.344865
v 0.599846 -0.069575 1.345661
v 0.599846 -0.105071 1.117322
v 0.599846 -0.099096 1.116393
v 0.599846 -0.064109 1.380821
v 0.414246 -0.064109 1.380821
v 0.414246 -0.059120 1.380045
v 0.599846 -0.059120 1.380045
v 0.599846 -0.030243 1.570491
v 0.599846 -0.034521 1.571156
v 0.599846 -0.064109 1.380821
v 0.599846 -0.059120 1.380045
v 0.414246 -0.030243 1.570491
v 0.414246 -0.034521 1.571156
v 0.599846 -0.034521 1.571156
v 0.599846 -0.030243 1.570491
v 0.414246 -0.064109 1.380821
v 0.599846 -0.064109 1.380821
v 0.599846 -0.034521 1.571156
v 0.414246 -0.034521 1.571156
v 0.414246 -0.064109 1.380821
v 0.414246 -0.034521 1.571156
v 0.414246 -0.030243 1.570491
v 0.414246 -0.059120 1.380045
v 0.263766 -0.420775 0.908309
v 0.223293 -0.383723 0.924593
v 0.223293 -0.394420 0.948843
v 0.263766 -0.431450 0.932509
v 0.223293 -0.383723 0.924593
v 0.000000 -0.383723 0.924593
v 0.000000 -0.394420 0.948843
v 0.223293 -0.394420 0.948843
v 0.263766 -0.588956 0.847134
v 0.263766 -0.584247 0.836461
v 0.263766 -0.420775 0.908309
v 0.263766 -0.431450 0.932509
v 0.263766 -0.431450 0.932509
v 0.000000 -0.431450 0.932509
v 0.000000 -0.588956 0.847134
v 0.263766 -0.588956 0.847134
v 0.263766 -0.431450 0.932509
v 0.223293 -0.394420 0.948843
v 0.000000 -0.394420 0.948843
v 0.000000 -0.431450 0.932509
v 0.553875 -0.221801 1.013419
v 0.553875 -0.215303 0.998616
v 0.507270 -0.163878 1.021218
v 0.507270 -0.170366 1.035998
v 0.507270 -0.163878 1.021218
v 0.148136 -0.163878 1.021218
v 0.148136 -0.170366 1.035998
v 0.507270 -0.170366 1.035998
v 0.148136 -0.163878 1.021218
v 0.119291 -0.183336 1.012666
v 0.119291 -0.189828 1.027455
v 0.148136 -0.170366 1.035998
v 0.119291 -0.183336 1.012666
v 0.119291 -0.333621 0.946614
v 0.119291 -0.340142 0.961469
v 0.119291 -0.189828 1.027455
v 0.119291 -0.333621 0.946614
v 0.257444 -0.333621 0.946614
v 0.257444 -0.340142 0.961468
v 0.119291 -0.340142 0.961469
v 0.257444 -0.333621 0.946614
v 0.371161 -0.430729 0.903934
v 0.371161 -0.437269 0.918831
v 0.257444 -0.340142 0.961468
v 0.371161 -0.430729 0.903934
v 0.371161 -0.579444 0.838572
v 0.371161 -0.586012 0.853534
v 0.371161 -0.437269 0.918831
v 0.371161 -0.579444 0.838572
v 0.503775 -0.579444 0.838572
v 0.503775 -0.586012 0.853534
v 0.371161 -0.586012 0.853534
v 0.503775 -0.586012 0.853534
v 0.503775 -0.579444 0.838572
v 0.553875 -0.530799 0.859952
v 0.553875 -0.537358 0.874893
v 0.553875 -0.537358 0.874893
v 0.553875 -0.530799 0.859952
v 0.553875 -0.215303 0.998616
v 0.553875 -0.221801 1.013419
v 0.397207 -0.403431 0.933685
v 0.400553 -0.400001 0.925871
v 0.400553 -0.354705 0.945756
v 0.397207 -0.358135 0.953570
v 0.441569 -0.403431 0.933685
v 0.441569 -0.358135 0.953570
v 0.444915 -0.354705 0.945756
v 0.444915 -0.400001 0.925871
v 0.456534 -0.403431 0.933685
v 0.459880 -0.400001 0.925871
v 0.459880 -0.354705 0.945756
v 0.456534 -0.358135 0.953570
v 0.456534 -0.403431 0.933685
v 0.530437 -0.403431 0.933685
v 0.533783 -0.400001 0.925871
v 0.459880 -0.400001 0.925871
v 0.441569 -0.542187 0.872773
v 0.444915 -0.538757 0.864959
v 0.400553 -0.538757 0.864959
v 0.397207 -0.542187 0.872773
v 0.400553 -0.493461 0.884844
v 0.444915 -0.493461 0.884844
v 0.441569 -0.496891 0.892657
v 0.397207 -0.496891 0.892657
v 0.441569 -0.427513 0.923113
v 0.397207 -0.427513 0.923113
v 0.400553 -0.424083 0.915300
v 0.444915 -0.424083 0.915300
v 0.397207 -0.472809 0.903229
v 0.441569 -0.472809 0.903229
v 0.444915 -0.469379 0.895415
v 0.400553 -0.469379 0.895415
v 0.400553 -0.469379 0.895415
v 0.400553 -0.424083 0.915300
v 0.397207 -0.427513 0.923113
v 0.397207 -0.472809 0.903229
v 0.397207 -0.496891 0.892657
v 0.397207 -0.542187 0.872773
v 0.400553 -0.538757 0.864959
v 0.400553 -0.493461 0.884844
v 0.441569 -0.542187 0.872773
v 0.441569 -0.496891 0.892657
v 0.444915 -0.493461 0.884844
v 0.444915 -0.538757 0.864959
v 0.456534 -0.542187 0.872773
v 0.456534 -0.538757 0.864959
v 0.456534 -0.493461 0.884844
v 0.456534 -0.496891 0.892657
v 0.456534 -0.542187 0.872773
v 0.530437 -0.542187 0.872773
v 0.530437 -0.538757 0.864959
v 0.456534 -0.538757 0.864959
v 0.530437 -0.542187 0.872773
v 0.530437 -0.496891 0.892657
v 0.530437 -0.493461 0.884844
v 0.530437 -0.538757 0.864959
v 0.530437 -0.496891 0.892657
v 0.456534 -0.496891 0.892657
v 0.456534 -0.493461 0.884844
v 0.530437 -0.493461 0.884844
v 0.533783 -0.469379 0.895415
v 0.459880 -0.469379 0.895415
v 0.456534 -0.472809 0.903229
v 0.530437 -0.472809 0.903229
v 0.533783 -0.424083 0.915300
v 0.530437 -0.427513 0.923113
v 0.456534 -0.427513 0.923113
v 0.459880 -0.424083 0.915300
v 0.459880 -0.424083 0.915300
v 0.456534 -0.427513 0.923113
v 0.456534 -0.472809 0.903229
v 0.459880 -0.469379 0.895415
v 0.441569 -0.472809 0.903229
v 0.441569 -0.427513 0.923113
v 0.444915 -0.424083 0.915300
v 0.444915 -0.469379 0.895415
v 0.533783 -0.354705 0.945756
v 0.530437 -0.358135 0.953570
v 0.456534 -0.358135 0.953570
v 0.459880 -0.354705 0.945756
v 0.456534 -0.334054 0.964141
v 0.459880 -0.330624 0.956328
v 0.459880 -0.285327 0.976212
v 0.456534 -0.288758 0.984026
v 0.459880 -0.330624 0.956328
v 0.456534 -0.334054 0.964141
v 0.530437 -0.334054 0.964141
v 0.533783 -0.330624 0.956328
v 0.444915 -0.354705 0.945756
v 0.441569 -0.358135 0.953570
v 0.397207 -0.358135 0.953570
v 0.400553 -0.354705 0.945756
v 0.441569 -0.403431 0.933685
v 0.444915 -0.400001 0.925871
v 0.400553 -0.400001 0.925871
v 0.397207 -0.403431 0.933685
v 0.444915 -0.330624 0.956328
v 0.400553 -0.330624 0.956328
v 0.397207 -0.334054 0.964141
v 0.441569 -0.334054 0.964141
v 0.444915 -0.285327 0.976212
v 0.441569 -0.288758 0.984026
v 0.397207 -0.288758 0.984026
v 0.400553 -0.285327 0.976212
v 0.441569 -0.334054 0.964141
v 0.441569 -0.288758 0.984026
v 0.444915 -0.285327 0.976212
v 0.444915 -0.330624 0.956328
v 0.400553 -0.285327 0.976212
v 0.397207 -0.288758 0.984026
v 0.397207 -0.334054 0.964141
v 0.400553 -0.330624 0.956328
v 0.397207 -0.219380 1.014482
v 0.400553 -0.215949 1.006668
v 0.444915 -0.215949 1.006668
v 0.441569 -0.219380 1.014482
v 0.441569 -0.264676 0.994597
v 0.441569 -0.219380 1.014482
v 0.444915 -0.215949 1.006668
v 0.444915 -0.261246 0.986784
v 0.456534 -0.219380 1.014482
v 0.459880 -0.215949 1.006668
v 0.533783 -0.215949 1.006668
v 0.530437 -0.219380 1.014482
v 0.459880 -0.215949 1.006668
v 0.456534 -0.219380 1.014482
v 0.456534 -0.264676 0.994597
v 0.459880 -0.261246 0.986784
v 0.533783 -0.261246 0.986784
v 0.530437 -0.264676 0.994597
v 0.530437 -0.219380 1.014482
v 0.533783 -0.215949 1.006668
v 0.291923 -0.191082 1.017585
v 0.291923 -0.236378 0.997700
v 0.288576 -0.239808 1.005514
v 0.288576 -0.194512 1.025398
v 0.240290 -0.191082 1.017585
v 0.236944 -0.194512 1.025398
v 0.236944 -0.239808 1.005514
v 0.240290 -0.236378 0.997700
v 0.161314 -0.194512 1.025398
v 0.164661 -0.191082 1.017585
v 0.216293 -0.191082 1.017585
v 0.212947 -0.194512 1.025398
v 0.161314 -0.239808 1.005514
v 0.164661 -0.236378 0.997700
v 0.164661 -0.191082 1.017585
v 0.161314 -0.194512 1.025398
v 0.161314 -0.239808 1.005514
v 0.212947 -0.239808 1.005514
v 0.216293 -0.236378 0.997700
v 0.164661 -0.236378 0.997700
v 0.161314 -0.263889 0.994942
v 0.164661 -0.260459 0.987129
v 0.216293 -0.260459 0.987129
v 0.212947 -0.263889 0.994942
v 0.161314 -0.309186 0.975058
v 0.164661 -0.305755 0.967244
v 0.164661 -0.260459 0.987129
v 0.161314 -0.263889 0.994942
v 0.161314 -0.309186 0.975058
v 0.212947 -0.309186 0.975058
v 0.216293 -0.305755 0.967244
v 0.164661 -0.305755 0.967244
v 0.212947 -0.309186 0.975058
v 0.212947 -0.263889 0.994942
v 0.216293 -0.260459 0.987129
v 0.216293 -0.305755 0.967244
v 0.236944 -0.309186 0.975058
v 0.240290 -0.305755 0.967244
v 0.240290 -0.260459 0.987129
v 0.236944 -0.263889 0.994942
v 0.236944 -0.309186 0.975058
v 0.288576 -0.309186 0.975058
v 0.291923 -0.305755 0.967244
v 0.240290 -0.305755 0.967244
v 0.240290 -0.260459 0.987129
v 0.291923 -0.260459 0.987129
v 0.288576 -0.263889 0.994942
v 0.236944 -0.263889 0.994942
v 0.212947 -0.239808 1.005514
v 0.212947 -0.194512 1.025398
v 0.216293 -0.191082 1.017585
v 0.216293 -0.236378 0.997700
v 0.236944 -0.239808 1.005514
v 0.288576 -0.239808 1.005514
v 0.291923 -0.236378 0.997700
v 0.240290 -0.236378 0.997700
v 0.291923 -0.191082 1.017585
v 0.288576 -0.194512 1.025398
v 0.236944 -0.194512 1.025398
v 0.240290 -0.191082 1.017585
v 0.400553 -0.215949 1.006668
v 0.397207 -0.219380 1.014482
v 0.397207 -0.264676 0.994597
v 0.400553 -0.261246 0.986784
v 0.288576 -0.309186 0.975058
v 0.288576 -0.263889 0.994942
v 0.291923 -0.260459 0.987129
v 0.291923 -0.305755 0.967244
v 0.397207 -0.264676 0.994597
v 0.441569 -0.264676 0.994597
v 0.444915 -0.261246 0.986784
v 0.400553 -0.261246 0.986784
v 0.459880 -0.285327 0.976212
v 0.533783 -0.285327 0.976212
v 0.530437 -0.288758 0.984026
v 0.456534 -0.288758 0.984026
v 0.459880 -0.261246 0.986784
v 0.456534 -0.264676 0.994597
v 0.530437 -0.264676 0.994597
v 0.533783 -0.261246 0.986784
v 0.530437 -0.334054 0.964141
v 0.530437 -0.288758 0.984026
v 0.533783 -0.285327 0.976212
v 0.533783 -0.330624 0.956328
v 0.530437 -0.403431 0.933685
v 0.530437 -0.358135 0.953570
v 0.533783 -0.354705 0.945756
v 0.533783 -0.400001 0.925871
v 0.530437 -0.472809 0.903229
v 0.530437 -0.427513 0.923113
v 0.533783 -0.424083 0.915300
v 0.533783 -0.469379 0.895415
v 0.530437 -0.219380 1.014482
v 0.530437 -0.264676 0.994597
v 0.553875 -0.221801 1.013419
v 0.497693 -0.074646 1.313041
v 0.516399 -0.074646 1.313041
v 0.414246 -0.069575 1.345661
v 0.119291 -0.340142 0.961469
v 0.257444 -0.340142 0.961468
v 0.236944 -0.309186 0.975058
v 0.236944 -0.263889 0.994942
v 0.288576 -0.263889 0.994942
v 0.288576 -0.309186 0.975058
v 0.371161 -0.437269 0.918831
v 0.397207 -0.358135 0.953570
v 0.441569 -0.358135 0.953570
v 0.441569 -0.403431 0.933685
v 0.397207 -0.403431 0.933685
v 0.371161 -0.586012 0.853534
v 0.503775 -0.586012 0.853534
v 0.553875 -0.537358 0.874893
v 0.530437 -0.472809 0.903229
v 0.530437 -0.496891 0.892657
v 0.530437 -0.542187 0.872773
v 0.456534 -0.542187 0.872773
v 0.456534 -0.496891 0.892657
v 0.441569 -0.472809 0.903229
v 0.441569 -0.496891 0.892657
v 0.441569 -0.542187 0.872773
v 0.397207 -0.542187 0.872773
v 0.397207 -0.496891 0.892657
v 0.397207 -0.472809 0.903229
v 0.397207 -0.427513 0.923113
v 0.441569 -0.427513 0.923113
v 0.456534 -0.472809 0.903229
v 0.456534 -0.427513 0.923113
v 0.530437 -0.427513 0.923113
v 0.530437 -0.358135 0.953570
v 0.530437 -0.403431 0.933685
v 0.456534 -0.403431 0.933685
v 0.456534 -0.358135 0.953570
v 0.530437 -0.334054 0.964141
v 0.456534 -0.334054 0.964141
v 0.456534 -0.288758 0.984026
v 0.441569 -0.264676 0.994597
v 0.441569 -0.288758 0.984026
v 0.441569 -0.334054 0.964141
v 0.397207 -0.334054 0.964141
v 0.397207 -0.288758 0.984026
v 0.397207 -0.264676 0.994597
v 0.288576 -0.239808 1.005514
v 0.236944 -0.239808 1.005514
v 0.236944 -0.194512 1.025398
v 0.288576 -0.194512 1.025398
v 0.397207 -0.219380 1.014482
v 0.441569 -0.219380 1.014482
v 0.530437 -0.288758 0.984026
v 0.456534 -0.264676 0.994597
v 0.456534 -0.219380 1.014482
v 0.507270 -0.170366 1.035998
v 0.148136 -0.170366 1.035998
v 0.161314 -0.194512 1.025398
v 0.212947 -0.194512 1.025398
v 0.212947 -0.239808 1.005514
v 0.161314 -0.239808 1.005514
v 0.161314 -0.263889 0.994942
v 0.212947 -0.263889 0.994942
v 0.212947 -0.309186 0.975058
v 0.161314 -0.309186 0.975058
v 0.119291 -0.189828 1.027455
v 0.439576 -0.082299 1.541333
v 0.470308 -0.082299 1.541333
v 0.470308 -0.079555 1.559051
v 0.439576 -0.079555 1.559051
v 0.439576 -0.082299 1.541333
v 0.433774 -0.042329 1.522794
v 0.476110 -0.042329 1.522794
v 0.470308 -0.082299 1.541333
v 0.439576 -0.082299 1.541333
v 0.439576 -0.079555 1.559051
v 0.433774 -0.035850 1.564631
v 0.433774 -0.042329 1.522794
v 0.476110 -0.035850 1.564631
v 0.470308 -0.079555 1.559051
v 0.470308 -0.082299 1.541333
v 0.476110 -0.042329 1.522794
v 0.476110 -0.035850 1.564631
v 0.433774 -0.035850 1.564631
v 0.439576 -0.079555 1.559051
v 0.470308 -0.079555 1.559051
v 0.540956 -0.082299 1.541333
v 0.571688 -0.082299 1.541333
v 0.571688 -0.079555 1.559051
v 0.540956 -0.079555 1.559051
v 0.540956 -0.082299 1.541333
v 0.535154 -0.042329 1.522794
v 0.577490 -0.042329 1.522794
v 0.571688 -0.082299 1.541333
v 0.540956 -0.082299 1.541333
v 0.540956 -0.079555 1.559051
v 0.535154 -0.035850 1.564631
v 0.535154 -0.042329 1.522794
v 0.577490 -0.035850 1.564631
v 0.571688 -0.079555 1.559051
v 0.571688 -0.082299 1.541333
v 0.577490 -0.042329 1.522794
v 0.577490 -0.035850 1.564631
v 0.535154 -0.035850 1.564631
v 0.540956 -0.079555 1.559051
v 0.571688 -0.079555 1.559051
v 0.000000 -0.475969 0.228300
v 0.000000 -0.602584 0.000000
v 0.667606 -0.602584 0.000000
v 0.667606 -0.475969 0.228300
v 0.000000 -0.617714 0.812190
v 0.000000 -0.617714 0.776768
v 0.667606 -0.617714 0.776768
v 0.667606 -0.617714 0.812190
v 0.000000 -0.608301 0.765524
v 0.000000 -0.480613 0.742706
v 0.667606 -0.480613 0.742706
v 0.667606 -0.608301 0.765524
v 0.000000 -0.471200 0.731462
v 0.000000 -0.471200 0.246149
v 0.667606 -0.471200 0.246149
v 0.667606 -0.471200 0.731462
v 0.000000 -0.608960 0.825599
v 0.000000 -0.617714 0.812190
v 0.667606 -0.617714 0.812190
v 0.667606 -0.608960 0.825599
v 0.000000 -0.108498 1.054382
v 0.000000 -0.118685 1.041081
v 0.667606 -0.118685 1.041081
v 0.667606 -0.108498 1.054382
v 0.000000 -0.013542 1.732861
v 0.000000 -0.008058 1.716805
v 0.667606 -0.008058 1.716805
v 0.667606 -0.013542 1.732861
v 0.000000 -0.480613 0.742706
v 0.000000 -0.471200 0.731462
v 0.667606 -0.471200 0.731462
v 0.667606 -0.480613 0.742706
v 0.000000 -0.617714 0.776768
v 0.000000 -0.608301 0.765524
v 0.667606 -0.608301 0.765524
v 0.667606 -0.617714 0.776768
v 0.000000 -0.471200 0.246149
v 0.000000 -0.475969 0.228300
v 0.667606 -0.475969 0.228300
v 0.667606 -0.471200 0.246149
v 0.000000 -0.296267 2.081386
v 0.000000 -0.334416 2.049534
v 0.165695 -0.334416 2.049534
v 0.152798 -0.296267 2.081386
v 0.000000 -0.371134 2.251294
v 0.000000 -0.296267 2.081386
v 0.152798 -0.296267 2.081386
v 0.152798 -0.371134 2.251294
v 0.165695 -0.334416 2.049534
v 0.667606 -0.265906 1.892871
v 0.208510 -0.334416 2.049534
v 0.000000 -0.334416 2.049534
v 0.000000 -0.265906 1.892872
v 0.000000 -0.136369 1.162214
v 0.000000 -0.093136 1.155698
v 0.332302 -0.093136 1.155698
v 0.332302 -0.136369 1.162214
v 0.000000 -0.588956 0.847134
v 0.000000 -0.584247 0.836461
v 0.263766 -0.584247 0.836461
v 0.263766 -0.588956 0.847134
v 0.000000 -0.163878 1.021218
v 0.000000 -0.183336 1.012666
v 0.119291 -0.183336 1.012666
v 0.148136 -0.163878 1.021218
v 0.000000 -0.584247 0.836461
v 0.000000 -0.608960 0.825599
v 0.667606 -0.608960 0.825599
v 0.667606 -0.118685 1.041081
v 0.000000 -0.118685 1.041081
v 0.507270 -0.163878 1.021218
v 0.553875 -0.215303 0.998616
v 0.553875 -0.530799 0.859952
v 0.503775 -0.579444 0.838572
v 0.371161 -0.579444 0.838572
v 0.371161 -0.430729 0.903934
v 0.257444 -0.333621 0.946614
v 0.119291 -0.333621 0.946614
v 0.000000 -0.383723 0.924593
v 0.223293 -0.383723 0.924593
v 0.263766 -0.420775 0.908309
v 0.263766 -0.584247 0.836461
v 0.000000 -0.093136 1.155698
v 0.000000 -0.108498 1.054382
v 0.667606 -0.108498 1.054382
v 0.667606 -0.008058 1.716805
v 0.000000 -0.008058 1.716805
v 0.000000 -0.030255 1.570411
v 0.332302 -0.030255 1.570411
v 0.332302 -0.093136 1.155698
v 0.414246 -0.099096 1.116393
v 0.414246 -0.064454 1.344865
v 0.599846 -0.064454 1.344865
v 0.599846 -0.059120 1.380045
v 0.414246 -0.059120 1.380045
v 0.414246 -0.030243 1.570491
v 0.599846 -0.030243 1.570491
v 0.599846 -0.099096 1.116393
v 0.311602 -0.233682 1.004687
v 0.311602 -0.244959 1.030377
v 0.315551 -0.231463 1.036301
v 0.315551 -0.220186 1.010612
v 0.326341 -0.221584 1.040638
v 0.326341 -0.210307 1.014949
v 0.341079 -0.217968 1.042225
v 0.341079 -0.206691 1.016536
v 0.355818 -0.221584 1.040638
v 0.355818 -0.210307 1.014949
v 0.366608 -0.231463 1.036301
v 0.366608 -0.220186 1.010612
v 0.370557 -0.244959 1.030377
v 0.370557 -0.233682 1.004687
v 0.366608 -0.258455 1.024452
v 0.366608 -0.247177 0.998763
v 0.355818 -0.268334 1.020115
v 0.355818 -0.257057 0.994426
v 0.341079 -0.271950 1.018528
v 0.341079 -0.260673 0.992839
v 0.326341 -0.268334 1.020115
v 0.326341 -0.257057 0.994426
v 0.315551 -0.258455 1.024452
v 0.315551 -0.247177 0.998763
v 0.311602 -0.244959 1.030377
v 0.315551 -0.258455 1.024452
v 0.326341 -0.268334 1.020115
v 0.341079 -0.271950 1.018528
v 0.355818 -0.268334 1.020115
v 0.366608 -0.258455 1.024452
v 0.370557 -0.244959 1.030377
v 0.366608 -0.231463 1.036301
v 0.355818 -0.221584 1.040638
v 0.341079 -0.217968 1.042225
v 0.326341 -0.221584 1.040638
v 0.315551 -0.231463 1.036301
v 0.319856 -0.318075 0.967640
v 0.319856 -0.326758 0.987420
v 0.322699 -0.317041 0.991686
v 0.322699 -0.308358 0.971905
v 0.330467 -0.309928 0.994809
v 0.330467 -0.301245 0.975028
v 0.341079 -0.307325 0.995952
v 0.341079 -0.298641 0.976171
v 0.351691 -0.309928 0.994809
v 0.351691 -0.301245 0.975028
v 0.359460 -0.317041 0.991686
v 0.359460 -0.308358 0.971905
v 0.362303 -0.326758 0.987420
v 0.362303 -0.318075 0.967640
v 0.359460 -0.336475 0.983155
v 0.359460 -0.327792 0.963374
v 0.351691 -0.343588 0.980032
v 0.351691 -0.334905 0.960252
v 0.341079 -0.346192 0.978889
v 0.341079 -0.337508 0.959109
v 0.330468 -0.343588 0.980032
v 0.330468 -0.334905 0.960252
v 0.322699 -0.336475 0.983155
v 0.322699 -0.327792 0.963374
v 0.319856 -0.326758 0.987420
v 0.322699 -0.336475 0.983155
v 0.330468 -0.343588 0.980032
v 0.341079 -0.346192 0.978889
v 0.351691 -0.343588 0.980032
v 0.359460 -0.336475 0.983155
v 0.362303 -0.326758 0.987420
v 0.359460 -0.317041 0.991686
v 0.351691 -0.309928 0.994809
v 0.341079 -0.307325 0.995952
v 0.330467 -0.309928 0.994809
v 0.322699 -0.317041 0.991686
v 0.547574 -0.306148 1.627523
v 0.547574 -0.356588 1.815765
v 0.257414 -0.254577 1.843098
v 0.257415 -0.204137 1.654857
v 0.560691 -0.271339 1.636851
v 0.547574 -0.306148 1.627523
v 0.257415 -0.204137 1.654857
v 0.270531 -0.169328 1.664184
v 0.270531 -0.169328 1.664184
v 0.257415 -0.204137 1.654857
v 0.257414 -0.254577 1.843098
v 0.270531 -0.219767 1.852426
v 0.270531 -0.219767 1.852426
v 0.257414 -0.254577 1.843098
v 0.547574 -0.356588 1.815765
v 0.560691 -0.321778 1.825092
v 0.560691 -0.321778 1.825092
v 0.547574 -0.356588 1.815765
v 0.547574 -0.306148 1.627523
v 0.560691 -0.271339 1.636851
v 0.154391 -0.217094 1.652341
v 0.154391 -0.267533 1.840582
v 0.000000 -0.267533 1.840582
v 0.000000 -0.217094 1.652341
v 0.154391 -0.180050 1.662267
v 0.154391 -0.217094 1.652341
v 0.000000 -0.217094 1.652341
v 0.000000 -0.180050 1.662267
v 0.154391 -0.230489 1.850508
v 0.154391 -0.267533 1.840582
v 0.154391 -0.217094 1.652341
v 0.154391 -0.180050 1.662267
v 0.000000 -0.230489 1.850508
v 0.000000 -0.267533 1.840582
v 0.154391 -0.267533 1.840582
v 0.154391 -0.230489 1.850508
v 0.012945 -0.216191 1.760087
v 0.012945 -0.205634 1.720448
v 0.012945 -0.133663 1.739618
v 0.012945 -0.153978 1.776657
v 0.012945 -0.205634 1.720448
v 0.000000 -0.205634 1.720448
v 0.000000 -0.133663 1.739618
v 0.012945 -0.133663 1.739618
v 0.012945 -0.067601 1.800309
v 0.012945 -0.095353 1.830516
v 0.012945 -0.133663 1.739618
v 0.000000 -0.133663 1.739618
v 0.000000 -0.067601 1.800309
v 0.012945 -0.067601 1.800309
v 0.000000 -0.153978 1.776657
v 0.000000 -0.216191 1.760087
v 0.012945 -0.216191 1.760087
v 0.012945 -0.153978 1.776657
v 0.000000 -0.095353 1.830516
v 0.000000 -0.153978 1.776657
v 0.012945 -0.153978 1.776657
v 0.012945 -0.095353 1.830516
v 0.850814 -0.333041 1.817719
v 0.636194 -0.333041 1.817719
v 0.636194 -0.333041 1.666051
v 0.850814 -0.333041 1.666051
v 0.850814 -0.177878 1.533021
v 0.636194 -0.177878 1.533021
v 0.636194 -0.177878 1.147238
v 0.850814 -0.177878 1.147238
v 0.850814 -0.333041 1.666051
v 0.636194 -0.333041 1.666051
v 0.636194 -0.324985 1.648088
v 0.850814 -0.324985 1.648088
v 0.850814 -0.324985 1.648088
v 0.636194 -0.324985 1.648088
v 0.636194 -0.177878 1.533021
v 0.850814 -0.177878 1.533021
v 0.850814 -0.324985 1.648088
v 0.850814 0.263241 1.533021
v 0.850814 -0.333041 1.666051
v 0.850814 -0.333041 1.817719
v 0.850814 -0.177878 1.147238
v 0.850814 0.263241 1.147238
v 0.850814 -0.177878 1.533021
v 0.636194 -0.324985 1.648088
v 0.636194 -0.333041 1.666051
v 0.636194 0.108079 1.817719
v 0.636194 -0.333041 1.817719
v 0.636194 -0.177878 1.147238
v 0.636194 -0.177878 1.533021
v 0.636194 -0.039980 1.147238
v 0.428556 -0.256474 1.748337
v 0.428556 -0.245917 1.708699
v 0.428556 -0.173945 1.727869
v 0.428556 -0.194261 1.764908
v 0.428556 -0.245917 1.708699
v 0.402666 -0.245917 1.708699
v 0.402666 -0.173945 1.727869
v 0.428556 -0.173945 1.727869
v 0.402666 -0.245917 1.708699
v 0.402666 -0.256474 1.748337
v 0.402666 -0.194261 1.764908
v 0.402666 -0.173945 1.727869
v 0.402666 -0.256474 1.748337
v 0.428556 -0.256474 1.748337
v 0.428556 -0.194261 1.764908
v 0.402666 -0.194261 1.764908
v 0.428556 -0.096468 1.796192
v 0.428556 -0.124219 1.826399
v 0.428556 -0.173945 1.727869
v 0.402666 -0.173945 1.727869
v 0.402666 -0.096468 1.796192
v 0.428556 -0.096468 1.796192
v 0.402666 -0.124219 1.826399
v 0.402666 -0.096468 1.796192
v 0.402666 -0.194261 1.764908
v 0.428556 -0.194261 1.764908
v 0.428556 -0.124219 1.826399
v 0.402666 -0.124219 1.826399
v 0.894365 -0.510223 2.054167
v 0.894365 0.340183 2.602250
v 0.894365 -0.517754 2.070802
v 0.894364 0.340183 0.000000
v 0.894365 -0.520107 0.821916
v 0.894365 -0.515654 0.000000
v 0.874930 -0.043405 1.243625
v 0.612078 -0.043405 1.243625
v 0.612078 -0.626211 0.917325
v 0.874930 -0.626211 0.917325
v 0.894365 0.115113 1.125459
v 0.894365 0.260324 1.175650
v 0.894365 0.260906 1.644349
v 0.894364 0.319367 1.496221
v 0.612078 -0.633554 0.892501
v 0.874930 -0.633554 0.892501
v 0.894365 -0.515559 2.602250
v 0.894365 -0.005124 1.693874
v 0.894365 0.115797 1.694495
v 0.894365 -0.509514 0.847838
v 0.894365 -0.012043 1.125922
v 0.874930 -0.633553 2.015481
v 0.612078 -0.633554 2.015481
v 0.612078 -0.619625 1.988403
v 0.874930 -0.619625 1.988403
v 0.894364 0.318880 1.323500
v 0.894365 -0.614119 0.000000
v 0.894365 -0.619227 0.879370
v 0.874930 -0.633554 0.892501
v 0.874930 -0.633553 0.000000
v 0.894365 -0.612116 0.903945
v 0.894365 -0.037677 1.225054
v 0.874930 -0.043405 1.243625
v 0.874930 -0.626211 0.917325
v 0.894365 -0.036598 1.594673
v 0.894365 -0.603253 1.998874
v 0.874930 -0.619625 1.988403
v 0.874930 -0.043405 1.576470
v 0.894365 -0.616907 2.025512
v 0.894365 -0.614119 2.602250
v 0.874930 -0.633553 2.602250
v 0.874930 -0.633553 2.015481
v 0.894365 -0.037677 1.225054
v 0.894365 0.098655 1.224558
v 0.874930 0.094894 1.243625
v 0.874930 -0.043405 1.243625
v 0.894365 0.099414 1.595371
v 0.894365 -0.036598 1.594673
v 0.874930 -0.043405 1.576470
v 0.874930 0.094894 1.576470
v 0.894365 0.184990 1.254399
v 0.874930 0.172377 1.270109
v 0.874930 0.172377 1.549986
v 0.894365 0.185505 1.565621
v 0.874930 0.201111 1.473897
v 0.874930 0.201111 1.346198
v 0.894365 0.219896 1.342532
v 0.894365 0.220276 1.477519
v 0.592644 -0.504290 2.049935
v 0.592644 -0.517602 2.080549
v 0.592644 -0.239690 1.941319
v 0.612078 -0.633554 0.000000
v 0.874930 -0.633553 0.000000
v 0.831718 0.094894 1.243625
v 0.612078 -0.043405 1.243625
v 0.874930 -0.043405 1.243625
v 0.874930 0.094894 1.243625
v 0.874930 0.172377 1.270109
v 0.831718 0.172377 1.270109
v 0.831718 0.201111 1.473897
v 0.831718 0.201111 1.346198
v 0.874930 0.201111 1.346198
v 0.874930 0.201111 1.473897
v 0.831718 0.172377 1.549986
v 0.874930 0.172377 1.549986
v 0.592643 0.018073 1.770106
v 0.592643 -0.005124 1.693874
v 0.874930 -0.633553 2.602250
v 0.612078 -0.633554 2.602250
v 0.612078 -0.043405 1.576470
v 0.874930 -0.043405 1.576470
v 0.874930 -0.043405 1.576470
v 0.612078 -0.043405 1.576470
v 0.612078 0.094894 1.576470
v 0.874930 0.094894 1.576470
v 0.592643 -0.614119 0.000000
v 0.612078 -0.633554 0.000000
v 0.612078 -0.633554 0.892501
v 0.592644 -0.619227 0.879370
v 0.592644 -0.612116 0.903945
v 0.612078 -0.626211 0.917325
v 0.612078 -0.043405 1.243625
v 0.592643 -0.037677 1.225054
v 0.592643 -0.036598 1.594673
v 0.612078 -0.043405 1.576470
v 0.612078 -0.619625 1.988403
v 0.592644 -0.603253 1.998874
v 0.592644 -0.616908 2.025512
v 0.612078 -0.633554 2.015481
v 0.612078 -0.633554 2.602250
v 0.592644 -0.614119 2.602250
v 0.592643 0.099414 1.595371
v 0.612078 0.094894 1.576470
v 0.612078 -0.043405 1.576470
v 0.592643 -0.036598 1.594673
v 0.612078 -0.633554 2.015481
v 0.592644 -0.616908 2.025512
v 0.592644 -0.603253 1.998874
v 0.612078 -0.619625 1.988403
v 0.592644 -0.616908 2.025512
v 0.592644 -0.517602 2.080549
v 0.592644 -0.504290 2.049935
v 0.592644 -0.603253 1.998874
v 0.592643 -0.005124 1.693874
v 0.592643 -0.036598 1.594673
v 0.592643 0.115797 1.694495
v 0.592643 0.099414 1.595371
v 0.592643 -0.037677 1.225054
v 0.592643 0.001618 1.070515
v 0.592644 -0.506336 0.849614
v 0.592644 -0.612116 0.903945
v 0.592644 -0.520107 0.824666
v 0.592644 -0.619227 0.879370
v 0.592643 -0.515655 0.000000
v 0.592643 -0.614119 0.000000
v 0.592644 -0.508283 2.602250
v 0.592644 -0.508283 2.602250
v 0.592644 -0.614119 2.602250
v 0.592644 -0.506336 0.849614
v 0.592644 -0.436748 0.745208
v 0.592644 -0.520107 0.824666
v 0.592643 -0.436830 0.000000
v 0.592643 -0.515655 0.000000
v 0.894365 -0.614119 0.000000
v 0.894365 -0.515654 0.000000
v 0.894365 -0.520107 0.821916
v 0.894365 -0.619227 0.879370
v 0.894365 -0.509514 0.847838
v 0.894365 -0.612116 0.903945
v 0.894365 -0.012043 1.125922
v 0.894365 -0.037677 1.225054
v 0.894365 0.115113 1.125459
v 0.894365 0.098655 1.224558
v 0.894365 0.260324 1.175650
v 0.894365 0.184990 1.254399
v 0.894364 0.318880 1.323500
v 0.894365 0.219896 1.342532
v 0.894364 0.319367 1.496221
v 0.894365 0.220276 1.477519
v 0.894365 0.260906 1.644349
v 0.894365 0.185505 1.565621
v 0.894365 0.115797 1.694495
v 0.894365 0.099414 1.595371
v 0.894365 -0.005124 1.693874
v 0.894365 -0.036598 1.594673
v 0.894365 -0.510223 2.054167
v 0.894365 -0.603253 1.998874
v 0.894365 -0.517754 2.070802
v 0.894365 -0.616907 2.025512
v 0.894365 -0.515559 2.602250
v 0.894365 -0.614119 2.602250
v 0.920934 -0.608552 2.625193
v 0.920934 0.343048 2.625193
v 0.000000 0.343048 2.625193
v 0.000000 -0.657133 2.625193
v 0.884498 -0.657133 2.625193
v 0.920934 -0.608552 2.625193
v 0.920934 -0.608552 2.578353
v 0.920934 0.343048 2.578353
v 0.920934 0.343048 2.625193
v 0.884498 -0.657133 2.625193
v 0.884498 -0.657133 2.578353
v 0.920934 -0.608552 2.578353
v 0.920934 -0.608552 2.625193
v 0.920934 -0.608552 2.578353
v 0.872932 -0.509459 2.578353
v 0.881222 0.343048 2.578353
v 0.920934 0.343048 2.578353
v 0.884498 -0.657133 2.578353
v 0.497693 -0.084788 1.247801
v 0.497693 -0.079717 1.280421
v 0.431189 -0.079717 1.280421
v 0.431189 -0.074646 1.313041
v 0.431189 -0.084788 1.247801
v 0.516399 -0.084788 1.247801
v 0.497693 -0.089858 1.215181
v 0.516399 -0.089858 1.215181
v 0.516399 -0.079717 1.280421
v 0.582903 -0.084788 1.247801
v 0.582903 -0.079717 1.280421
v 0.497693 -0.094929 1.182562
v 0.431189 -0.089858 1.215181
v 0.431189 -0.094929 1.182562
v 0.516399 -0.094929 1.182562
v 0.497693 -0.100000 1.149942
v 0.516399 -0.100000 1.149942
v 0.582903 -0.094929 1.182562
v 0.582903 -0.089858 1.215181
v 0.414246 -0.105071 1.117322
v 0.431189 -0.100000 1.149942
v 0.599846 -0.105071 1.117322
v 0.582903 -0.074646 1.313041
v 0.599846 -0.069575 1.345661
v 0.582903 -0.100000 1.149942
v 0.414365 -0.104828 1.118888
v 0.208671 -0.419772 2.244718
v 0.000000 -0.468769 2.356758
v 0.164495 -0.419772 2.244718
v 0.165534 -0.419772 2.244718
v 0.165535 -0.419463 2.244010
v 0.539899 -0.334416 2.049534
v 0.152798 -0.371134 2.251294
v 0.152798 -0.296267 2.081386
v 0.165695 -0.334416 2.049534
v 0.000000 -0.419772 2.244718
v 0.000000 -0.371134 2.251294
v 0.152798 -0.371134 2.251294
v 0.000000 -0.419772 2.244718
v 0.667606 -0.468769 2.356758
v 0.539737 -0.419772 2.244718
v 0.539738 -0.419463 2.244010
v 0.000000 -0.657133 2.625193
v 0.000000 -0.657133 2.578353
v 0.884498 -0.657133 2.578353
v 0.884498 -0.657133 2.625193
v 0.000000 -0.657133 2.578353
v 0.000000 -0.520512 2.578353
vt 0.997852 0.384476
vt 0.997852 0.487375
vt 0.787934 0.487375
vt 0.787934 0.384476
vt 0.728009 0.856182
vt 0.728009 0.661148
vt 0.794469 0.661148
vt 0.794469 0.856182
vt 0.708180 0.856182
vt 0.708180 0.661148
vt 0.723683 0.661148
vt 0.723683 0.856182
vt 0.708180 0.856182
vt 0.703334 0.856182
vt 0.703334 0.661148
vt 0.708180 0.661148
vt 0.728009 0.856182
vt 0.723683 0.856182
vt 0.723683 0.661148
vt 0.728009 0.661148
vt 0.862475 0.324203
vt 0.948719 0.324203
vt 0.957697 0.331575
vt 0.853496 0.331575
vt 0.862475 0.272317
vt 0.862475 0.324203
vt 0.853496 0.331575
vt 0.853547 0.265666
vt 0.862475 0.272317
vt 0.853547 0.265666
vt 0.957646 0.265666
vt 0.948719 0.272317
vt 0.862475 0.272317
vt 0.948719 0.272317
vt 0.948719 0.324203
vt 0.862475 0.324203
vt 0.957646 0.265905
vt 0.957697 0.331575
vt 0.948719 0.324203
vt 0.948719 0.272317
vt 0.957646 0.265666
vt 0.839656 0.265666
vt 0.839983 0.265666
vt 0.839733 0.265852
vt 0.839984 0.265905
vt 0.839733 0.265852
vt 0.839983 0.265666
vt 0.939611 0.097775
vt 0.950209 0.108625
vt 0.820177 0.108625
vt 0.830860 0.097775
vt 0.939611 0.097775
vt 0.939611 0.002000
vt 0.950209 0.002000
vt 0.950209 0.108625
vt 0.830860 0.097775
vt 0.830860 0.002000
vt 0.939611 0.002000
vt 0.939611 0.097775
vt 0.879490 0.134918
vt 0.879490 0.194471
vt 0.875989 0.190712
vt 0.875989 0.138677
vt 0.811894 0.138677
vt 0.807853 0.134918
vt 0.879490 0.134918
vt 0.875989 0.138677
vt 0.811894 0.190712
vt 0.807853 0.194471
vt 0.807853 0.134918
vt 0.811894 0.138677
vt 0.866833 0.167317
vt 0.866833 0.185962
vt 0.865637 0.185095
vt 0.865637 0.168184
vt 0.858535 0.185095
vt 0.857676 0.185962
vt 0.857676 0.167317
vt 0.858535 0.168184
vt 0.866833 0.185962
vt 0.857676 0.185962
vt 0.858535 0.185095
vt 0.865637 0.185095
vt 0.848520 0.167317
vt 0.848520 0.185962
vt 0.847156 0.185043
vt 0.847156 0.168235
vt 0.840390 0.185043
vt 0.839363 0.185962
vt 0.839363 0.167317
vt 0.840390 0.168235
vt 0.848520 0.185962
vt 0.839363 0.185962
vt 0.840390 0.185043
vt 0.847156 0.185043
vt 0.830207 0.185962
vt 0.829019 0.184879
vt 0.829019 0.168399
vt 0.830207 0.167317
vt 0.821900 0.184879
vt 0.821050 0.185962
vt 0.821050 0.167317
vt 0.821900 0.168399
vt 0.830207 0.185962
vt 0.821050 0.185962
vt 0.821900 0.184879
vt 0.829019 0.184879
vt 0.866833 0.162072
vt 0.857676 0.162072
vt 0.858786 0.160740
vt 0.865385 0.160740
vt 0.866833 0.143427
vt 0.866833 0.162072
vt 0.865385 0.160740
vt 0.865385 0.144760
vt 0.866833 0.143427
vt 0.865385 0.144760
vt 0.858786 0.144760
vt 0.857676 0.143427
vt 0.857676 0.162072
vt 0.857676 0.143427
vt 0.858786 0.144760
vt 0.858786 0.160740
vt 0.858535 0.168184
vt 0.857676 0.167317
vt 0.866833 0.167317
vt 0.865637 0.168184
vt 0.848520 0.143427
vt 0.848520 0.162072
vt 0.847154 0.160907
vt 0.847154 0.144593
vt 0.848520 0.143427
vt 0.847154 0.144593
vt 0.840392 0.144593
vt 0.839363 0.143427
vt 0.839363 0.162072
vt 0.839363 0.143427
vt 0.840392 0.144593
vt 0.840392 0.160907
vt 0.830207 0.143427
vt 0.829081 0.144593
vt 0.821839 0.144593
vt 0.821050 0.143427
vt 0.821050 0.162072
vt 0.821050 0.143427
vt 0.821839 0.144593
vt 0.821839 0.160907
vt 0.830207 0.143427
vt 0.830207 0.162072
vt 0.829081 0.160907
vt 0.829081 0.144593
vt 0.840392 0.160907
vt 0.847154 0.160907
vt 0.848520 0.162072
vt 0.839363 0.162072
vt 0.840390 0.168235
vt 0.839363 0.167317
vt 0.848520 0.167317
vt 0.847156 0.168235
vt 0.821839 0.160907
vt 0.829081 0.160907
vt 0.830207 0.162072
vt 0.821050 0.162072
vt 0.821900 0.168399
vt 0.821050 0.167317
vt 0.830207 0.167317
vt 0.829019 0.168399
vt 0.879490 0.194471
vt 0.807853 0.194471
vt 0.811894 0.190712
vt 0.875989 0.190712
vt 0.893421 0.191819
vt 0.890520 0.194471
vt 0.890520 0.134918
vt 0.893421 0.137570
vt 0.950234 0.194471
vt 0.890520 0.194471
vt 0.893421 0.191819
vt 0.947785 0.191819
vt 0.950234 0.134918
vt 0.950234 0.194471
vt 0.947785 0.191819
vt 0.947785 0.137570
vt 0.893421 0.137570
vt 0.947785 0.137570
vt 0.947785 0.191819
vt 0.893421 0.191819
vt 0.893421 0.137570
vt 0.890520 0.134918
vt 0.950234 0.134918
vt 0.947785 0.137570
vt 0.579151 0.734323
vt 0.575541 0.728721
vt 0.586580 0.716650
vt 0.592389 0.721393
vt 0.592389 0.721393
vt 0.586580 0.716650
vt 0.586580 0.650051
vt 0.592389 0.650051
vt 0.526771 0.728721
vt 0.575541 0.728721
vt 0.579151 0.734323
vt 0.520746 0.734323
vt 0.575541 0.728721
vt 0.526771 0.728721
vt 0.526771 0.650051
vt 0.575541 0.650051
vt 0.575541 0.728721
vt 0.575541 0.650051
vt 0.586580 0.650051
vt 0.586580 0.716650
vt 0.649769 0.822648
vt 0.666401 0.809169
vt 0.670935 0.812122
vt 0.652562 0.827012
vt 0.670935 0.812122
vt 0.666401 0.809169
vt 0.666401 0.705303
vt 0.670935 0.697380
vt 0.670935 0.697380
vt 0.666401 0.705303
vt 0.660108 0.696961
vt 0.663983 0.688164
vt 0.663983 0.688164
vt 0.660108 0.696961
vt 0.611504 0.696961
vt 0.610290 0.688164
vt 0.610290 0.688164
vt 0.611504 0.696961
vt 0.611504 0.736916
vt 0.610290 0.732304
vt 0.610290 0.732304
vt 0.611504 0.736916
vt 0.580097 0.769805
vt 0.575595 0.768636
vt 0.575595 0.768636
vt 0.580097 0.769805
vt 0.532001 0.769805
vt 0.522462 0.768636
vt 0.522462 0.768636
vt 0.532001 0.769805
vt 0.532001 0.808159
vt 0.522462 0.811005
vt 0.532001 0.808159
vt 0.547733 0.822648
vt 0.539842 0.827012
vt 0.522462 0.811005
vt 0.547733 0.822648
vt 0.649769 0.822648
vt 0.652562 0.827012
vt 0.539842 0.827012
vt 0.591039 0.777338
vt 0.605685 0.777338
vt 0.604653 0.778415
vt 0.591975 0.778415
vt 0.591039 0.790168
vt 0.591975 0.789090
vt 0.604653 0.789090
vt 0.605685 0.790168
vt 0.591039 0.794496
vt 0.605685 0.794496
vt 0.604155 0.795951
vt 0.592473 0.795951
vt 0.591039 0.794496
vt 0.592473 0.795951
vt 0.592473 0.814414
vt 0.591039 0.815869
vt 0.546172 0.790168
vt 0.546172 0.777338
vt 0.547148 0.778234
vt 0.547148 0.789271
vt 0.559747 0.778234
vt 0.560819 0.777338
vt 0.560819 0.790168
vt 0.559747 0.789271
vt 0.583252 0.790168
vt 0.581857 0.788988
vt 0.581857 0.778518
vt 0.583252 0.777338
vt 0.568605 0.777338
vt 0.569904 0.778518
vt 0.569904 0.788988
vt 0.568605 0.790168
vt 0.569904 0.778518
vt 0.568605 0.777338
vt 0.583252 0.777338
vt 0.581857 0.778518
vt 0.560819 0.777338
vt 0.559747 0.778234
vt 0.547148 0.778234
vt 0.546172 0.777338
vt 0.546172 0.790168
vt 0.547148 0.789271
vt 0.559747 0.789271
vt 0.560819 0.790168
vt 0.546172 0.794496
vt 0.560819 0.794496
vt 0.559399 0.795789
vt 0.547495 0.795789
vt 0.546172 0.794496
vt 0.547495 0.795789
vt 0.547495 0.814576
vt 0.546172 0.815869
vt 0.546172 0.815869
vt 0.547495 0.814576
vt 0.559399 0.814576
vt 0.560819 0.815869
vt 0.560819 0.815869
vt 0.559399 0.814576
vt 0.559399 0.795789
vt 0.560819 0.794496
vt 0.569622 0.814630
vt 0.568605 0.815869
vt 0.568605 0.794496
vt 0.569622 0.795735
vt 0.582139 0.814630
vt 0.582139 0.795735
vt 0.583252 0.794496
vt 0.583252 0.815869
vt 0.582139 0.795735
vt 0.569622 0.795735
vt 0.568605 0.794496
vt 0.583252 0.794496
vt 0.568605 0.790168
vt 0.569904 0.788988
vt 0.581857 0.788988
vt 0.583252 0.790168
vt 0.604155 0.814414
vt 0.604155 0.795951
vt 0.605685 0.794496
vt 0.605685 0.815869
vt 0.613472 0.794496
vt 0.628119 0.794496
vt 0.626608 0.795843
vt 0.614886 0.795843
vt 0.614886 0.795843
vt 0.614886 0.814522
vt 0.613472 0.815869
vt 0.613472 0.794496
vt 0.604653 0.789090
vt 0.604653 0.778415
vt 0.605685 0.777338
vt 0.605685 0.790168
vt 0.591039 0.790168
vt 0.591039 0.777338
vt 0.591975 0.778415
vt 0.591975 0.789090
vt 0.614825 0.788940
vt 0.613472 0.790168
vt 0.613472 0.777338
vt 0.614825 0.778565
vt 0.626670 0.788940
vt 0.626670 0.778565
vt 0.628119 0.777338
vt 0.628119 0.790168
vt 0.613472 0.790168
vt 0.614825 0.788940
vt 0.626670 0.788940
vt 0.628119 0.790168
vt 0.626670 0.778565
vt 0.614825 0.778565
vt 0.613472 0.777338
vt 0.628119 0.777338
vt 0.650552 0.777338
vt 0.650552 0.790168
vt 0.649372 0.788745
vt 0.649373 0.778760
vt 0.635906 0.790168
vt 0.636989 0.788745
vt 0.649372 0.788745
vt 0.650552 0.790168
vt 0.650552 0.794496
vt 0.650552 0.815869
vt 0.648899 0.814253
vt 0.648899 0.796112
vt 0.648899 0.796112
vt 0.637462 0.796112
vt 0.635906 0.794496
vt 0.650552 0.794496
vt 0.637462 0.814253
vt 0.648899 0.814253
vt 0.650552 0.815869
vt 0.635906 0.815869
vt 0.657413 0.744766
vt 0.658593 0.745920
vt 0.643947 0.745920
vt 0.645030 0.744766
vt 0.657413 0.732141
vt 0.645030 0.732141
vt 0.643947 0.730987
vt 0.658593 0.730987
vt 0.658593 0.709114
vt 0.658593 0.724047
vt 0.657382 0.722862
vt 0.657382 0.710300
vt 0.643947 0.709114
vt 0.658593 0.709114
vt 0.657382 0.710300
vt 0.645061 0.710300
vt 0.643947 0.709114
vt 0.645061 0.710300
vt 0.645061 0.722862
vt 0.643947 0.724047
vt 0.636160 0.709114
vt 0.636160 0.724047
vt 0.634819 0.722729
vt 0.634819 0.710433
vt 0.621513 0.709114
vt 0.636160 0.709114
vt 0.634819 0.710433
vt 0.622758 0.710433
vt 0.621513 0.709114
vt 0.622758 0.710433
vt 0.622758 0.722729
vt 0.621513 0.724047
vt 0.621513 0.724047
vt 0.622758 0.722729
vt 0.634819 0.722729
vt 0.636160 0.724047
vt 0.621513 0.730987
vt 0.636160 0.730987
vt 0.635055 0.732065
vt 0.622522 0.732065
vt 0.621513 0.730987
vt 0.622522 0.732065
vt 0.622522 0.744842
vt 0.621513 0.745920
vt 0.635055 0.732065
vt 0.636160 0.730987
vt 0.636160 0.745920
vt 0.635055 0.744842
vt 0.643947 0.724047
vt 0.645061 0.722862
vt 0.657382 0.722862
vt 0.658593 0.724047
vt 0.643947 0.730987
vt 0.645030 0.732141
vt 0.645030 0.744766
vt 0.643947 0.745920
vt 0.657413 0.744766
vt 0.657413 0.732141
vt 0.658593 0.730987
vt 0.658593 0.745920
vt 0.649373 0.778760
vt 0.636989 0.778760
vt 0.635906 0.777338
vt 0.650552 0.777338
vt 0.621513 0.745920
vt 0.622522 0.744842
vt 0.635055 0.744842
vt 0.636160 0.745920
vt 0.635906 0.777338
vt 0.636989 0.778760
vt 0.636989 0.788745
vt 0.635906 0.790168
vt 0.626608 0.795843
vt 0.628119 0.794496
vt 0.628119 0.815869
vt 0.626608 0.814522
vt 0.637462 0.796112
vt 0.637462 0.814253
vt 0.635906 0.815869
vt 0.635906 0.794496
vt 0.613472 0.815869
vt 0.614886 0.814522
vt 0.626608 0.814522
vt 0.628119 0.815869
vt 0.591039 0.815869
vt 0.592473 0.814414
vt 0.604155 0.814414
vt 0.605685 0.815869
vt 0.568605 0.815869
vt 0.569622 0.814630
vt 0.582139 0.814630
vt 0.583252 0.815869
vt 0.650552 0.815869
vt 0.649769 0.822648
vt 0.635906 0.815869
vt 0.866833 0.162072
vt 0.875989 0.138677
vt 0.866833 0.167317
vt 0.611504 0.696961
vt 0.660108 0.696961
vt 0.666401 0.705303
vt 0.658593 0.709114
vt 0.643947 0.709114
vt 0.636160 0.709114
vt 0.621513 0.709114
vt 0.621513 0.724047
vt 0.636160 0.724047
vt 0.643947 0.724047
vt 0.658593 0.724047
vt 0.666401 0.809169
vt 0.650552 0.794496
vt 0.635906 0.794496
vt 0.547733 0.822648
vt 0.613472 0.815869
vt 0.628119 0.815869
vt 0.628119 0.794496
vt 0.635906 0.790168
vt 0.650552 0.790168
vt 0.650552 0.777338
vt 0.635906 0.777338
vt 0.643947 0.745920
vt 0.658593 0.745920
vt 0.658593 0.730987
vt 0.643947 0.730987
vt 0.628119 0.790168
vt 0.628119 0.777338
vt 0.613472 0.777338
vt 0.613472 0.790168
vt 0.613472 0.794496
vt 0.605685 0.815869
vt 0.605685 0.794496
vt 0.591039 0.794496
vt 0.591039 0.815869
vt 0.568605 0.815869
vt 0.583252 0.815869
vt 0.583252 0.794496
vt 0.568605 0.794496
vt 0.560819 0.815869
vt 0.560819 0.794496
vt 0.568605 0.790168
vt 0.583252 0.790168
vt 0.583252 0.777338
vt 0.568605 0.777338
vt 0.560819 0.790168
vt 0.560819 0.777338
vt 0.546172 0.777338
vt 0.546172 0.790168
vt 0.546172 0.794496
vt 0.546172 0.815869
vt 0.532001 0.808159
vt 0.532001 0.769805
vt 0.580097 0.769805
vt 0.605685 0.777338
vt 0.591039 0.777338
vt 0.591039 0.790168
vt 0.605685 0.790168
vt 0.611504 0.736916
vt 0.621513 0.730987
vt 0.621513 0.745920
vt 0.636160 0.745920
vt 0.636160 0.730987
vt 0.416114 0.927062
vt 0.416112 0.921003
vt 0.428046 0.921004
vt 0.428044 0.927062
vt 0.416114 0.927062
vt 0.428044 0.927062
vt 0.442672 0.944812
vt 0.401487 0.944812
vt 0.416114 0.927062
vt 0.401487 0.944812
vt 0.401482 0.903260
vt 0.416112 0.921003
vt 0.442676 0.903260
vt 0.442672 0.944812
vt 0.428044 0.927062
vt 0.428046 0.921004
vt 0.442676 0.903260
vt 0.428046 0.921004
vt 0.416112 0.921003
vt 0.401482 0.903260
vt 0.325555 0.856520
vt 0.325553 0.850461
vt 0.337487 0.850461
vt 0.337485 0.856520
vt 0.325555 0.856520
vt 0.337485 0.856520
vt 0.352113 0.874271
vt 0.310927 0.874271
vt 0.325555 0.856520
vt 0.310927 0.874271
vt 0.310923 0.832718
vt 0.325553 0.850461
vt 0.352117 0.832718
vt 0.352113 0.874271
vt 0.337485 0.856520
vt 0.337487 0.850461
vt 0.352117 0.832718
vt 0.337487 0.850461
vt 0.325553 0.850461
vt 0.310923 0.832718
vt 0.713351 0.442292
vt 0.511657 0.442292
vt 0.511657 0.355917
vt 0.713351 0.355917
vt 0.506315 0.650051
vt 0.506312 0.863348
vt 0.493918 0.863348
vt 0.493921 0.650051
vt 0.165254 0.413358
vt 0.165252 0.608392
vt 0.123752 0.608392
vt 0.123754 0.413358
vt 0.713351 0.592540
vt 0.511657 0.592540
vt 0.511657 0.448405
vt 0.713351 0.448405
vt 0.511917 0.650051
vt 0.511917 0.863348
vt 0.506312 0.863348
vt 0.506315 0.650051
vt 0.788409 0.002000
vt 0.788409 0.216213
vt 0.782522 0.216213
vt 0.782521 0.002000
vt 0.787934 0.487375
vt 0.997852 0.487375
vt 0.997852 0.493217
vt 0.787934 0.493217
vt 0.123754 0.413358
vt 0.123752 0.608392
vt 0.119061 0.608392
vt 0.119063 0.413358
vt 0.493921 0.650051
vt 0.493918 0.863348
vt 0.488787 0.863348
vt 0.488790 0.650051
vt 0.713351 0.448405
vt 0.511657 0.448405
vt 0.511657 0.442292
vt 0.713351 0.442292
vt 0.787934 0.324085
vt 0.830859 0.324085
vt 0.840034 0.331575
vt 0.787934 0.331575
vt 0.787934 0.272435
vt 0.830859 0.272435
vt 0.830859 0.324085
vt 0.787934 0.324085
vt 0.840034 0.331575
vt 0.853496 0.331575
vt 0.997852 0.384476
vt 0.787934 0.331575
vt 0.787934 0.384476
vt 0.830860 0.002000
vt 0.830860 0.097775
vt 0.820177 0.108625
vt 0.820177 0.002000
vt 0.526771 0.650051
vt 0.526771 0.728721
vt 0.520746 0.734323
vt 0.520746 0.650051
vt 0.670935 0.650051
vt 0.670935 0.697380
vt 0.663983 0.688164
vt 0.663983 0.650051
vt 0.520746 0.650051
vt 0.520746 0.734323
vt 0.579151 0.734323
vt 0.592389 0.721393
vt 0.592389 0.650051
vt 0.610290 0.688164
vt 0.610290 0.732304
vt 0.575595 0.768636
vt 0.522462 0.768636
vt 0.522462 0.811005
vt 0.539842 0.827012
vt 0.652562 0.827012
vt 0.670935 0.812122
vt 0.687082 0.650051
vt 0.687082 0.863348
vt 0.511917 0.863348
vt 0.511917 0.650051
vt 0.820177 0.002000
vt 0.820177 0.108625
vt 0.807853 0.134918
vt 0.807853 0.194471
vt 0.879490 0.194471
vt 0.890520 0.194471
vt 0.950234 0.194471
vt 0.950234 0.134918
vt 0.890520 0.134918
vt 0.879490 0.134918
vt 0.950209 0.108625
vt 0.950209 0.002000
vt 0.996111 0.002000
vt 0.996111 0.216213
vt 0.788409 0.216213
vt 0.788409 0.002000
vt 0.337604 0.949961
vt 0.323985 0.950034
vt 0.326814 0.939249
vt 0.334661 0.939207
vt 0.312155 0.943287
vt 0.319997 0.935362
vt 0.305283 0.931529
vt 0.316037 0.928586
vt 0.305211 0.917911
vt 0.315996 0.920739
vt 0.311957 0.906081
vt 0.319883 0.913922
vt 0.323716 0.899209
vt 0.326658 0.909963
vt 0.337334 0.899136
vt 0.334505 0.909921
vt 0.349164 0.905883
vt 0.341322 0.913809
vt 0.356035 0.917641
vt 0.345282 0.920584
vt 0.356108 0.931259
vt 0.345324 0.928431
vt 0.349362 0.943090
vt 0.341436 0.935247
vt 0.334661 0.939207
vt 0.326814 0.939249
vt 0.319997 0.935362
vt 0.316037 0.928586
vt 0.315996 0.920739
vt 0.319883 0.913922
vt 0.326658 0.909963
vt 0.334505 0.909921
vt 0.341322 0.913809
vt 0.345282 0.920584
vt 0.345324 0.928431
vt 0.341436 0.935247
vt 0.424217 0.874309
vt 0.414185 0.874362
vt 0.416182 0.866749
vt 0.422140 0.866717
vt 0.405471 0.869392
vt 0.411007 0.863797
vt 0.400409 0.860730
vt 0.408000 0.858653
vt 0.400356 0.850698
vt 0.407969 0.852695
vt 0.405326 0.841983
vt 0.410921 0.847520
vt 0.413987 0.836921
vt 0.416064 0.844514
vt 0.424020 0.836869
vt 0.422022 0.844482
vt 0.432734 0.841839
vt 0.427198 0.847434
vt 0.437796 0.850501
vt 0.430204 0.852578
vt 0.437849 0.860533
vt 0.430236 0.858536
vt 0.432879 0.869247
vt 0.427284 0.863711
vt 0.422140 0.866717
vt 0.416182 0.866749
vt 0.411007 0.863797
vt 0.408000 0.858653
vt 0.407969 0.852695
vt 0.410921 0.847520
vt 0.416064 0.844514
vt 0.422022 0.844482
vt 0.427198 0.847434
vt 0.430204 0.852578
vt 0.430236 0.858536
vt 0.427284 0.863711
vt 0.276340 0.836833
vt 0.276309 0.940118
vt 0.206977 0.940066
vt 0.207105 0.836781
vt 0.282449 0.831119
vt 0.282433 0.946657
vt 0.276309 0.940118
vt 0.276340 0.836833
vt 0.282433 0.946657
vt 0.200843 0.946595
vt 0.206977 0.940066
vt 0.276309 0.940118
vt 0.200843 0.946595
vt 0.201004 0.831057
vt 0.207105 0.836781
vt 0.206977 0.940066
vt 0.201004 0.831057
vt 0.282449 0.831119
vt 0.276340 0.836833
vt 0.207105 0.836781
vt 0.936435 0.570996
vt 0.983710 0.570996
vt 0.983710 0.638046
vt 0.936435 0.638046
vt 0.929473 0.561340
vt 0.983710 0.561340
vt 0.983710 0.570996
vt 0.936435 0.570996
vt 0.929473 0.647703
vt 0.929473 0.561340
vt 0.936435 0.570996
vt 0.936435 0.638046
vt 0.983710 0.647703
vt 0.929473 0.647703
vt 0.936435 0.638046
vt 0.983710 0.638046
vt 0.873653 0.586387
vt 0.878684 0.566146
vt 0.892215 0.566796
vt 0.886370 0.589679
vt 0.886370 0.589679
vt 0.892215 0.566796
vt 0.895894 0.566953
vt 0.890122 0.590594
vt 0.874609 0.540738
vt 0.887591 0.538578
vt 0.892215 0.566796
vt 0.887591 0.538578
vt 0.891429 0.537939
vt 0.895894 0.566953
vt 0.874935 0.565990
vt 0.878684 0.566146
vt 0.873653 0.586387
vt 0.870050 0.585542
vt 0.870947 0.541330
vt 0.874609 0.540738
vt 0.878684 0.566146
vt 0.874935 0.565990
vt 0.525552 0.890115
vt 0.574076 0.890115
vt 0.574076 0.952815
vt 0.525552 0.952815
vt 0.640126 0.890115
vt 0.763552 0.890115
vt 0.763552 0.952815
vt 0.640126 0.952815
vt 0.574076 0.890115
vt 0.580373 0.890115
vt 0.580373 0.952815
vt 0.574076 0.952815
vt 0.580373 0.890115
vt 0.640126 0.890115
vt 0.640126 0.952815
vt 0.580373 0.952815
vt 0.490630 0.536063
vt 0.493246 0.541724
vt 0.299590 0.499796
vt 0.493246 0.589526
vt 0.442853 0.378207
vt 0.442853 0.499796
vt 0.299590 0.378207
vt 0.856487 0.940597
vt 0.996029 0.994484
vt 0.853891 0.946303
vt 0.853891 0.994484
vt 0.903888 0.781492
vt 0.948322 0.781492
vt 0.903888 0.904044
vt 0.247932 0.462834
vt 0.248712 0.441754
vt 0.262391 0.442103
vt 0.260213 0.464184
vt 0.260213 0.464184
vt 0.262391 0.442103
vt 0.269626 0.442252
vt 0.267399 0.464891
vt 0.229057 0.464368
vt 0.226172 0.441991
vt 0.239915 0.441868
vt 0.241219 0.463063
vt 0.241219 0.463063
vt 0.239915 0.441868
vt 0.248712 0.441754
vt 0.247932 0.462834
vt 0.247818 0.410720
vt 0.260783 0.409540
vt 0.262391 0.442103
vt 0.260783 0.409540
vt 0.268337 0.409246
vt 0.269626 0.442252
vt 0.228007 0.409922
vt 0.240724 0.410910
vt 0.239915 0.441868
vt 0.240724 0.410910
vt 0.247818 0.410720
vt 0.248712 0.441754
vt 0.466548 0.633208
vt 0.468957 0.638530
vt 0.194471 0.808560
vt 0.194471 0.002000
vt 0.468286 0.002000
vt 0.469710 0.264962
vt 0.045052 0.391343
vt 0.045052 0.223812
vt 0.112209 0.223812
vt 0.112209 0.391343
vt 0.266479 0.362077
vt 0.220021 0.378135
vt 0.201131 0.454700
vt 0.219835 0.502092
vt 0.045052 0.219061
vt 0.112209 0.219061
vt 0.468255 0.808560
vt 0.304947 0.517936
vt 0.266261 0.518135
vt 0.466321 0.273255
vt 0.307162 0.362224
vt 0.045052 0.851603
vt 0.045052 0.839029
vt 0.112209 0.839029
vt 0.112209 0.851603
vt 0.201287 0.425437
vt 0.030840 0.002000
vt 0.045052 0.002000
vt 0.045052 0.219061
vt 0.030840 0.219061
vt 0.030840 0.223812
vt 0.045052 0.223812
vt 0.045052 0.391343
vt 0.030840 0.391343
vt 0.030840 0.665772
vt 0.045052 0.665772
vt 0.045052 0.839029
vt 0.030840 0.839029
vt 0.030840 0.851603
vt 0.045052 0.851603
vt 0.045052 0.996166
vt 0.030840 0.996166
vt 0.030840 0.391343
vt 0.045052 0.391343
vt 0.045052 0.431732
vt 0.030840 0.431732
vt 0.030840 0.631280
vt 0.045052 0.631280
vt 0.045052 0.665772
vt 0.030840 0.665772
vt 0.045052 0.470291
vt 0.030840 0.470291
vt 0.030840 0.605384
vt 0.045052 0.605384
vt 0.045052 0.570064
vt 0.030840 0.570064
vt 0.030840 0.516200
vt 0.045052 0.516200
vt 0.833776 0.699481
vt 0.841002 0.608256
vt 0.840591 0.707704
vt 0.045052 0.002000
vt 0.112209 0.002000
vt 0.061760 0.431732
vt 0.045052 0.431732
vt 0.045052 0.391343
vt 0.112209 0.391343
vt 0.061760 0.470291
vt 0.045052 0.470291
vt 0.061760 0.570064
vt 0.045052 0.570064
vt 0.045052 0.516200
vt 0.061760 0.516200
vt 0.061760 0.605384
vt 0.045052 0.605384
vt 0.804259 0.505546
vt 0.829371 0.509939
vt 0.045052 0.996166
vt 0.112209 0.996166
vt 0.045052 0.665772
vt 0.112209 0.665772
vt 0.045052 0.665772
vt 0.045052 0.631280
vt 0.112150 0.631280
vt 0.112209 0.665772
vt 0.121112 0.002000
vt 0.121112 0.219061
vt 0.112209 0.219061
vt 0.112209 0.002000
vt 0.121112 0.223812
vt 0.121112 0.391343
vt 0.112209 0.391343
vt 0.112209 0.223812
vt 0.121112 0.665772
vt 0.121112 0.839029
vt 0.112209 0.839029
vt 0.112209 0.665772
vt 0.121112 0.851603
vt 0.121112 0.996166
vt 0.112209 0.996166
vt 0.112209 0.851603
vt 0.121138 0.628840
vt 0.121112 0.665772
vt 0.112209 0.665772
vt 0.112150 0.631280
vt 0.112209 0.851603
vt 0.112209 0.839029
vt 0.121112 0.839029
vt 0.121112 0.851603
vt 0.121112 0.851603
vt 0.121112 0.839029
vt 0.166157 0.839029
vt 0.166157 0.851603
vt 0.121112 0.665772
vt 0.166157 0.665772
vt 0.121138 0.628840
vt 0.166221 0.625512
vt 0.121112 0.391343
vt 0.121112 0.223812
vt 0.166157 0.223812
vt 0.166157 0.391343
vt 0.121112 0.219061
vt 0.166157 0.219061
vt 0.121112 0.002000
vt 0.166157 0.002000
vt 0.990859 0.780422
vt 0.166157 0.996166
vt 0.121112 0.996166
vt 0.833117 0.726509
vt 0.837523 0.734491
vt 0.810853 0.759913
vt 0.836099 0.998332
vt 0.810880 0.998332
vt 0.030840 0.002000
vt 0.030840 0.219061
vt 0.002000 0.219061
vt 0.002000 0.002000
vt 0.030840 0.223812
vt 0.002000 0.223812
vt 0.030840 0.391343
vt 0.002000 0.391343
vt 0.030840 0.431732
vt 0.002000 0.431732
vt 0.030840 0.470291
vt 0.002000 0.470291
vt 0.030840 0.516200
vt 0.002000 0.516200
vt 0.030840 0.570064
vt 0.002000 0.570064
vt 0.030840 0.605384
vt 0.002000 0.605384
vt 0.030840 0.631280
vt 0.002000 0.631280
vt 0.030840 0.665772
vt 0.002000 0.665772
vt 0.030840 0.839029
vt 0.002000 0.839029
vt 0.030840 0.851603
vt 0.002000 0.851603
vt 0.030840 0.996166
vt 0.002000 0.996166
vt 0.486096 0.016807
vt 0.497295 0.002000
vt 0.767704 0.003095
vt 0.766466 0.308870
vt 0.484918 0.307730
vt 0.493537 0.984474
vt 0.195460 0.984475
vt 0.195460 0.969803
vt 0.493537 0.969803
vt 0.512557 0.984474
vt 0.493537 0.984474
vt 0.493537 0.969803
vt 0.512557 0.969803
vt 0.761031 0.626729
vt 0.481550 0.626729
vt 0.481550 0.614092
vt 0.731928 0.611453
vt 0.775299 0.615134
vt 0.848520 0.162072
vt 0.848520 0.143427
vt 0.866833 0.143427
vt 0.857676 0.143427
vt 0.857676 0.162072
vt 0.848520 0.167317
vt 0.839363 0.167317
vt 0.839363 0.162072
vt 0.857676 0.167317
vt 0.857676 0.185962
vt 0.848520 0.185962
vt 0.830207 0.162072
vt 0.830207 0.143427
vt 0.839363 0.143427
vt 0.830207 0.167317
vt 0.821050 0.167317
vt 0.821050 0.162072
vt 0.839363 0.185962
vt 0.830207 0.185962
vt 0.811894 0.138677
vt 0.821050 0.143427
vt 0.811894 0.190712
vt 0.866833 0.185962
vt 0.875989 0.190712
vt 0.821050 0.185962
vt 0.812333 0.138711
vt 0.853547 0.265666
vt 0.839984 0.265905
vt 0.839983 0.265666
vt 0.839656 0.265666
vt 0.787934 0.227832
vt 0.957697 0.331575
vt 0.840034 0.331575
vt 0.830859 0.324085
vt 0.830859 0.272435
vt 0.830859 0.272435
vt 0.787934 0.272435
vt 0.787934 0.265666
vt 0.787934 0.265666
vt 0.997852 0.227832
vt 0.957646 0.265905
vt 0.957646 0.265666
vt 0.789594 0.984474
vt 0.512557 0.984474
vt 0.512557 0.969803
vt 0.789594 0.969803
vt 0.775299 0.333651
vt 0.735174 0.333651
vt 1.997852 0.384476
vt 1.787934 0.384476
vt 1.787934 0.487375
vt 1.997852 0.487375
vt 1.728009 0.856182
vt 1.794469 0.856182
vt 1.794469 0.661148
vt 1.728009 0.661148
vt 1.708180 0.856182
vt 1.723683 0.856182
vt 1.723683 0.661148
vt 1.708180 0.661148
vt 1.708180 0.856182
vt 1.708180 0.661148
vt 1.703334 0.661148
vt 1.703334 0.856182
vt 1.728009 0.856182
vt 1.728009 0.661148
vt 1.723683 0.661148
vt 1.723683 0.856182
vt 1.862474 0.324203
vt 1.853496 0.331575
vt 1.957697 0.331575
vt 1.948719 0.324203
vt 1.862474 0.272317
vt 1.853547 0.265666
vt 1.853496 0.331575
vt 1.862474 0.324203
vt 1.862474 0.272317
vt 1.948719 0.272317
vt 1.957646 0.265666
vt 1.853547 0.265666
vt 1.862474 0.272317
vt 1.862474 0.324203
vt 1.948719 0.324203
vt 1.948719 0.272317
vt 1.957646 0.265905
vt 1.957646 0.265666
vt 1.948719 0.272317
vt 1.948719 0.324203
vt 1.957697 0.331575
vt 1.839657 0.265666
vt 1.839733 0.265852
vt 1.839983 0.265666
vt 1.839983 0.265905
vt 1.839983 0.265666
vt 1.839733 0.265852
vt 1.939611 0.097775
vt 1.830860 0.097775
vt 1.820177 0.108625
vt 1.950209 0.108625
vt 1.939611 0.097775
vt 1.950209 0.108625
vt 1.950209 0.002000
vt 1.939611 0.002000
vt 1.830860 0.097775
vt 1.939611 0.097775
vt 1.939611 0.002000
vt 1.830860 0.002000
vt 1.879490 0.134918
vt 1.875989 0.138677
vt 1.875989 0.190712
vt 1.879490 0.194471
vt 1.811894 0.138677
vt 1.875989 0.138677
vt 1.879490 0.134918
vt 1.807853 0.134918
vt 1.811894 0.190712
vt 1.811894 0.138677
vt 1.807853 0.134918
vt 1.807853 0.194471
vt 1.866833 0.167317
vt 1.865637 0.168184
vt 1.865637 0.185095
vt 1.866833 0.185962
vt 1.858535 0.185095
vt 1.858535 0.168184
vt 1.857676 0.167317
vt 1.857676 0.185962
vt 1.866833 0.185962
vt 1.865637 0.185095
vt 1.858535 0.185095
vt 1.857676 0.185962
vt 1.848520 0.167317
vt 1.847156 0.168235
vt 1.847156 0.185043
vt 1.848520 0.185962
vt 1.840390 0.185043
vt 1.840390 0.168235
vt 1.839363 0.167317
vt 1.839363 0.185962
vt 1.848520 0.185962
vt 1.847156 0.185043
vt 1.840390 0.185043
vt 1.839363 0.185962
vt 1.830207 0.185962
vt 1.830207 0.167317
vt 1.829020 0.168399
vt 1.829020 0.184879
vt 1.821900 0.184879
vt 1.821900 0.168399
vt 1.821050 0.167317
vt 1.821050 0.185962
vt 1.830207 0.185962
vt 1.829020 0.184879
vt 1.821900 0.184879
vt 1.821050 0.185962
vt 1.866833 0.162072
vt 1.865386 0.160740
vt 1.858786 0.160740
vt 1.857676 0.162072
vt 1.866833 0.143427
vt 1.865386 0.144760
vt 1.865386 0.160740
vt 1.866833 0.162072
vt 1.866833 0.143427
vt 1.857676 0.143427
vt 1.858786 0.144760
vt 1.865386 0.144760
vt 1.857676 0.162072
vt 1.858786 0.160740
vt 1.858786 0.144760
vt 1.857676 0.143427
vt 1.858535 0.168184
vt 1.865637 0.168184
vt 1.866833 0.167317
vt 1.857676 0.167317
vt 1.848520 0.143427
vt 1.847154 0.144593
vt 1.847154 0.160907
vt 1.848520 0.162072
vt 1.848520 0.143427
vt 1.839363 0.143427
vt 1.840392 0.144593
vt 1.847154 0.144593
vt 1.839363 0.162072
vt 1.840392 0.160907
vt 1.840392 0.144593
vt 1.839363 0.143427
vt 1.830207 0.143427
vt 1.821050 0.143427
vt 1.821839 0.144593
vt 1.829081 0.144593
vt 1.821050 0.162072
vt 1.821839 0.160907
vt 1.821839 0.144593
vt 1.821050 0.143427
vt 1.830207 0.143427
vt 1.829081 0.144593
vt 1.829081 0.160907
vt 1.830207 0.162072
vt 1.840392 0.160907
vt 1.839363 0.162072
vt 1.848520 0.162072
vt 1.847154 0.160907
vt 1.840390 0.168235
vt 1.847156 0.168235
vt 1.848520 0.167317
vt 1.839363 0.167317
vt 1.821839 0.160907
vt 1.821050 0.162072
vt 1.830207 0.162072
vt 1.829081 0.160907
vt 1.821900 0.168399
vt 1.829020 0.168399
vt 1.830207 0.167317
vt 1.821050 0.167317
vt 1.879490 0.194471
vt 1.875989 0.190712
vt 1.811894 0.190712
vt 1.807853 0.194471
vt 1.893421 0.191819
vt 1.893421 0.137570
vt 1.890520 0.134918
vt 1.890520 0.194471
vt 1.950234 0.194471
vt 1.947785 0.191819
vt 1.893421 0.191819
vt 1.890520 0.194471
vt 1.950234 0.134918
vt 1.947785 0.137570
vt 1.947785 0.191819
vt 1.950234 0.194471
vt 1.893421 0.137570
vt 1.893421 0.191819
vt 1.947785 0.191819
vt 1.947785 0.137570
vt 1.893421 0.137570
vt 1.947785 0.137570
vt 1.950234 0.134918
vt 1.890520 0.134918
vt 1.579151 0.734323
vt 1.592389 0.721393
vt 1.586580 0.716650
vt 1.575541 0.728721
vt 1.592389 0.721393
vt 1.592389 0.650051
vt 1.586580 0.650051
vt 1.586580 0.716650
vt 1.526771 0.728721
vt 1.520746 0.734323
vt 1.579151 0.734323
vt 1.575541 0.728721
vt 1.575541 0.728721
vt 1.575541 0.650051
vt 1.526771 0.650051
vt 1.526771 0.728721
vt 1.575541 0.728721
vt 1.586580 0.716650
vt 1.586580 0.650051
vt 1.575541 0.650051
vt 1.649769 0.822648
vt 1.652562 0.827012
vt 1.670935 0.812122
vt 1.666401 0.809169
vt 1.670935 0.812122
vt 1.670935 0.697380
vt 1.666401 0.705303
vt 1.666401 0.809169
vt 1.670935 0.697380
vt 1.663983 0.688164
vt 1.660108 0.696961
vt 1.666401 0.705303
vt 1.663983 0.688164
vt 1.610290 0.688164
vt 1.611504 0.696961
vt 1.660108 0.696961
vt 1.610290 0.688164
vt 1.610290 0.732304
vt 1.611504 0.736916
vt 1.611504 0.696961
vt 1.610290 0.732304
vt 1.575595 0.768636
vt 1.580097 0.769805
vt 1.611504 0.736916
vt 1.575595 0.768636
vt 1.522462 0.768636
vt 1.532001 0.769805
vt 1.580097 0.769805
vt 1.522462 0.768636
vt 1.522462 0.811005
vt 1.532001 0.808159
vt 1.532001 0.769805
vt 1.532001 0.808159
vt 1.522462 0.811005
vt 1.539842 0.827012
vt 1.547734 0.822648
vt 1.547734 0.822648
vt 1.539842 0.827012
vt 1.652562 0.827012
vt 1.649769 0.822648
vt 1.591039 0.777338
vt 1.591975 0.778415
vt 1.604653 0.778415
vt 1.605685 0.777338
vt 1.591039 0.790168
vt 1.605685 0.790168
vt 1.604653 0.789090
vt 1.591975 0.789090
vt 1.591039 0.794496
vt 1.592473 0.795951
vt 1.604155 0.795951
vt 1.605685 0.794496
vt 1.591039 0.794496
vt 1.591039 0.815869
vt 1.592473 0.814414
vt 1.592473 0.795951
vt 1.546172 0.790168
vt 1.547148 0.789271
vt 1.547148 0.778234
vt 1.546172 0.777338
vt 1.559747 0.778234
vt 1.559747 0.789271
vt 1.560819 0.790168
vt 1.560819 0.777338
vt 1.583252 0.790168
vt 1.583252 0.777338
vt 1.581857 0.778518
vt 1.581857 0.788988
vt 1.568605 0.777338
vt 1.568605 0.790168
vt 1.569904 0.788988
vt 1.569904 0.778518
vt 1.569904 0.778518
vt 1.581857 0.778518
vt 1.583252 0.777338
vt 1.568605 0.777338
vt 1.560819 0.777338
vt 1.546172 0.777338
vt 1.547148 0.778234
vt 1.559747 0.778234
vt 1.546172 0.790168
vt 1.560819 0.790168
vt 1.559747 0.789271
vt 1.547148 0.789271
vt 1.546172 0.794496
vt 1.547495 0.795789
vt 1.559399 0.795789
vt 1.560819 0.794496
vt 1.546172 0.794496
vt 1.546172 0.815869
vt 1.547495 0.814576
vt 1.547495 0.795789
vt 1.546172 0.815869
vt 1.560819 0.815869
vt 1.559399 0.814576
vt 1.547495 0.814576
vt 1.560819 0.815869
vt 1.560819 0.794496
vt 1.559399 0.795789
vt 1.559399 0.814576
vt 1.569622 0.814630
vt 1.569622 0.795735
vt 1.568605 0.794496
vt 1.568605 0.815869
vt 1.582139 0.814630
vt 1.583252 0.815869
vt 1.583252 0.794496
vt 1.582139 0.795735
vt 1.582139 0.795735
vt 1.583252 0.794496
vt 1.568605 0.794496
vt 1.569622 0.795735
vt 1.568605 0.790168
vt 1.583252 0.790168
vt 1.581857 0.788988
vt 1.569904 0.788988
vt 1.604155 0.814414
vt 1.605685 0.815869
vt 1.605685 0.794496
vt 1.604155 0.795951
vt 1.613472 0.794496
vt 1.614886 0.795843
vt 1.626608 0.795843
vt 1.628119 0.794496
vt 1.614886 0.795843
vt 1.613472 0.794496
vt 1.613472 0.815869
vt 1.614886 0.814522
vt 1.604653 0.789090
vt 1.605685 0.790168
vt 1.605685 0.777338
vt 1.604653 0.778415
vt 1.591039 0.790168
vt 1.591975 0.789090
vt 1.591975 0.778415
vt 1.591039 0.777338
vt 1.614825 0.788940
vt 1.614825 0.778565
vt 1.613472 0.777338
vt 1.613472 0.790168
vt 1.626670 0.788940
vt 1.628119 0.790168
vt 1.628119 0.777338
vt 1.626670 0.778565
vt 1.613472 0.790168
vt 1.628119 0.790168
vt 1.626670 0.788940
vt 1.614825 0.788940
vt 1.626670 0.778565
vt 1.628119 0.777338
vt 1.613472 0.777338
vt 1.614825 0.778565
vt 1.650552 0.777338
vt 1.649372 0.778760
vt 1.649372 0.788745
vt 1.650552 0.790168
vt 1.635906 0.790168
vt 1.650552 0.790168
vt 1.649372 0.788745
vt 1.636989 0.788745
vt 1.650552 0.794496
vt 1.648900 0.796112
vt 1.648900 0.814253
vt 1.650552 0.815869
vt 1.648900 0.796112
vt 1.650552 0.794496
vt 1.635906 0.794496
vt 1.637462 0.796112
vt 1.637462 0.814253
vt 1.635906 0.815869
vt 1.650552 0.815869
vt 1.648900 0.814253
vt 1.657413 0.744766
vt 1.645030 0.744766
vt 1.643947 0.745920
vt 1.658593 0.745920
vt 1.657413 0.732141
vt 1.658593 0.730987
vt 1.643947 0.730987
vt 1.645030 0.732141
vt 1.658593 0.709114
vt 1.657382 0.710300
vt 1.657382 0.722862
vt 1.658593 0.724047
vt 1.643947 0.709114
vt 1.645061 0.710300
vt 1.657382 0.710300
vt 1.658593 0.709114
vt 1.643947 0.709114
vt 1.643947 0.724047
vt 1.645061 0.722862
vt 1.645061 0.710300
vt 1.636160 0.709114
vt 1.634819 0.710433
vt 1.634819 0.722729
vt 1.636160 0.724047
vt 1.621513 0.709114
vt 1.622758 0.710433
vt 1.634819 0.710433
vt 1.636160 0.709114
vt 1.621513 0.709114
vt 1.621513 0.724047
vt 1.622758 0.722729
vt 1.622758 0.710433
vt 1.621513 0.724047
vt 1.636160 0.724047
vt 1.634819 0.722729
vt 1.622758 0.722729
vt 1.621513 0.730987
vt 1.622522 0.732065
vt 1.635055 0.732065
vt 1.636160 0.730987
vt 1.621513 0.730987
vt 1.621513 0.745920
vt 1.622522 0.744842
vt 1.622522 0.732065
vt 1.635055 0.732065
vt 1.635055 0.744842
vt 1.636160 0.745920
vt 1.636160 0.730987
vt 1.643947 0.724047
vt 1.658593 0.724047
vt 1.657382 0.722862
vt 1.645061 0.722862
vt 1.643947 0.730987
vt 1.643947 0.745920
vt 1.645030 0.744766
vt 1.645030 0.732141
vt 1.657413 0.744766
vt 1.658593 0.745920
vt 1.658593 0.730987
vt 1.657413 0.732141
vt 1.649372 0.778760
vt 1.650552 0.777338
vt 1.635906 0.777338
vt 1.636989 0.778760
vt 1.621513 0.745920
vt 1.636160 0.745920
vt 1.635055 0.744842
vt 1.622522 0.744842
vt 1.635906 0.777338
vt 1.635906 0.790168
vt 1.636989 0.788745
vt 1.636989 0.778760
vt 1.626608 0.795843
vt 1.626608 0.814522
vt 1.628119 0.815869
vt 1.628119 0.794496
vt 1.637462 0.796112
vt 1.635906 0.794496
vt 1.635906 0.815869
vt 1.637462 0.814253
vt 1.613472 0.815869
vt 1.628119 0.815869
vt 1.626608 0.814522
vt 1.614886 0.814522
vt 1.591039 0.815869
vt 1.605685 0.815869
vt 1.604155 0.814414
vt 1.592473 0.814414
vt 1.568605 0.815869
vt 1.583252 0.815869
vt 1.582139 0.814630
vt 1.569622 0.814630
vt 1.650552 0.815869
vt 1.635906 0.815869
vt 1.649769 0.822648
vt 1.866833 0.162072
vt 1.866833 0.167317
vt 1.875989 0.138677
vt 1.611504 0.696961
vt 1.611504 0.736916
vt 1.621513 0.730987
vt 1.636160 0.730987
vt 1.636160 0.745920
vt 1.621513 0.745920
vt 1.580097 0.769805
vt 1.605685 0.777338
vt 1.605685 0.790168
vt 1.591039 0.790168
vt 1.591039 0.777338
vt 1.532001 0.769805
vt 1.532001 0.808159
vt 1.547734 0.822648
vt 1.568605 0.815869
vt 1.560819 0.815869
vt 1.546172 0.815869
vt 1.546172 0.794496
vt 1.560819 0.794496
vt 1.568605 0.790168
vt 1.560819 0.790168
vt 1.546172 0.790168
vt 1.546172 0.777338
vt 1.560819 0.777338
vt 1.568605 0.777338
vt 1.583252 0.777338
vt 1.583252 0.790168
vt 1.568605 0.794496
vt 1.583252 0.794496
vt 1.583252 0.815869
vt 1.605685 0.815869
vt 1.591039 0.815869
vt 1.591039 0.794496
vt 1.605685 0.794496
vt 1.613472 0.815869
vt 1.613472 0.794496
vt 1.628119 0.794496
vt 1.635906 0.790168
vt 1.628119 0.790168
vt 1.613472 0.790168
vt 1.613472 0.777338
vt 1.628119 0.777338
vt 1.635906 0.777338
vt 1.643947 0.745920
vt 1.643947 0.730987
vt 1.658593 0.730987
vt 1.658593 0.745920
vt 1.650552 0.777338
vt 1.650552 0.790168
vt 1.628119 0.815869
vt 1.635906 0.794496
vt 1.650552 0.794496
vt 1.666401 0.809169
vt 1.666401 0.705303
vt 1.658593 0.709114
vt 1.658593 0.724047
vt 1.643947 0.724047
vt 1.643947 0.709114
vt 1.636160 0.709114
vt 1.636160 0.724047
vt 1.621513 0.724047
vt 1.621513 0.709114
vt 1.660108 0.696961
vt 1.416114 0.927062
vt 1.428044 0.927062
vt 1.428046 0.921004
vt 1.416112 0.921003
vt 1.416114 0.927062
vt 1.401487 0.944812
vt 1.442672 0.944812
vt 1.428044 0.927062
vt 1.416114 0.927062
vt 1.416112 0.921003
vt 1.401482 0.903260
vt 1.401487 0.944812
vt 1.442676 0.903260
vt 1.428046 0.921004
vt 1.428044 0.927062
vt 1.442672 0.944812
vt 1.442676 0.903260
vt 1.401482 0.903260
vt 1.416112 0.921003
vt 1.428046 0.921004
vt 1.325555 0.856520
vt 1.337485 0.856520
vt 1.337487 0.850461
vt 1.325553 0.850461
vt 1.325555 0.856520
vt 1.310927 0.874271
vt 1.352113 0.874271
vt 1.337485 0.856520
vt 1.325555 0.856520
vt 1.325553 0.850461
vt 1.310923 0.832718
vt 1.310927 0.874271
vt 1.352117 0.832718
vt 1.337487 0.850461
vt 1.337485 0.856520
vt 1.352113 0.874271
vt 1.352117 0.832718
vt 1.310923 0.832718
vt 1.325553 0.850461
vt 1.337487 0.850461
vt 1.713351 0.442292
vt 1.713351 0.355917
vt 1.511657 0.355917
vt 1.511657 0.442292
vt 1.506315 0.650051
vt 1.493921 0.650051
vt 1.493918 0.863348
vt 1.506312 0.863348
vt 1.165254 0.413358
vt 1.123754 0.413358
vt 1.123752 0.608392
vt 1.165252 0.608392
vt 1.713351 0.592540
vt 1.713351 0.448405
vt 1.511657 0.448405
vt 1.511657 0.592540
vt 1.511917 0.650051
vt 1.506315 0.650051
vt 1.506312 0.863348
vt 1.511917 0.863348
vt 1.788409 0.002000
vt 1.782521 0.002000
vt 1.782522 0.216213
vt 1.788409 0.216213
vt 1.787934 0.487375
vt 1.787934 0.493217
vt 1.997852 0.493217
vt 1.997852 0.487375
vt 1.123754 0.413358
vt 1.119063 0.413358
vt 1.119061 0.608392
vt 1.123752 0.608392
vt 1.493921 0.650051
vt 1.488790 0.650051
vt 1.488787 0.863348
vt 1.493918 0.863348
vt 1.713351 0.448405
vt 1.713351 0.442292
vt 1.511657 0.442292
vt 1.511657 0.448405
vt 1.787934 0.324085
vt 1.787934 0.331575
vt 1.840034 0.331575
vt 1.830859 0.324085
vt 1.787934 0.272435
vt 1.787934 0.324085
vt 1.830859 0.324085
vt 1.830859 0.272435
vt 1.840034 0.331575
vt 1.997852 0.384476
vt 1.853496 0.331575
vt 1.787934 0.331575
vt 1.787934 0.384476
vt 1.830860 0.002000
vt 1.820177 0.002000
vt 1.820177 0.108625
vt 1.830860 0.097775
vt 1.526771 0.650051
vt 1.520746 0.650051
vt 1.520746 0.734323
vt 1.526771 0.728721
vt 1.670935 0.650051
vt 1.663983 0.650051
vt 1.663983 0.688164
vt 1.670935 0.697380
vt 1.520746 0.650051
vt 1.511917 0.650051
vt 1.511917 0.863348
vt 1.687082 0.863348
vt 1.687082 0.650051
vt 1.670935 0.812122
vt 1.652562 0.827012
vt 1.539842 0.827012
vt 1.522462 0.811005
vt 1.522462 0.768636
vt 1.575595 0.768636
vt 1.610290 0.732304
vt 1.610290 0.688164
vt 1.592389 0.650051
vt 1.592389 0.721393
vt 1.579151 0.734323
vt 1.520746 0.734323
vt 1.820177 0.002000
vt 1.788409 0.002000
vt 1.788409 0.216213
vt 1.996111 0.216213
vt 1.996111 0.002000
vt 1.950209 0.002000
vt 1.950209 0.108625
vt 1.820177 0.108625
vt 1.807853 0.134918
vt 1.879490 0.134918
vt 1.879490 0.194471
vt 1.890520 0.194471
vt 1.890520 0.134918
vt 1.950234 0.134918
vt 1.950234 0.194471
vt 1.807853 0.194471
vt 1.337604 0.949961
vt 1.334661 0.939207
vt 1.326814 0.939249
vt 1.323985 0.950034
vt 1.319997 0.935362
vt 1.312155 0.943287
vt 1.316037 0.928586
vt 1.305283 0.931529
vt 1.315995 0.920739
vt 1.305211 0.917911
vt 1.319883 0.913922
vt 1.311957 0.906081
vt 1.326658 0.909963
vt 1.323715 0.899209
vt 1.334505 0.909921
vt 1.337334 0.899136
vt 1.341322 0.913809
vt 1.349164 0.905883
vt 1.345282 0.920584
vt 1.356035 0.917641
vt 1.345324 0.928431
vt 1.356108 0.931259
vt 1.341436 0.935247
vt 1.349362 0.943090
vt 1.334661 0.939207
vt 1.341436 0.935247
vt 1.345324 0.928431
vt 1.345282 0.920584
vt 1.341322 0.913809
vt 1.334505 0.909921
vt 1.326658 0.909963
vt 1.319883 0.913922
vt 1.315995 0.920739
vt 1.316037 0.928586
vt 1.319997 0.935362
vt 1.326814 0.939249
vt 1.424217 0.874309
vt 1.422140 0.866717
vt 1.416182 0.866749
vt 1.414185 0.874362
vt 1.411007 0.863797
vt 1.405471 0.869392
vt 1.408000 0.858653
vt 1.400409 0.860730
vt 1.407969 0.852695
vt 1.400356 0.850698
vt 1.410921 0.847520
vt 1.405326 0.841983
vt 1.416064 0.844514
vt 1.413987 0.836921
vt 1.422022 0.844482
vt 1.424020 0.836869
vt 1.427198 0.847434
vt 1.432734 0.841839
vt 1.430204 0.852578
vt 1.437796 0.850501
vt 1.430236 0.858536
vt 1.437849 0.860533
vt 1.427284 0.863711
vt 1.432879 0.869247
vt 1.422140 0.866717
vt 1.427284 0.863711
vt 1.430236 0.858536
vt 1.430204 0.852578
vt 1.427198 0.847434
vt 1.422022 0.844482
vt 1.416064 0.844514
vt 1.410921 0.847520
vt 1.407969 0.852695
vt 1.408000 0.858653
vt 1.411007 0.863797
vt 1.416182 0.866749
vt 1.276340 0.836833
vt 1.207105 0.836781
vt 1.206977 0.940066
vt 1.276309 0.940118
vt 1.282449 0.831119
vt 1.276340 0.836833
vt 1.276309 0.940118
vt 1.282433 0.946657
vt 1.282433 0.946657
vt 1.276309 0.940118
vt 1.206977 0.940066
vt 1.200843 0.946595
vt 1.200843 0.946595
vt 1.206977 0.940066
vt 1.207105 0.836781
vt 1.201004 0.831057
vt 1.201004 0.831057
vt 1.207105 0.836781
vt 1.276340 0.836833
vt 1.282449 0.831119
vt 1.936435 0.570996
vt 1.936435 0.638046
vt 1.983710 0.638046
vt 1.983710 0.570996
vt 1.929473 0.561340
vt 1.936435 0.570996
vt 1.983710 0.570996
vt 1.983710 0.561340
vt 1.929473 0.647703
vt 1.936435 0.638046
vt 1.936435 0.570996
vt 1.929473 0.561340
vt 1.983710 0.647703
vt 1.983710 0.638046
vt 1.936435 0.638046
vt 1.929473 0.647703
vt 1.873653 0.586387
vt 1.886371 0.589679
vt 1.892215 0.566796
vt 1.878684 0.566146
vt 1.886371 0.589679
vt 1.890123 0.590594
vt 1.895893 0.566953
vt 1.892215 0.566796
vt 1.887591 0.538578
vt 1.874609 0.540738
vt 1.892215 0.566796
vt 1.895893 0.566953
vt 1.891429 0.537939
vt 1.887591 0.538578
vt 1.874935 0.565990
vt 1.870050 0.585542
vt 1.873653 0.586387
vt 1.878684 0.566146
vt 1.870947 0.541330
vt 1.874935 0.565990
vt 1.878684 0.566146
vt 1.874609 0.540738
vt 1.525552 0.890115
vt 1.525552 0.952815
vt 1.574076 0.952815
vt 1.574076 0.890115
vt 1.640126 0.890115
vt 1.640126 0.952815
vt 1.763552 0.952815
vt 1.763552 0.890115
vt 1.574076 0.890115
vt 1.574076 0.952815
vt 1.580373 0.952815
vt 1.580373 0.890115
vt 1.580373 0.890115
vt 1.580373 0.952815
vt 1.640126 0.952815
vt 1.640126 0.890115
vt 1.490630 0.536063
vt 1.299590 0.499796
vt 1.493246 0.541724
vt 1.493246 0.589526
vt 1.442853 0.378207
vt 1.299590 0.378207
vt 1.442853 0.499796
vt 1.856487 0.940597
vt 1.853891 0.946303
vt 1.996029 0.994484
vt 1.853891 0.994484
vt 1.903888 0.781492
vt 1.903888 0.904044
vt 1.948322 0.781492
vt 1.247932 0.462834
vt 1.260213 0.464184
vt 1.262391 0.442103
vt 1.248712 0.441754
vt 1.260213 0.464184
vt 1.267399 0.464891
vt 1.269626 0.442252
vt 1.262391 0.442103
vt 1.229057 0.464368
vt 1.241219 0.463063
vt 1.239915 0.441868
vt 1.226172 0.441991
vt 1.241219 0.463063
vt 1.247932 0.462834
vt 1.248712 0.441754
vt 1.239915 0.441868
vt 1.260783 0.409540
vt 1.247818 0.410720
vt 1.262391 0.442103
vt 1.269626 0.442252
vt 1.268337 0.409246
vt 1.260783 0.409540
vt 1.240724 0.410910
vt 1.228007 0.409922
vt 1.239915 0.441868
vt 1.248712 0.441754
vt 1.247818 0.410720
vt 1.240724 0.410910
vt 1.466548 0.633208
vt 1.194471 0.808560
vt 1.468957 0.638530
vt 1.194471 0.002000
vt 1.469710 0.264962
vt 1.468286 0.002000
vt 1.045052 0.391343
vt 1.112209 0.391343
vt 1.112209 0.223812
vt 1.045052 0.223812
vt 1.266479 0.362077
vt 1.220021 0.378135
vt 1.219835 0.502092
vt 1.201131 0.454700
vt 1.112209 0.219061
vt 1.045052 0.219061
vt 1.468255 0.808560
vt 1.304947 0.517936
vt 1.266261 0.518135
vt 1.466321 0.273255
vt 1.307161 0.362224
vt 1.045052 0.851603
vt 1.112209 0.851603
vt 1.112209 0.839029
vt 1.045052 0.839029
vt 1.201287 0.425437
vt 1.030840 0.002000
vt 1.030840 0.219061
vt 1.045052 0.219061
vt 1.045052 0.002000
vt 1.030840 0.223812
vt 1.030840 0.391343
vt 1.045052 0.391343
vt 1.045052 0.223812
vt 1.030840 0.665772
vt 1.030840 0.839029
vt 1.045052 0.839029
vt 1.045052 0.665772
vt 1.030840 0.851603
vt 1.030840 0.996166
vt 1.045052 0.996166
vt 1.045052 0.851603
vt 1.030840 0.391343
vt 1.030840 0.431732
vt 1.045052 0.431732
vt 1.045052 0.391343
vt 1.030840 0.631280
vt 1.030840 0.665772
vt 1.045052 0.665772
vt 1.045052 0.631280
vt 1.030840 0.470291
vt 1.045052 0.470291
vt 1.045052 0.605384
vt 1.030840 0.605384
vt 1.045052 0.570064
vt 1.045052 0.516200
vt 1.030840 0.516200
vt 1.030840 0.570064
vt 1.833776 0.699481
vt 1.840592 0.707704
vt 1.841002 0.608256
vt 1.112209 0.002000
vt 1.045052 0.002000
vt 1.061760 0.431732
vt 1.112209 0.391343
vt 1.045052 0.391343
vt 1.045052 0.431732
vt 1.045052 0.470291
vt 1.061760 0.470291
vt 1.061760 0.570064
vt 1.061760 0.516200
vt 1.045052 0.516200
vt 1.045052 0.570064
vt 1.061760 0.605384
vt 1.045052 0.605384
vt 1.829371 0.509939
vt 1.804259 0.505546
vt 1.045052 0.996166
vt 1.112209 0.996166
vt 1.112209 0.665772
vt 1.045052 0.665772
vt 1.045052 0.665772
vt 1.112209 0.665772
vt 1.112150 0.631280
vt 1.045052 0.631280
vt 1.121112 0.002000
vt 1.112209 0.002000
vt 1.112209 0.219061
vt 1.121112 0.219061
vt 1.121112 0.223812
vt 1.112209 0.223812
vt 1.112209 0.391343
vt 1.121112 0.391343
vt 1.121112 0.665772
vt 1.112209 0.665772
vt 1.112209 0.839029
vt 1.121112 0.839029
vt 1.121112 0.851603
vt 1.112209 0.851603
vt 1.112209 0.996166
vt 1.121112 0.996166
vt 1.121138 0.628840
vt 1.112150 0.631280
vt 1.112209 0.665772
vt 1.121112 0.665772
vt 1.112209 0.851603
vt 1.121112 0.851603
vt 1.121112 0.839029
vt 1.112209 0.839029
vt 1.121112 0.851603
vt 1.166157 0.851603
vt 1.166157 0.839029
vt 1.121112 0.839029
vt 1.166157 0.665772
vt 1.121112 0.665772
vt 1.166221 0.625512
vt 1.121138 0.628840
vt 1.121112 0.391343
vt 1.166157 0.391343
vt 1.166157 0.223812
vt 1.121112 0.223812
vt 1.166157 0.219061
vt 1.121112 0.219061
vt 1.166157 0.002000
vt 1.121112 0.002000
vt 1.990859 0.780422
vt 1.166157 0.996166
vt 1.121112 0.996166
vt 1.833117 0.726509
vt 1.810853 0.759913
vt 1.837523 0.734491
vt 1.810879 0.998332
vt 1.836099 0.998332
vt 1.030840 0.002000
vt 1.002000 0.002000
vt 1.002000 0.219061
vt 1.030840 0.219061
vt 1.002000 0.223812
vt 1.030840 0.223812
vt 1.002000 0.391343
vt 1.030840 0.391343
vt 1.002000 0.431732
vt 1.030840 0.431732
vt 1.002000 0.470291
vt 1.030840 0.470291
vt 1.002000 0.516200
vt 1.030840 0.516200
vt 1.002000 0.570064
vt 1.030840 0.570064
vt 1.002000 0.605384
vt 1.030840 0.605384
vt 1.002000 0.631280
vt 1.030840 0.631280
vt 1.002000 0.665772
vt 1.030840 0.665772
vt 1.002000 0.839029
vt 1.030840 0.839029
vt 1.002000 0.851603
vt 1.030840 0.851603
vt 1.002000 0.996166
vt 1.030840 0.996166
vt 1.486096 0.016807
vt 1.484918 0.307730
vt 1.766466 0.308870
vt 1.767704 0.003095
vt 1.497295 0.002000
vt 1.493537 0.984474
vt 1.493537 0.969803
vt 1.195460 0.969803
vt 1.195460 0.984475
vt 1.512557 0.984474
vt 1.512557 0.969803
vt 1.493537 0.969803
vt 1.493537 0.984474
vt 1.761031 0.626729
vt 1.731928 0.611453
vt 1.481550 0.614092
vt 1.481550 0.626729
vt 1.775299 0.615134
vt 1.848520 0.162072
vt 1.857676 0.162072
vt 1.857676 0.143427
vt 1.866833 0.143427
vt 1.848520 0.143427
vt 1.848520 0.167317
vt 1.839363 0.162072
vt 1.839363 0.167317
vt 1.857676 0.167317
vt 1.848520 0.185962
vt 1.857676 0.185962
vt 1.830207 0.162072
vt 1.839363 0.143427
vt 1.830207 0.143427
vt 1.830207 0.167317
vt 1.821050 0.162072
vt 1.821050 0.167317
vt 1.830207 0.185962
vt 1.839363 0.185962
vt 1.811894 0.138677
vt 1.821050 0.143427
vt 1.811894 0.190712
vt 1.866833 0.185962
vt 1.875989 0.190712
vt 1.821050 0.185962
vt 1.812333 0.138711
vt 1.853547 0.265666
vt 1.787934 0.227832
vt 1.839657 0.265666
vt 1.839983 0.265666
vt 1.839983 0.265905
vt 1.957697 0.331575
vt 1.830859 0.272435
vt 1.830859 0.324085
vt 1.840034 0.331575
vt 1.787934 0.265666
vt 1.787934 0.272435
vt 1.830859 0.272435
vt 1.787934 0.265666
vt 1.997852 0.227832
vt 1.957646 0.265666
vt 1.957646 0.265905
vt 1.789594 0.984474
vt 1.789594 0.969803
vt 1.512557 0.969803
vt 1.512557 0.984474
vt 1.775299 0.333651
vt 1.735174 0.333651
vn 0.000001 -0.535482 -0.844547
vn -0.000000 -0.535481 -0.844548
vn 0.000001 -0.535482 -0.844547
vn 0.000001 -0.535483 -0.844546
vn 0.000000 -1.000000 0.000000
vn 0.000000 -1.000000 0.000000
vn 0.000000 -1.000000 0.000000
vn 0.000000 -1.000000 0.000000
vn 0.000000 0.000000 -1.000000
vn 0.000000 0.000000 -1.000000
vn 0.000000 0.000000 -1.000000
vn 0.000000 0.000000 -1.000000
vn 0.000000 -0.610587 -0.791949
vn 0.000000 -0.610587 -0.791949
vn 0.000000 -0.610587 -0.791949
vn 0.000000 -0.610587 -0.791949
vn 0.000000 -0.707107 -0.707107
vn 0.000000 -0.707107 -0.707107
vn 0.000000 -0.707107 -0.707107
vn 0.000000 -0.707107 -0.707107
vn 0.000000 -0.640911 0.767615
vn 0.000000 -0.640911 0.767615
vn 0.000000 -0.640911 0.767615
vn 0.000000 -0.640911 0.767615
vn -0.965412 -0.238591 -0.105134
vn -0.965409 -0.238603 -0.105136
vn -0.965412 -0.238591 -0.105134
vn -0.965415 -0.238580 -0.105132
vn 0.000000 0.133981 -0.990984
vn 0.000000 0.133981 -0.990984
vn 0.000000 0.133981 -0.990984
vn 0.000000 0.133981 -0.990984
vn 0.000000 -0.915102 -0.403223
vn 0.000000 -0.915102 -0.403223
vn 0.000000 -0.915102 -0.403223
vn 0.000000 -0.915102 -0.403223
vn 0.965412 -0.238592 -0.105135
vn 0.965409 -0.238600 -0.105141
vn 0.965412 -0.238592 -0.105134
vn 0.965415 -0.238583 -0.105127
vn 0.965409 -0.238567 -0.105218
vn 0.000000 0.134060 -0.990973
vn 0.000000 0.134060 -0.990973
vn -0.000000 0.133981 -0.990984
vn 0.965413 -0.238590 -0.105133
vn 0.965413 -0.238575 -0.105169
vn 0.965407 -0.238626 -0.105107
vn -1.000000 0.000000 0.000000
vn -1.000000 0.000000 0.000000
vn -1.000000 0.000000 0.000000
vn -1.000000 0.000000 0.000000
vn 0.000000 0.149045 0.988830
vn 0.000000 0.149045 0.988830
vn 0.000000 0.149045 0.988830
vn 0.000000 0.149045 0.988830
vn 0.000000 -0.988832 0.149031
vn 0.000000 -0.988832 0.149031
vn 0.000000 -0.988832 0.149031
vn 0.000000 -0.988832 0.149031
vn 0.000000 0.153585 0.988135
vn 0.000000 0.153585 0.988135
vn 0.000000 0.153585 0.988135
vn 0.000000 0.153585 0.988135
vn 1.000000 0.000000 0.000000
vn 1.000000 0.000000 0.000000
vn 1.000000 0.000000 0.000000
vn 1.000000 0.000000 0.000000
vn 0.000000 -0.153638 -0.988127
vn 0.000000 -0.153638 -0.988127
vn 0.000000 -0.153638 -0.988127
vn 0.000000 -0.153638 -0.988127
vn 0.000000 -0.153724 -0.988114
vn 0.000000 -0.153724 -0.988114
vn 0.000000 -0.153724 -0.988114
vn 0.000000 -0.153724 -0.988114
vn 0.000000 0.153724 0.988114
vn 0.000000 0.153724 0.988114
vn 0.000000 0.153724 0.988114
vn 0.000000 0.153724 0.988114
vn 0.759769 -0.642476 0.099874
vn 0.759770 -0.642476 0.099874
vn 0.759769 -0.642476 0.099874
vn 0.759769 -0.642477 0.099874
vn 0.000000 -0.153450 -0.988156
vn 0.000000 -0.153450 -0.988156
vn 0.000000 -0.153450 -0.988156
vn 0.000000 -0.153450 -0.988156
vn 0.000000 0.153450 0.988156
vn 0.000000 0.153450 0.988156
vn 0.000000 0.153450 0.988156
vn 0.000000 0.153450 0.988156
vn 0.759756 -0.642492 0.099877
vn 0.759756 -0.642492 0.099877
vn 0.759756 -0.642492 0.099877
vn 0.759756 -0.642492 0.099877
vn 0.000000 -0.153694 -0.988119
vn 0.000000 -0.153694 -0.988119
vn 0.000000 -0.153694 -0.988119
vn 0.000000 -0.153694 -0.988119
vn 0.000000 0.153723 0.988114
vn 0.000000 0.153723 0.988114
vn 0.000000 0.153723 0.988114
vn 0.000000 0.153723 0.988114
vn 0.759770 -0.642476 0.099874
vn 0.759771 -0.642474 0.099874
vn 0.759770 -0.642476 0.099874
vn 0.759768 -0.642478 0.099874
vn 0.759769 -0.642476 0.099874
vn 0.759770 -0.642476 0.099874
vn 0.759769 -0.642476 0.099874
vn 0.759769 -0.642477 0.099874
vn 0.000000 -0.153724 -0.988114
vn 0.000000 -0.153724 -0.988114
vn 0.000000 -0.153724 -0.988114
vn 0.000000 -0.153724 -0.988114
vn -0.759773 0.642472 -0.099874
vn -0.759772 0.642473 -0.099874
vn -0.759773 0.642472 -0.099874
vn -0.759773 0.642472 -0.099874
vn 0.000000 0.153724 0.988114
vn 0.000000 0.153724 0.988114
vn 0.000000 0.153724 0.988114
vn 0.000000 0.153724 0.988114
vn -0.759773 0.642472 -0.099874
vn -0.759773 0.642472 -0.099874
vn -0.759773 0.642472 -0.099874
vn -0.759772 0.642473 -0.099874
vn 0.000000 -0.153450 -0.988156
vn 0.000000 -0.153450 -0.988156
vn 0.000000 -0.153450 -0.988156
vn 0.000000 -0.153450 -0.988156
vn -0.759759 0.642488 -0.099876
vn -0.759759 0.642488 -0.099876
vn -0.759759 0.642488 -0.099876
vn -0.759759 0.642488 -0.099876
vn 0.000000 0.153450 0.988156
vn 0.000000 0.153450 0.988156
vn 0.000000 0.153450 0.988156
vn 0.000000 0.153450 0.988156
vn -0.759773 0.642472 -0.099874
vn -0.759771 0.642474 -0.099874
vn -0.759773 0.642472 -0.099874
vn -0.759774 0.642471 -0.099874
vn 0.000000 0.153723 0.988114
vn 0.000000 0.153723 0.988114
vn 0.000000 0.153723 0.988114
vn 0.000000 0.153723 0.988114
vn 0.000000 -0.153694 -0.988119
vn 0.000000 -0.153694 -0.988119
vn 0.000000 -0.153694 -0.988119
vn 0.000000 -0.153694 -0.988119
vn 0.759756 -0.642492 0.099877
vn 0.759756 -0.642492 0.099877
vn 0.759756 -0.642492 0.099877
vn 0.759756 -0.642492 0.099877
vn -0.759759 0.642488 -0.099876
vn -0.759759 0.642488 -0.099876
vn -0.759759 0.642488 -0.099876
vn -0.759759 0.642488 -0.099876
vn 0.759770 -0.642476 0.099874
vn 0.759768 -0.642478 0.099874
vn 0.759770 -0.642476 0.099874
vn 0.759771 -0.642474 0.099874
vn -0.759773 0.642472 -0.099874
vn -0.759774 0.642471 -0.099874
vn -0.759773 0.642472 -0.099874
vn -0.759771 0.642474 -0.099874
vn -1.000000 0.000000 0.000000
vn -1.000000 0.000000 0.000000
vn -1.000000 0.000000 0.000000
vn -1.000000 0.000000 0.000000
vn 0.000000 -0.153666 -0.988123
vn 0.000000 -0.153666 -0.988123
vn 0.000000 -0.153666 -0.988123
vn 0.000000 -0.153666 -0.988123
vn -1.000000 0.000000 0.000000
vn -1.000000 0.000000 0.000000
vn -1.000000 0.000000 0.000000
vn -1.000000 0.000000 0.000000
vn 0.000000 0.153608 0.988132
vn 0.000000 0.153607 0.988132
vn 0.000000 0.153608 0.988132
vn 0.000000 0.153608 0.988132
vn 0.000000 -0.988132 0.153609
vn 0.000000 -0.988132 0.153609
vn 0.000000 -0.988132 0.153609
vn 0.000000 -0.988132 0.153609
vn 1.000000 0.000000 0.000000
vn 1.000000 0.000000 0.000000
vn 1.000000 0.000000 0.000000
vn 1.000000 0.000000 0.000000
vn -0.707107 0.646961 0.285378
vn -0.707107 0.646962 0.285377
vn -0.707107 0.646961 0.285378
vn -0.707108 0.646960 0.285379
vn 0.000000 0.914941 0.403587
vn 0.000000 0.914941 0.403587
vn 0.000000 0.914941 0.403587
vn 0.000000 0.914941 0.403587
vn -1.000000 0.000000 0.000000
vn -1.000000 0.000000 0.000000
vn -1.000000 0.000000 0.000000
vn -1.000000 0.000000 0.000000
vn 0.000000 -0.476538 0.879154
vn 0.000000 -0.476538 0.879154
vn 0.000000 -0.476538 0.879154
vn 0.000000 -0.476538 0.879154
vn 0.000000 -0.403588 0.914941
vn 0.000000 -0.403588 0.914941
vn 0.000000 -0.403588 0.914941
vn 0.000000 -0.403588 0.914941
vn -0.769605 0.584666 0.256660
vn -0.769605 0.584665 0.256662
vn -0.769605 0.584666 0.256660
vn -0.769605 0.584666 0.256657
vn 0.000000 0.915655 0.401964
vn 0.000000 0.915655 0.401964
vn 0.000000 0.915655 0.401964
vn 0.000000 0.915655 0.401964
vn 0.593205 0.737152 0.323598
vn 0.593203 0.737151 0.323602
vn 0.593205 0.737152 0.323598
vn 0.593207 0.737152 0.323593
vn 1.000000 0.000000 0.000000
vn 1.000000 0.000000 0.000000
vn 1.000000 0.000000 0.000000
vn 1.000000 0.000000 0.000000
vn 0.000001 -0.915655 -0.401965
vn 0.000002 -0.915657 -0.401961
vn 0.000001 -0.915655 -0.401965
vn 0.000001 -0.915654 -0.401968
vn 0.682106 -0.669576 -0.293939
vn 0.682105 -0.669575 -0.293940
vn 0.682106 -0.669576 -0.293939
vn 0.682106 -0.669576 -0.293938
vn 1.000000 0.000000 0.000000
vn 1.000000 0.000000 0.000000
vn 1.000000 0.000000 0.000000
vn 1.000000 0.000000 0.000000
vn 0.000000 -0.915654 -0.401968
vn 0.000000 -0.915654 -0.401968
vn 0.000000 -0.915654 -0.401968
vn 0.000000 -0.915654 -0.401968
vn -0.727588 -0.628152 -0.275754
vn -0.727588 -0.628153 -0.275752
vn -0.727588 -0.628152 -0.275754
vn -0.727588 -0.628152 -0.275756
vn -1.000000 0.000000 0.000000
vn -1.000000 0.000000 0.000000
vn -1.000000 0.000000 0.000000
vn -1.000000 0.000000 0.000000
vn -0.930982 0.146743 -0.334273
vn -0.930982 0.146743 -0.334273
vn -0.930982 0.146743 -0.334273
vn -0.930982 0.146743 -0.334273
vn 0.930984 -0.146742 0.334270
vn 0.930984 -0.146742 0.334270
vn 0.930984 -0.146742 0.334270
vn 0.930984 -0.146742 0.334270
vn -0.930980 0.146745 -0.334278
vn -0.930980 0.146745 -0.334278
vn -0.930980 0.146745 -0.334278
vn -0.930980 0.146745 -0.334278
vn 0.000000 0.915656 0.401963
vn 0.000000 0.915656 0.401963
vn 0.000000 0.915656 0.401963
vn 0.000000 0.915656 0.401963
vn 0.000001 0.915652 0.401972
vn 0.000000 0.915655 0.401966
vn 0.000001 0.915652 0.401972
vn 0.000003 0.915649 0.401979
vn 0.000000 -0.915653 -0.401969
vn 0.000000 -0.915653 -0.401969
vn 0.000000 -0.915653 -0.401969
vn 0.000000 -0.915653 -0.401969
vn -0.000001 -0.915654 -0.401967
vn 0.000000 -0.915656 -0.401962
vn -0.000001 -0.915654 -0.401967
vn -0.000002 -0.915652 -0.401972
vn 0.000000 0.915653 0.401969
vn 0.000000 0.915653 0.401969
vn 0.000000 0.915653 0.401969
vn 0.000000 0.915653 0.401969
vn -0.930981 0.146743 -0.334275
vn -0.930982 0.146743 -0.334274
vn -0.930981 0.146743 -0.334275
vn -0.930981 0.146744 -0.334276
vn -0.930982 0.146742 -0.334273
vn -0.930982 0.146743 -0.334274
vn -0.930982 0.146742 -0.334273
vn -0.930983 0.146742 -0.334273
vn 0.930984 -0.146741 0.334270
vn 0.930985 -0.146741 0.334268
vn 0.930984 -0.146741 0.334270
vn 0.930983 -0.146741 0.334272
vn -0.930980 0.146745 -0.334278
vn -0.930979 0.146745 -0.334280
vn -0.930980 0.146745 -0.334278
vn -0.930981 0.146744 -0.334276
vn 0.000001 0.915651 0.401975
vn 0.000001 0.915649 0.401978
vn 0.000001 0.915651 0.401975
vn 0.000002 0.915652 0.401972
vn 0.930981 -0.146743 0.334278
vn 0.930982 -0.146742 0.334274
vn 0.930981 -0.146743 0.334278
vn 0.930979 -0.146744 0.334282
vn 0.000000 -0.915654 -0.401967
vn 0.000000 -0.915655 -0.401966
vn 0.000000 -0.915654 -0.401967
vn 0.000000 -0.915653 -0.401969
vn 0.000000 0.915653 0.401969
vn 0.000000 0.915653 0.401969
vn 0.000000 0.915653 0.401969
vn 0.000000 0.915653 0.401969
vn 0.000000 -0.915656 -0.401962
vn 0.000000 -0.915656 -0.401962
vn 0.000000 -0.915656 -0.401962
vn 0.000000 -0.915656 -0.401962
vn -0.930979 0.146746 -0.334282
vn -0.930979 0.146745 -0.334280
vn -0.930979 0.146746 -0.334282
vn -0.930978 0.146746 -0.334284
vn 0.930982 -0.146742 0.334273
vn 0.930983 -0.146742 0.334271
vn 0.930982 -0.146742 0.334273
vn 0.930982 -0.146742 0.334275
vn 0.000000 -0.915656 -0.401963
vn 0.000000 -0.915656 -0.401963
vn 0.000000 -0.915656 -0.401963
vn 0.000000 -0.915656 -0.401963
vn -0.930979 0.146746 -0.334281
vn -0.930979 0.146746 -0.334280
vn -0.930979 0.146746 -0.334281
vn -0.930978 0.146746 -0.334283
vn 0.000000 0.915654 0.401968
vn 0.000000 0.915654 0.401968
vn 0.000000 0.915654 0.401968
vn 0.000000 0.915654 0.401968
vn 0.000000 -0.915656 -0.401963
vn 0.000000 -0.915656 -0.401963
vn 0.000000 -0.915656 -0.401963
vn 0.000000 -0.915656 -0.401963
vn 0.000000 0.915656 0.401963
vn 0.000000 0.915656 0.401963
vn 0.000000 0.915656 0.401963
vn 0.000000 0.915656 0.401963
vn 0.000000 0.915654 0.401968
vn 0.000000 0.915654 0.401968
vn 0.000000 0.915654 0.401968
vn 0.000000 0.915654 0.401968
vn 0.000000 -0.915653 -0.401969
vn 0.000000 -0.915653 -0.401969
vn 0.000000 -0.915653 -0.401969
vn 0.000000 -0.915653 -0.401969
vn 0.930983 -0.146742 0.334273
vn 0.930982 -0.146742 0.334274
vn 0.930983 -0.146742 0.334273
vn 0.930983 -0.146742 0.334271
vn -0.930981 0.146743 -0.334276
vn -0.930981 0.146744 -0.334277
vn -0.930981 0.146743 -0.334276
vn -0.930982 0.146743 -0.334274
vn 0.000000 -0.915666 -0.401940
vn 0.000000 -0.915666 -0.401940
vn 0.000000 -0.915666 -0.401940
vn 0.000000 -0.915666 -0.401940
vn 0.930986 -0.146739 0.334265
vn 0.930984 -0.146740 0.334270
vn 0.930986 -0.146739 0.334265
vn 0.930988 -0.146738 0.334259
vn 0.000000 -0.915666 -0.401940
vn 0.000000 -0.915666 -0.401940
vn 0.000000 -0.915666 -0.401940
vn 0.000000 -0.915666 -0.401940
vn -0.930982 0.146743 -0.334273
vn -0.930980 0.146744 -0.334279
vn -0.930982 0.146743 -0.334273
vn -0.930984 0.146742 -0.334268
vn 0.930982 -0.146743 0.334273
vn 0.930984 -0.146740 0.334269
vn 0.930982 -0.146743 0.334273
vn 0.930980 -0.146746 0.334278
vn 0.930975 -0.146749 0.334292
vn 0.930969 -0.146752 0.334305
vn 0.930975 -0.146749 0.334292
vn 0.930980 -0.146746 0.334279
vn -0.930975 0.146749 -0.334292
vn -0.930980 0.146746 -0.334279
vn -0.930975 0.146749 -0.334292
vn -0.930969 0.146752 -0.334305
vn 0.000000 -0.915647 -0.401984
vn 0.000000 -0.915647 -0.401984
vn 0.000000 -0.915647 -0.401984
vn 0.000000 -0.915647 -0.401984
vn -0.930975 0.146749 -0.334291
vn -0.930970 0.146751 -0.334304
vn -0.930975 0.146749 -0.334291
vn -0.930980 0.146746 -0.334277
vn 0.000000 0.915656 0.401962
vn 0.000000 0.915656 0.401962
vn 0.000000 0.915656 0.401962
vn 0.000000 0.915656 0.401962
vn 0.000000 -0.915655 -0.401966
vn 0.000000 -0.915655 -0.401966
vn 0.000000 -0.915655 -0.401966
vn 0.000000 -0.915655 -0.401966
vn -0.930978 0.146746 -0.334283
vn -0.930979 0.146746 -0.334282
vn -0.930978 0.146746 -0.334283
vn -0.930978 0.146747 -0.334284
vn 0.000000 0.915652 0.401971
vn 0.000000 0.915652 0.401971
vn 0.000000 0.915652 0.401971
vn 0.000000 0.915652 0.401971
vn 0.930978 -0.146746 0.334283
vn 0.930978 -0.146747 0.334284
vn 0.930978 -0.146746 0.334283
vn 0.930979 -0.146746 0.334282
vn -0.930978 0.146747 -0.334284
vn -0.930978 0.146747 -0.334283
vn -0.930978 0.146747 -0.334284
vn -0.930977 0.146747 -0.334285
vn 0.000000 0.915652 0.401971
vn 0.000000 0.915652 0.401971
vn 0.000000 0.915652 0.401971
vn 0.000000 0.915652 0.401971
vn 0.000000 -0.915655 -0.401966
vn 0.000000 -0.915655 -0.401966
vn 0.000000 -0.915655 -0.401966
vn 0.000000 -0.915655 -0.401966
vn 0.930975 -0.146749 0.334291
vn 0.930980 -0.146746 0.334277
vn 0.930975 -0.146749 0.334291
vn 0.930970 -0.146751 0.334304
vn 0.000000 0.915656 0.401962
vn 0.000000 0.915656 0.401962
vn 0.000000 0.915656 0.401962
vn 0.000000 0.915656 0.401962
vn 0.000000 -0.915647 -0.401984
vn 0.000000 -0.915647 -0.401984
vn 0.000000 -0.915647 -0.401984
vn 0.000000 -0.915647 -0.401984
vn -0.930985 0.146740 -0.334268
vn -0.930982 0.146742 -0.334273
vn -0.930985 0.146740 -0.334268
vn -0.930987 0.146739 -0.334262
vn 0.930978 -0.146747 0.334284
vn 0.930977 -0.146747 0.334285
vn 0.930978 -0.146747 0.334284
vn 0.930978 -0.146747 0.334283
vn 0.000000 0.915656 0.401963
vn 0.000000 0.915656 0.401963
vn 0.000000 0.915656 0.401963
vn 0.000000 0.915656 0.401963
vn 0.000000 -0.915653 -0.401969
vn 0.000000 -0.915653 -0.401969
vn 0.000000 -0.915653 -0.401969
vn 0.000000 -0.915653 -0.401969
vn 0.000000 0.915656 0.401963
vn 0.000000 0.915656 0.401963
vn 0.000000 0.915656 0.401963
vn 0.000000 0.915656 0.401963
vn 0.930980 -0.146743 0.334279
vn 0.930982 -0.146742 0.334274
vn 0.930980 -0.146743 0.334279
vn 0.930978 -0.146745 0.334284
vn 0.930981 -0.146743 0.334276
vn 0.930984 -0.146742 0.334270
vn 0.930981 -0.146743 0.334276
vn 0.930979 -0.146744 0.334282
vn 0.930979 -0.146746 0.334282
vn 0.930979 -0.146745 0.334280
vn 0.930979 -0.146746 0.334282
vn 0.930978 -0.146746 0.334284
vn 0.000002 -0.401958 0.915658
vn 0.000000 -0.401963 0.915656
vn 0.000001 0.401969 -0.915653
vn -0.000000 -0.988132 0.153607
vn -0.000000 -0.988132 0.153607
vn 0.000000 -0.988132 0.153607
vn 0.000000 -0.401964 0.915656
vn -0.000014 -0.401965 0.915655
vn -0.000001 -0.401963 0.915656
vn 0.000010 0.401963 -0.915656
vn 0.000008 -0.401961 0.915657
vn -0.000000 0.401963 -0.915656
vn -0.000000 -0.401963 0.915656
vn 0.000000 0.401964 -0.915656
vn 0.000000 0.401963 -0.915656
vn -0.000061 -0.402011 0.915635
vn -0.000005 0.401958 -0.915658
vn 0.000000 -0.401962 0.915656
vn -0.000002 -0.401970 0.915653
vn -0.000001 -0.401966 0.915655
vn 0.000000 -0.401964 0.915656
vn 0.000000 0.401964 -0.915656
vn 0.000000 0.401963 -0.915656
vn -0.000000 -0.401964 0.915656
vn 0.000001 0.401968 -0.915654
vn 0.000001 0.401966 -0.915654
vn -0.000002 -0.401969 0.915653
vn -0.000001 -0.401966 0.915655
vn -0.000023 0.401932 -0.915670
vn -0.000004 0.401957 -0.915659
vn 0.000026 0.401978 -0.915649
vn 0.000005 -0.401959 0.915658
vn 0.000000 0.401963 -0.915656
vn -0.000000 -0.401964 0.915656
vn -0.000000 -0.401963 0.915656
vn 0.000000 0.401964 -0.915656
vn -0.000000 -0.401963 0.915656
vn -0.000000 0.401965 -0.915655
vn 0.000000 -0.401964 0.915655
vn 0.000000 -0.401965 0.915655
vn -0.000000 0.401965 -0.915655
vn 0.000000 0.401962 -0.915656
vn 0.000001 0.401960 -0.915657
vn -0.000001 -0.401962 0.915656
vn -0.000002 -0.401959 0.915658
vn -0.000000 0.401964 -0.915655
vn -0.000000 -0.401963 0.915656
vn 0.000001 0.401962 -0.915656
vn 0.000001 0.401962 -0.915657
vn -0.000001 -0.401962 0.915656
vn -0.000001 -0.401961 0.915657
vn 0.000001 0.401962 -0.915656
vn -0.000000 -0.401963 0.915656
vn -0.000001 -0.401962 0.915657
vn 0.000000 0.401963 -0.915656
vn 0.000016 -0.401985 0.915646
vn 0.000000 0.401963 -0.915656
vn 0.000000 -0.401964 0.915656
vn -0.000005 0.401967 -0.915654
vn -0.000000 0.401963 -0.915656
vn 0.000000 -0.401965 0.915655
vn 0.000000 -0.401965 0.915655
vn -0.000000 0.401965 -0.915655
vn -0.000000 0.401965 -0.915655
vn 0.000000 0.401962 -0.915656
vn -0.000000 -0.401963 0.915656
vn 0.000000 0.401964 -0.915656
vn 0.000000 0.401963 -0.915656
vn -0.000001 -0.401964 0.915655
vn 0.000000 -0.988221 0.153035
vn 0.000000 -0.988221 0.153035
vn 0.000000 -0.988221 0.153035
vn 0.000000 -0.988221 0.153035
vn 0.000000 -0.420768 -0.907168
vn 0.000000 -0.420768 -0.907168
vn 0.000000 -0.420768 -0.907168
vn 0.000000 -0.420768 -0.907168
vn 0.990738 -0.134185 0.020780
vn 0.990738 -0.134185 0.020780
vn 0.990738 -0.134185 0.020780
vn 0.990738 -0.134185 0.020780
vn -0.990739 -0.134183 0.020780
vn -0.990739 -0.134183 0.020780
vn -0.990739 -0.134183 0.020780
vn -0.990739 -0.134183 0.020779
vn 0.000000 -0.126645 0.991948
vn 0.000000 -0.126645 0.991948
vn 0.000000 -0.126645 0.991948
vn 0.000000 -0.126645 0.991948
vn 0.000000 -0.988221 0.153035
vn 0.000000 -0.988221 0.153035
vn 0.000000 -0.988221 0.153035
vn 0.000000 -0.988221 0.153035
vn 0.000000 -0.420768 -0.907168
vn 0.000000 -0.420768 -0.907168
vn 0.000000 -0.420768 -0.907168
vn 0.000000 -0.420768 -0.907168
vn 0.990739 -0.134182 0.020780
vn 0.990739 -0.134183 0.020780
vn 0.990739 -0.134182 0.020780
vn 0.990739 -0.134182 0.020779
vn -0.990739 -0.134179 0.020779
vn -0.990739 -0.134180 0.020779
vn -0.990739 -0.134179 0.020779
vn -0.990739 -0.134179 0.020779
vn 0.000000 -0.126645 0.991948
vn 0.000000 -0.126645 0.991948
vn 0.000000 -0.126645 0.991948
vn 0.000000 -0.126645 0.991948
vn 0.000000 -0.874512 0.485004
vn 0.000000 -0.874512 0.485004
vn 0.000000 -0.874512 0.485004
vn 0.000000 -0.874512 0.485004
vn 0.000000 -1.000000 0.000000
vn 0.000000 -1.000000 0.000000
vn 0.000000 -1.000000 0.000000
vn 0.000000 -1.000000 0.000000
vn 0.000000 -0.175911 -0.984406
vn 0.000000 -0.175911 -0.984406
vn 0.000000 -0.175911 -0.984406
vn 0.000000 -0.175911 -0.984406
vn 0.000000 -1.000000 0.000000
vn 0.000000 -1.000000 0.000000
vn 0.000000 -1.000000 0.000000
vn 0.000000 -1.000000 0.000000
vn 0.000000 -0.837365 0.546645
vn 0.000000 -0.837365 0.546645
vn 0.000000 -0.837365 0.546645
vn 0.000000 -0.837365 0.546645
vn 0.000000 -0.793896 0.608053
vn 0.000000 -0.793896 0.608053
vn 0.000000 -0.793896 0.608053
vn 0.000000 -0.793896 0.608053
vn -0.000000 -0.946334 -0.323191
vn -0.000000 -0.946334 -0.323191
vn -0.000000 -0.946334 -0.323191
vn -0.000000 -0.946334 -0.323191
vn 0.000000 -0.766784 -0.641905
vn 0.000000 -0.766784 -0.641905
vn 0.000000 -0.766784 -0.641905
vn 0.000000 -0.766784 -0.641905
vn 0.000000 -0.766779 -0.641911
vn 0.000000 -0.766779 -0.641911
vn 0.000000 -0.766779 -0.641911
vn 0.000000 -0.766779 -0.641911
vn 0.000000 -0.966107 0.258143
vn 0.000000 -0.966107 0.258143
vn 0.000000 -0.966107 0.258143
vn 0.000000 -0.966107 0.258143
vn 0.000000 -0.640911 0.767615
vn 0.000000 -0.640911 0.767615
vn 0.000000 -0.640911 0.767615
vn 0.000000 -0.640911 0.767615
vn 0.000000 -0.915102 -0.403223
vn 0.000000 -0.915102 -0.403223
vn 0.000000 -0.915102 -0.403223
vn 0.000000 -0.915102 -0.403223
vn 0.000000 -0.916220 -0.400675
vn 0.000000 -0.916221 -0.400673
vn 0.000000 -0.916221 -0.400674
vn 0.000000 -0.916220 -0.400675
vn 0.000000 -0.916220 -0.400675
vn 0.000000 -0.149036 -0.988832
vn 0.000000 -0.149036 -0.988832
vn 0.000000 -0.149036 -0.988832
vn 0.000000 -0.149036 -0.988832
vn 0.000000 -0.914943 -0.403583
vn 0.000000 -0.914943 -0.403583
vn 0.000000 -0.914943 -0.403583
vn 0.000000 -0.914943 -0.403583
vn 0.000002 0.402364 -0.915480
vn 0.000000 0.402364 -0.915480
vn -0.000000 -0.402364 0.915480
vn 0.000000 -0.402364 0.915480
vn 0.000001 -0.402365 0.915479
vn 0.000000 0.402364 -0.915480
vn -0.000000 0.402364 -0.915480
vn -0.000000 0.402364 -0.915480
vn 0.000000 0.402364 -0.915480
vn -0.000000 -0.402364 0.915480
vn 0.000000 -0.402364 0.915480
vn 0.000000 -0.402364 0.915480
vn 0.000000 -0.402365 0.915479
vn -0.000000 0.402363 -0.915480
vn -0.000000 0.402364 -0.915480
vn 0.000000 0.402364 -0.915480
vn 0.000000 0.402365 -0.915480
vn 0.000000 -0.402365 0.915479
vn 0.000000 -0.402365 0.915479
vn 0.000000 -0.402364 0.915480
vn 0.000000 -0.402362 0.915481
vn 0.000000 -0.988699 0.149911
vn 0.000000 0.988699 -0.149911
vn 0.000000 -0.988700 0.149911
vn -0.000000 0.988700 -0.149911
vn -0.000000 0.988700 -0.149911
vn -0.000001 0.988699 -0.149912
vn -0.000000 0.988699 -0.149912
vn 0.000022 -0.988696 0.149933
vn 0.000000 -0.988699 0.149911
vn 0.000000 -0.988699 0.149911
vn 0.000000 0.988699 -0.149911
vn -0.000000 0.988699 -0.149911
vn -0.000000 -0.988699 0.149911
vn 0.000000 -0.988699 0.149911
vn 0.000000 -0.988699 0.149911
vn 0.000000 -0.988699 0.149911
vn 0.996036 0.081453 0.035757
vn 0.818111 0.526556 0.231155
vn 0.907075 0.385463 0.169215
vn 0.996035 -0.081459 -0.035760
vn 0.420967 0.830568 0.364614
vn 0.575057 0.749109 0.328854
vn -0.088958 0.912024 0.400373
vn 0.088958 0.912024 0.400373
vn -0.575060 0.749107 0.328853
vn -0.420967 0.830568 0.364614
vn -0.907074 0.385465 0.169215
vn -0.818111 0.526557 0.231155
vn -0.996035 -0.081457 -0.035759
vn -0.996035 0.081457 0.035759
vn -0.818111 -0.526557 -0.231155
vn -0.907074 -0.385465 -0.169216
vn -0.420969 -0.830568 -0.364611
vn -0.575059 -0.749108 -0.328853
vn 0.088956 -0.912026 -0.400368
vn -0.088960 -0.912026 -0.400368
vn 0.575061 -0.749107 -0.328852
vn 0.420968 -0.830569 -0.364611
vn 0.907074 -0.385464 -0.169215
vn 0.818113 -0.526554 -0.231154
vn 0.000000 -0.401962 0.915656
vn 0.000021 -0.401938 0.915667
vn -0.000012 -0.401955 0.915659
vn 0.000000 -0.401940 0.915666
vn 0.000004 -0.401943 0.915665
vn -0.000001 -0.401948 0.915662
vn 0.000000 -0.401967 0.915654
vn -0.000002 -0.401984 0.915647
vn -0.000013 -0.401962 0.915656
vn 0.000000 -0.401967 0.915654
vn 0.000038 -0.402002 0.915639
vn 0.000034 -0.402000 0.915639
vn 0.996035 0.081458 0.035760
vn 0.818112 0.526556 0.231153
vn 0.907074 0.385465 0.169216
vn 0.996035 -0.081458 -0.035759
vn 0.420971 0.830568 0.364610
vn 0.575061 0.749108 0.328850
vn -0.088962 0.912025 0.400370
vn 0.088963 0.912025 0.400370
vn -0.575061 0.749108 0.328850
vn -0.420976 0.830566 0.364609
vn -0.907071 0.385470 0.169219
vn -0.818108 0.526561 0.231155
vn -0.996035 -0.081459 -0.035760
vn -0.996035 0.081459 0.035760
vn -0.818108 -0.526561 -0.231154
vn -0.907072 -0.385469 -0.169217
vn -0.420973 -0.830567 -0.364609
vn -0.575058 -0.749110 -0.328851
vn 0.088962 -0.912026 -0.400368
vn -0.088963 -0.912026 -0.400368
vn 0.575058 -0.749110 -0.328851
vn 0.420973 -0.830567 -0.364609
vn 0.907073 -0.385467 -0.169216
vn 0.818108 -0.526561 -0.231154
vn 0.000000 -0.401965 0.915655
vn 0.000019 -0.401958 0.915658
vn -0.000002 -0.401969 0.915653
vn 0.000000 -0.401965 0.915655
vn 0.000001 -0.401967 0.915654
vn -0.000001 -0.401967 0.915654
vn 0.000000 -0.401965 0.915655
vn -0.000001 -0.401964 0.915656
vn -0.000002 -0.401960 0.915657
vn 0.000000 -0.401963 0.915656
vn 0.000005 -0.401966 0.915655
vn 0.000015 -0.401971 0.915652
vn 0.342020 -0.907673 -0.243210
vn 0.342020 -0.907673 -0.243211
vn 0.342020 -0.907673 -0.243210
vn 0.342020 -0.907674 -0.243210
vn -0.000002 0.258823 -0.965925
vn 0.000001 0.258810 -0.965928
vn -0.000002 0.258823 -0.965925
vn -0.000005 0.258836 -0.965921
vn 0.939693 0.330366 0.088521
vn 0.939693 0.330366 0.088521
vn 0.939693 0.330366 0.088521
vn 0.939693 0.330366 0.088521
vn 0.000003 -0.258824 0.965925
vn -0.000003 -0.258813 0.965927
vn 0.000003 -0.258824 0.965925
vn 0.000008 -0.258835 0.965922
vn -0.939693 -0.330364 -0.088521
vn -0.939694 -0.330363 -0.088521
vn -0.939693 -0.330364 -0.088521
vn -0.939693 -0.330365 -0.088521
vn 0.000000 -0.965926 -0.258819
vn 0.000000 -0.965926 -0.258819
vn 0.000000 -0.965926 -0.258819
vn 0.000000 -0.965926 -0.258819
vn 0.000000 0.258823 -0.965925
vn 0.000000 0.258823 -0.965925
vn 0.000000 0.258823 -0.965925
vn 0.000000 0.258823 -0.965925
vn -1.000000 0.000000 0.000000
vn -1.000000 0.000000 0.000000
vn -1.000000 0.000000 0.000000
vn -1.000000 0.000000 0.000000
vn 0.000000 -0.258822 0.965925
vn 0.000000 -0.258822 0.965925
vn 0.000000 -0.258822 0.965925
vn 0.000000 -0.258822 0.965925
vn -1.000000 0.000000 -0.000000
vn -1.000000 0.000000 -0.000000
vn -1.000000 0.000000 -0.000000
vn -1.000000 0.000000 0.000000
vn 0.000000 0.257383 -0.966309
vn 0.000000 0.257383 -0.966309
vn 0.000000 0.257383 -0.966309
vn 0.000000 0.257383 -0.966309
vn -1.000000 0.000000 -0.000000
vn -1.000000 0.000000 -0.000000
vn 0.000000 0.676538 -0.736407
vn 0.000000 0.676538 -0.736407
vn 0.000000 0.676538 -0.736407
vn 0.000000 0.676538 -0.736407
vn 0.000000 -0.257368 0.966313
vn 0.000000 -0.257368 0.966313
vn 0.000000 -0.257368 0.966313
vn 0.000000 -0.257368 0.966313
vn -0.000000 -0.676537 0.736409
vn -0.000000 -0.676537 0.736409
vn -0.000000 -0.676537 0.736409
vn 0.000000 -0.676537 0.736409
vn -0.000000 -1.000000 0.000000
vn -0.000000 -1.000000 0.000000
vn -0.000000 -1.000000 0.000000
vn -0.000000 -1.000000 0.000000
vn -0.000000 -1.000000 -0.000000
vn -0.000000 -1.000000 -0.000000
vn -0.000000 -1.000000 -0.000000
vn -0.000000 -1.000000 -0.000000
vn -0.000000 -0.912443 -0.409204
vn -0.000001 -0.912443 -0.409205
vn -0.000000 -0.912443 -0.409204
vn -0.000000 -0.912443 -0.409204
vn -0.000000 -0.616108 -0.787661
vn -0.000000 -0.616108 -0.787661
vn -0.000000 -0.616108 -0.787661
vn -0.000000 -0.616108 -0.787661
vn -1.000000 0.000000 0.000000
vn -1.000000 0.000000 0.000000
vn -1.000000 0.000000 -0.000000
vn -1.000000 0.000000 0.000000
vn -1.000000 0.000000 -0.000000
vn -1.000000 0.000000 -0.000000
vn -1.000000 0.000000 -0.000000
vn 1.000000 -0.000000 -0.000000
vn 1.000000 -0.000000 0.000000
vn 1.000000 -0.000000 -0.000000
vn 1.000000 -0.000000 0.000000
vn 1.000000 -0.000000 0.000000
vn 1.000000 0.000000 0.000000
vn 1.000000 -0.000001 0.000000
vn -1.000000 0.000000 0.000000
vn -1.000000 0.000000 0.000000
vn -1.000000 0.000000 0.000000
vn -1.000000 0.000000 0.000000
vn 0.000000 0.257383 -0.966309
vn 0.000000 0.257383 -0.966309
vn 0.000000 0.257383 -0.966309
vn 0.000000 0.257383 -0.966309
vn 1.000000 0.000000 0.000000
vn 1.000000 0.000000 0.000000
vn 1.000000 0.000000 0.000000
vn 1.000000 0.000000 0.000000
vn 0.000000 -0.257382 0.966310
vn 0.000000 -0.257382 0.966310
vn 0.000000 -0.257382 0.966310
vn 0.000000 -0.257382 0.966310
vn -1.000000 0.000000 0.000000
vn -1.000000 0.000000 0.000000
vn 0.000000 0.661406 -0.750028
vn 0.000000 0.661406 -0.750028
vn 0.000000 0.661406 -0.750028
vn 0.000000 0.661406 -0.750028
vn 1.000000 0.000000 0.000000
vn 1.000000 0.000000 0.000000
vn 0.000000 -0.659748 0.751487
vn 0.000000 -0.659748 0.751487
vn 0.000000 -0.659748 0.751487
vn 0.000000 -0.659748 0.751487
vn -1.000000 0.000000 -0.000000
vn -1.000000 0.000000 0.000000
vn -1.000000 0.000000 -0.000000
vn -1.000000 0.000000 -0.000000
vn -1.000000 0.000000 0.000000
vn -1.000000 0.000000 -0.000000
vn -0.000000 -0.488522 0.872551
vn -0.000000 -0.532559 0.846393
vn -0.000000 -0.500121 0.865955
vn -0.000000 -0.488522 0.872551
vn -1.000000 0.000000 -0.000000
vn -1.000000 0.000000 -0.000000
vn -1.000000 0.000003 -0.000000
vn -1.000000 0.000001 -0.000000
vn 0.000000 -0.999968 0.008004
vn -0.000000 -0.999968 0.008004
vn -1.000000 0.000000 -0.000000
vn -1.000000 0.000000 -0.000000
vn -1.000000 0.000000 0.000000
vn -1.000000 0.000000 -0.000000
vn -1.000000 0.000000 -0.000000
vn -0.000000 -0.999057 -0.043422
vn -0.000000 -0.589383 -0.807853
vn -0.000000 -0.610875 -0.791727
vn -0.000000 -0.999933 -0.011600
vn -1.000000 0.000001 0.000000
vn -0.655340 -0.755331 -0.002177
vn -0.707106 -0.707108 -0.000000
vn -0.655755 -0.754973 0.000939
vn -0.596778 -0.802366 0.008074
vn -0.696301 -0.358772 0.621649
vn -0.695968 -0.382341 0.607818
vn -0.694919 -0.351082 0.627558
vn -0.699168 -0.348854 0.624071
vn -0.687571 -0.421977 -0.590916
vn -0.694645 -0.418349 -0.585195
vn -0.688803 -0.427023 -0.585834
vn -0.685327 -0.444508 -0.576836
vn -0.681768 -0.731538 -0.006679
vn -0.659707 -0.750827 -0.032335
vn -0.680082 -0.733134 0.001757
vn -0.707100 -0.707105 0.003419
vn -0.695477 0.001298 0.718547
vn -0.690865 0.000000 0.722984
vn -0.700903 -0.052500 0.711322
vn -0.705550 -0.129591 0.696710
vn -0.697864 -0.057549 -0.713915
vn -0.705151 -0.129852 -0.697065
vn -0.690212 0.001841 -0.723605
vn -0.682901 0.003749 -0.730501
vn -0.720656 -0.392840 0.571255
vn -0.718740 -0.550140 0.425157
vn -0.725193 -0.405140 -0.556738
vn -0.722895 -0.555575 -0.410802
vn -0.703859 -0.707865 -0.059245
vn -0.701434 -0.697380 -0.147144
vn -0.702704 -0.707910 0.071203
vn -0.693762 -0.703677 0.153405
vn 1.000000 0.000001 0.000002
vn 1.000000 0.000000 0.000000
vn 1.000000 0.000000 0.000000
vn -0.000000 -1.000000 -0.000000
vn -0.000000 -1.000000 0.000000
vn -0.000000 -0.046637 0.998912
vn -0.000000 -0.121821 0.992552
vn 0.000000 0.000000 1.000000
vn 0.000000 0.000000 1.000000
vn -0.000001 -0.797948 0.602726
vn -0.000001 -0.574858 0.818253
vn 0.000000 -0.996264 -0.086360
vn -0.000001 -0.979562 -0.201140
vn -0.000000 -0.990205 0.139621
vn 0.000000 -0.990205 0.139621
vn -0.000000 -0.488879 -0.872352
vn -0.000002 -0.694659 -0.719339
vn 1.000000 0.000000 0.000001
vn 1.000000 -0.000001 0.000000
vn -0.000000 -1.000000 0.000000
vn -0.000000 -1.000000 0.000000
vn -0.000000 -0.581563 -0.813502
vn -0.000000 -0.581563 -0.813502
vn 0.000000 0.000000 -1.000000
vn -0.000000 -0.133734 -0.991017
vn -0.000000 -0.074588 -0.997214
vn 0.000000 0.000000 -1.000000
vn 0.655342 -0.755329 -0.002177
vn 0.596779 -0.802365 0.008073
vn 0.655756 -0.754972 0.000939
vn 0.707107 -0.707107 0.000000
vn 0.696301 -0.358772 0.621649
vn 0.699167 -0.348854 0.624072
vn 0.694919 -0.351082 0.627558
vn 0.695970 -0.382341 0.607817
vn 0.687571 -0.421977 -0.590916
vn 0.680167 -0.425696 -0.596788
vn 0.687571 -0.421977 -0.590916
vn 0.694644 -0.418350 -0.585195
vn 0.680083 -0.733133 0.001757
vn 0.707103 -0.707103 0.003419
vn 0.680083 -0.733133 0.001757
vn 0.650516 -0.759492 0.000000
vn 0.690211 0.001841 -0.723606
vn 0.682900 0.003749 -0.730502
vn 0.690211 0.001841 -0.723606
vn 0.697199 0.000000 -0.716878
vn 0.705908 -0.630089 -0.323546
vn 0.705544 -0.630186 -0.324149
vn 0.705908 -0.630089 -0.323546
vn 0.706276 -0.629990 -0.322934
vn 1.000000 0.000000 0.000000
vn 1.000000 -0.000000 0.000000
vn 1.000000 -0.000000 0.000000
vn 1.000000 0.000000 0.000000
vn 1.000000 -0.000000 0.000000
vn 1.000000 -0.000000 0.000000
vn 1.000000 0.000000 0.000000
vn 1.000000 0.000000 0.000000
vn 1.000000 -0.000000 -0.000000
vn 1.000000 -0.000000 -0.000000
vn 1.000000 -0.000000 -0.000000
vn 1.000000 -0.000000 -0.000000
vn 1.000000 0.000000 0.000000
vn 1.000000 0.000000 0.000000
vn 1.000000 0.000000 0.000000
vn 1.000000 0.000000 0.000000
vn 1.000000 0.000000 0.000000
vn 1.000000 0.000000 0.000000
vn 1.000000 0.000000 0.000000
vn 1.000000 0.000000 0.000000
vn 1.000000 0.000000 0.000000
vn 1.000000 -0.000001 0.000000
vn 1.000000 -0.000001 0.000000
vn 1.000000 -0.000002 0.000000
vn -1.000000 0.000000 0.000000
vn -1.000000 0.000000 0.000000
vn -1.000000 0.000000 0.000000
vn -1.000000 0.000000 0.000000
vn -1.000000 0.000000 0.000000
vn -1.000000 0.000000 0.000000
vn -1.000000 0.000000 0.000000
vn -1.000000 0.000000 0.000000
vn -1.000000 0.000000 0.000000
vn -1.000000 0.000000 0.000000
vn -1.000000 0.000000 0.000000
vn -1.000000 0.000000 0.000000
vn -1.000000 0.000001 0.000000
vn -1.000000 0.000001 0.000000
vn -1.000000 0.000002 -0.000000
vn -1.000000 0.000002 0.000000
vn -1.000000 0.000000 0.000000
vn -1.000000 0.000002 0.000000
vn -1.000000 -0.000000 0.000000
vn -1.000000 -0.000000 0.000001
vn -1.000000 0.000000 -0.000000
vn -1.000000 0.000000 -0.000000
vn -1.000000 0.000000 -0.000000
vn -1.000000 0.000000 -0.000000
vn -1.000000 0.000000 0.000000
vn -1.000000 0.000000 0.000000
vn -1.000000 0.000000 0.000000
vn -1.000000 0.000000 0.000000
vn 0.000000 0.000000 1.000000
vn 0.000000 0.000000 1.000000
vn 0.000000 0.000000 1.000000
vn 0.000000 0.000000 1.000000
vn 0.000000 0.000000 1.000000
vn -1.000000 0.000000 0.000000
vn -1.000000 0.000000 0.000000
vn -1.000000 0.000000 0.000000
vn -1.000000 0.000000 0.000000
vn -0.800000 -0.600000 0.000000
vn -0.800000 -0.600000 0.000000
vn -0.800000 -0.600000 0.000000
vn -0.800000 -0.600000 0.000000
vn 0.000000 0.000000 -1.000000
vn 0.000000 0.000000 -1.000000
vn 0.000000 0.000000 -1.000000
vn 0.000000 0.000000 -1.000000
vn 0.000000 0.000000 -1.000000
vn -0.000000 -0.988132 0.153607
vn -0.000003 -0.988132 0.153607
vn 0.000000 0.988132 -0.153607
vn 0.440374 0.000000 -0.897815
vn 0.000000 -0.988132 0.153607
vn 0.000000 -0.988132 0.153607
vn 0.000000 -0.988131 0.153611
vn 0.000000 -0.988132 0.153610
vn 0.000000 -0.988132 0.153607
vn 0.000000 -0.988132 0.153607
vn 0.000000 -0.988132 0.153607
vn 0.000000 -0.988131 0.153611
vn -0.000001 -0.988132 0.153609
vn -0.000001 -0.988131 0.153611
vn 0.000000 -0.988131 0.153610
vn 0.000000 -0.988132 0.153606
vn 0.000000 -0.988132 0.153606
vn 0.000006 -0.988131 0.153611
vn 0.000003 -0.988131 0.153611
vn 0.000001 -0.988132 0.153606
vn 0.000001 -0.988132 0.153606
vn -0.000001 -0.988132 0.153606
vn 0.000000 -0.988132 0.153607
vn 0.000000 -0.988132 0.153607
vn -0.000002 -0.988132 0.153607
vn 0.000000 0.000000 1.000000
vn 0.000000 -0.916222 -0.400672
vn 0.000002 -0.916221 -0.400674
vn 0.000000 -0.916186 -0.400753
vn 0.000000 -0.916222 -0.400672
vn 0.000000 -0.916222 -0.400672
vn -0.000000 -0.916221 -0.400673
vn 0.965410 -0.238598 -0.105140
vn 0.965413 -0.238590 -0.105133
vn 0.965416 -0.238581 -0.105126
vn 0.000000 0.133979 -0.990984
vn -0.000000 0.133980 -0.990984
vn -0.000001 0.133983 -0.990984
vn 0.000000 -0.916222 -0.400672
vn -0.000000 -0.916221 -0.400673
vn -0.000002 -0.916221 -0.400674
vn -0.000000 -0.916222 -0.400672
vn 0.000000 -1.000000 0.000000
vn 0.000000 -1.000000 0.000000
vn 0.000000 -1.000000 0.000000
vn 0.000000 -1.000000 0.000000
vn 0.000000 0.000000 -1.000000
vn 0.000000 0.000000 -1.000000
vn -0.000001 -0.535482 -0.844547
vn -0.000001 -0.535483 -0.844546
vn -0.000001 -0.535482 -0.844547
vn 0.000000 -0.535481 -0.844548
vn 0.000000 -1.000000 0.000000
vn 0.000000 -1.000000 0.000000
vn 0.000000 -1.000000 0.000000
vn 0.000000 -1.000000 0.000000
vn 0.000000 0.000000 -1.000000
vn 0.000000 0.000000 -1.000000
vn 0.000000 0.000000 -1.000000
vn 0.000000 0.000000 -1.000000
vn 0.000000 -0.610587 -0.791949
vn 0.000000 -0.610587 -0.791949
vn 0.000000 -0.610587 -0.791949
vn 0.000000 -0.610587 -0.791949
vn 0.000000 -0.707107 -0.707107
vn 0.000000 -0.707107 -0.707107
vn 0.000000 -0.707107 -0.707107
vn 0.000000 -0.707107 -0.707107
vn 0.000000 -0.640911 0.767615
vn 0.000000 -0.640911 0.767615
vn 0.000000 -0.640911 0.767615
vn 0.000000 -0.640911 0.767615
vn 0.965412 -0.238591 -0.105134
vn 0.965415 -0.238580 -0.105132
vn 0.965412 -0.238591 -0.105134
vn 0.965409 -0.238603 -0.105136
vn 0.000000 0.133981 -0.990984
vn 0.000000 0.133981 -0.990984
vn 0.000000 0.133981 -0.990984
vn 0.000000 0.133981 -0.990984
vn 0.000000 -0.915102 -0.403223
vn 0.000000 -0.915102 -0.403223
vn 0.000000 -0.915102 -0.403223
vn 0.000000 -0.915102 -0.403223
vn -0.965412 -0.238592 -0.105135
vn -0.965409 -0.238567 -0.105218
vn -0.965415 -0.238583 -0.105127
vn -0.965412 -0.238592 -0.105134
vn -0.965409 -0.238600 -0.105141
vn 0.000000 0.134060 -0.990973
vn 0.000000 0.133981 -0.990984
vn 0.000000 0.134060 -0.990973
vn -0.965413 -0.238590 -0.105133
vn -0.965407 -0.238626 -0.105107
vn -0.965413 -0.238575 -0.105169
vn 1.000000 0.000000 0.000000
vn 1.000000 0.000000 0.000000
vn 1.000000 0.000000 0.000000
vn 1.000000 0.000000 0.000000
vn 0.000000 0.149045 0.988830
vn 0.000000 0.149045 0.988830
vn 0.000000 0.149045 0.988830
vn 0.000000 0.149045 0.988830
vn 0.000000 -0.988832 0.149031
vn 0.000000 -0.988832 0.149031
vn 0.000000 -0.988832 0.149031
vn 0.000000 -0.988832 0.149031
vn 0.000000 0.153585 0.988135
vn 0.000000 0.153585 0.988135
vn 0.000000 0.153585 0.988135
vn 0.000000 0.153585 0.988135
vn -1.000000 0.000000 0.000000
vn -1.000000 0.000000 0.000000
vn -1.000000 0.000000 0.000000
vn -1.000000 0.000000 0.000000
vn 0.000000 -0.153638 -0.988127
vn 0.000000 -0.153638 -0.988127
vn 0.000000 -0.153638 -0.988127
vn 0.000000 -0.153638 -0.988127
vn 0.000000 -0.153724 -0.988114
vn 0.000000 -0.153724 -0.988114
vn 0.000000 -0.153724 -0.988114
vn 0.000000 -0.153724 -0.988114
vn 0.000000 0.153724 0.988114
vn 0.000000 0.153724 0.988114
vn 0.000000 0.153724 0.988114
vn 0.000000 0.153724 0.988114
vn -0.759763 0.642484 -0.099875
vn -0.759763 0.642484 -0.099875
vn -0.759763 0.642484 -0.099875
vn -0.759763 0.642483 -0.099875
vn 0.000000 -0.153450 -0.988156
vn 0.000000 -0.153450 -0.988156
vn 0.000000 -0.153450 -0.988156
vn 0.000000 -0.153450 -0.988156
vn 0.000000 0.153450 0.988156
vn 0.000000 0.153450 0.988156
vn 0.000000 0.153450 0.988156
vn 0.000000 0.153450 0.988156
vn -0.759749 0.642499 -0.099878
vn -0.759749 0.642499 -0.099878
vn -0.759749 0.642499 -0.099878
vn -0.759749 0.642499 -0.099878
vn 0.000000 -0.153694 -0.988119
vn 0.000000 -0.153694 -0.988119
vn 0.000000 -0.153694 -0.988119
vn 0.000000 -0.153694 -0.988119
vn 0.000000 0.153723 0.988114
vn 0.000000 0.153723 0.988114
vn 0.000000 0.153723 0.988114
vn 0.000000 0.153723 0.988114
vn -0.759763 0.642483 -0.099875
vn -0.759762 0.642485 -0.099875
vn -0.759763 0.642483 -0.099875
vn -0.759764 0.642482 -0.099875
vn -0.759763 0.642484 -0.099875
vn -0.759763 0.642484 -0.099875
vn -0.759763 0.642484 -0.099875
vn -0.759763 0.642483 -0.099875
vn 0.000000 -0.153724 -0.988114
vn 0.000000 -0.153724 -0.988114
vn 0.000000 -0.153724 -0.988114
vn 0.000000 -0.153724 -0.988114
vn 0.759760 -0.642487 0.099876
vn 0.759760 -0.642487 0.099876
vn 0.759760 -0.642487 0.099876
vn 0.759759 -0.642488 0.099876
vn 0.000000 0.153724 0.988114
vn 0.000000 0.153724 0.988114
vn 0.000000 0.153724 0.988114
vn 0.000000 0.153724 0.988114
vn 0.759760 -0.642487 0.099876
vn 0.759759 -0.642488 0.099876
vn 0.759760 -0.642487 0.099876
vn 0.759760 -0.642487 0.099876
vn 0.000000 -0.153450 -0.988156
vn 0.000000 -0.153450 -0.988156
vn 0.000000 -0.153450 -0.988156
vn 0.000000 -0.153450 -0.988156
vn 0.759746 -0.642503 0.099878
vn 0.759746 -0.642503 0.099878
vn 0.759746 -0.642503 0.099878
vn 0.759746 -0.642503 0.099878
vn 0.000000 0.153450 0.988156
vn 0.000000 0.153450 0.988156
vn 0.000000 0.153450 0.988156
vn 0.000000 0.153450 0.988156
vn 0.759760 -0.642487 0.099876
vn 0.759761 -0.642485 0.099876
vn 0.759760 -0.642487 0.099876
vn 0.759758 -0.642489 0.099876
vn 0.000000 0.153723 0.988114
vn 0.000000 0.153723 0.988114
vn 0.000000 0.153723 0.988114
vn 0.000000 0.153723 0.988114
vn 0.000000 -0.153694 -0.988119
vn 0.000000 -0.153694 -0.988119
vn 0.000000 -0.153694 -0.988119
vn 0.000000 -0.153694 -0.988119
vn -0.759749 0.642499 -0.099878
vn -0.759749 0.642499 -0.099878
vn -0.759749 0.642499 -0.099878
vn -0.759749 0.642499 -0.099878
vn 0.759746 -0.642503 0.099878
vn 0.759746 -0.642503 0.099878
vn 0.759746 -0.642503 0.099878
vn 0.759746 -0.642503 0.099878
vn -0.759763 0.642483 -0.099875
vn -0.759764 0.642482 -0.099875
vn -0.759763 0.642483 -0.099875
vn -0.759762 0.642485 -0.099875
vn 0.759760 -0.642487 0.099876
vn 0.759758 -0.642489 0.099876
vn 0.759760 -0.642487 0.099876
vn 0.759761 -0.642485 0.099876
vn 1.000000 0.000000 0.000000
vn 1.000000 0.000000 0.000000
vn 1.000000 0.000000 0.000000
vn 1.000000 0.000000 0.000000
vn 0.000000 -0.153666 -0.988123
vn 0.000000 -0.153666 -0.988123
vn 0.000000 -0.153666 -0.988123
vn 0.000000 -0.153666 -0.988123
vn 1.000000 0.000000 0.000000
vn 1.000000 0.000000 0.000000
vn 1.000000 0.000000 0.000000
vn 1.000000 0.000000 0.000000
vn -0.000000 0.153608 0.988132
vn 0.000000 0.153608 0.988132
vn -0.000000 0.153608 0.988132
vn -0.000000 0.153607 0.988132
vn 0.000000 -0.988132 0.153609
vn 0.000000 -0.988132 0.153609
vn 0.000000 -0.988132 0.153609
vn 0.000000 -0.988132 0.153609
vn -1.000000 0.000000 0.000000
vn -1.000000 0.000000 0.000000
vn -1.000000 0.000000 0.000000
vn -1.000000 0.000000 0.000000
vn 0.707107 0.646961 0.285378
vn 0.707108 0.646960 0.285379
vn 0.707107 0.646961 0.285378
vn 0.707107 0.646962 0.285377
vn 0.000000 0.914941 0.403587
vn 0.000000 0.914941 0.403587
vn 0.000000 0.914941 0.403587
vn 0.000000 0.914941 0.403587
vn 1.000000 0.000000 0.000000
vn 1.000000 0.000000 0.000000
vn 1.000000 0.000000 0.000000
vn 1.000000 0.000000 0.000000
vn 0.000000 -0.476538 0.879154
vn 0.000000 -0.476538 0.879154
vn 0.000000 -0.476538 0.879154
vn 0.000000 -0.476538 0.879154
vn 0.000000 -0.403588 0.914941
vn 0.000000 -0.403588 0.914941
vn 0.000000 -0.403588 0.914941
vn 0.000000 -0.403588 0.914941
vn 0.769605 0.584666 0.256660
vn 0.769605 0.584666 0.256657
vn 0.769605 0.584666 0.256660
vn 0.769605 0.584665 0.256662
vn 0.000000 0.915655 0.401964
vn 0.000000 0.915655 0.401964
vn 0.000000 0.915655 0.401964
vn 0.000000 0.915655 0.401964
vn -0.593205 0.737152 0.323598
vn -0.593207 0.737152 0.323593
vn -0.593205 0.737152 0.323598
vn -0.593203 0.737151 0.323602
vn -1.000000 0.000000 0.000000
vn -1.000000 0.000000 0.000000
vn -1.000000 0.000000 0.000000
vn -1.000000 0.000000 0.000000
vn -0.000001 -0.915655 -0.401965
vn -0.000001 -0.915654 -0.401968
vn -0.000001 -0.915655 -0.401965
vn -0.000002 -0.915657 -0.401961
vn -0.682106 -0.669576 -0.293939
vn -0.682106 -0.669576 -0.293938
vn -0.682106 -0.669576 -0.293939
vn -0.682105 -0.669575 -0.293940
vn -1.000000 0.000000 0.000000
vn -1.000000 0.000000 0.000000
vn -1.000000 0.000000 0.000000
vn -1.000000 0.000000 0.000000
vn 0.000000 -0.915654 -0.401968
vn 0.000000 -0.915654 -0.401968
vn 0.000000 -0.915654 -0.401968
vn 0.000000 -0.915654 -0.401968
vn 0.727588 -0.628152 -0.275754
vn 0.727588 -0.628152 -0.275756
vn 0.727588 -0.628152 -0.275754
vn 0.727588 -0.628153 -0.275752
vn 1.000000 0.000000 0.000000
vn 1.000000 0.000000 0.000000
vn 1.000000 0.000000 0.000000
vn 1.000000 0.000000 0.000000
vn 0.930980 -0.146745 0.334278
vn 0.930980 -0.146745 0.334278
vn 0.930980 -0.146745 0.334278
vn 0.930980 -0.146745 0.334278
vn -0.930979 0.146747 -0.334281
vn -0.930979 0.146747 -0.334281
vn -0.930979 0.146747 -0.334281
vn -0.930979 0.146747 -0.334281
vn 0.930979 -0.146747 0.334281
vn 0.930979 -0.146747 0.334281
vn 0.930979 -0.146747 0.334281
vn 0.930979 -0.146747 0.334281
vn 0.000000 0.915656 0.401963
vn 0.000000 0.915656 0.401963
vn 0.000000 0.915656 0.401963
vn 0.000000 0.915656 0.401963
vn -0.000001 0.915652 0.401971
vn -0.000003 0.915650 0.401977
vn -0.000001 0.915652 0.401971
vn 0.000000 0.915655 0.401966
vn 0.000000 -0.915653 -0.401969
vn 0.000000 -0.915653 -0.401969
vn 0.000000 -0.915653 -0.401969
vn 0.000000 -0.915653 -0.401969
vn 0.000001 -0.915654 -0.401966
vn 0.000002 -0.915653 -0.401971
vn 0.000001 -0.915654 -0.401966
vn 0.000000 -0.915656 -0.401962
vn 0.000000 0.915653 0.401969
vn 0.000000 0.915653 0.401969
vn 0.000000 0.915653 0.401969
vn 0.000000 0.915653 0.401969
vn 0.930979 -0.146746 0.334281
vn 0.930979 -0.146746 0.334282
vn 0.930979 -0.146746 0.334281
vn 0.930979 -0.146745 0.334280
vn 0.930980 -0.146745 0.334279
vn 0.930980 -0.146744 0.334278
vn 0.930980 -0.146745 0.334279
vn 0.930979 -0.146746 0.334280
vn -0.930979 0.146746 -0.334281
vn -0.930978 0.146747 -0.334283
vn -0.930979 0.146746 -0.334281
vn -0.930980 0.146746 -0.334279
vn 1.000000 0.000000 0.000000
vn 1.000000 0.000000 0.000000
vn 1.000000 0.000000 0.000000
vn 1.000000 0.000000 0.000000
vn -0.000001 0.915651 0.401975
vn -0.000002 0.915652 0.401971
vn -0.000001 0.915651 0.401975
vn -0.000001 0.915649 0.401978
vn -1.000000 -0.000002 0.000008
vn -1.000000 -0.000004 0.000015
vn -1.000000 -0.000002 0.000008
vn -1.000000 0.000000 0.000000
vn -0.000000 -0.915654 -0.401967
vn 0.000000 -0.915653 -0.401969
vn -0.000000 -0.915654 -0.401967
vn -0.000000 -0.915655 -0.401966
vn 0.000000 0.915653 0.401969
vn 0.000000 0.915653 0.401969
vn 0.000000 0.915653 0.401969
vn 0.000000 0.915653 0.401969
vn 0.000000 -0.915656 -0.401962
vn 0.000000 -0.915656 -0.401962
vn 0.000000 -0.915656 -0.401962
vn 0.000000 -0.915656 -0.401962
vn 0.930981 -0.146743 0.334276
vn 0.930980 -0.146744 0.334278
vn 0.930981 -0.146743 0.334276
vn 0.930982 -0.146743 0.334274
vn -0.930977 0.146747 -0.334285
vn -0.930977 0.146748 -0.334286
vn -0.930977 0.146747 -0.334285
vn -0.930978 0.146747 -0.334283
vn 0.000000 -0.915656 -0.401963
vn 0.000000 -0.915656 -0.401963
vn 0.000000 -0.915656 -0.401963
vn 0.000000 -0.915656 -0.401963
vn 0.930978 -0.146747 0.334284
vn 0.930977 -0.146747 0.334285
vn 0.930978 -0.146747 0.334284
vn 0.930978 -0.146747 0.334283
vn 0.000000 0.915654 0.401968
vn 0.000000 0.915654 0.401968
vn 0.000000 0.915654 0.401968
vn 0.000000 0.915654 0.401968
vn 0.000000 -0.915656 -0.401963
vn 0.000000 -0.915656 -0.401963
vn 0.000000 -0.915656 -0.401963
vn 0.000000 -0.915656 -0.401963
vn 0.000000 0.915656 0.401963
vn 0.000000 0.915656 0.401963
vn 0.000000 0.915656 0.401963
vn 0.000000 0.915656 0.401963
vn 0.000000 0.915654 0.401968
vn 0.000000 0.915654 0.401968
vn 0.000000 0.915654 0.401968
vn 0.000000 0.915654 0.401968
vn 0.000000 -0.915653 -0.401969
vn 0.000000 -0.915653 -0.401969
vn 0.000000 -0.915653 -0.401969
vn 0.000000 -0.915653 -0.401969
vn -0.930978 0.146747 -0.334284
vn -0.930978 0.146747 -0.334283
vn -0.930978 0.146747 -0.334284
vn -0.930977 0.146747 -0.334285
vn 0.930979 -0.146746 0.334281
vn 0.930979 -0.146746 0.334280
vn 0.930979 -0.146746 0.334281
vn 0.930978 -0.146746 0.334283
vn 0.000000 -0.915666 -0.401940
vn 0.000000 -0.915666 -0.401940
vn 0.000000 -0.915666 -0.401940
vn 0.000000 -0.915666 -0.401940
vn -0.930981 0.146744 -0.334276
vn -0.930983 0.146743 -0.334271
vn -0.930981 0.146744 -0.334276
vn -0.930979 0.146745 -0.334282
vn 0.000000 -0.915666 -0.401940
vn 0.000000 -0.915666 -0.401940
vn 0.000000 -0.915666 -0.401940
vn 0.000000 -0.915666 -0.401940
vn 0.930985 -0.146740 0.334268
vn 0.930987 -0.146739 0.334262
vn 0.930985 -0.146740 0.334268
vn 0.930982 -0.146742 0.334273
vn -0.930981 0.146744 -0.334276
vn -0.930979 0.146747 -0.334281
vn -0.930981 0.146744 -0.334276
vn -0.930983 0.146741 -0.334271
vn -0.930975 0.146749 -0.334292
vn -0.930980 0.146746 -0.334279
vn -0.930975 0.146749 -0.334292
vn -0.930969 0.146752 -0.334305
vn 0.930975 -0.146749 0.334291
vn 0.930970 -0.146751 0.334304
vn 0.930975 -0.146749 0.334291
vn 0.930980 -0.146746 0.334277
vn 0.000000 -0.915647 -0.401984
vn 0.000000 -0.915647 -0.401984
vn 0.000000 -0.915647 -0.401984
vn 0.000000 -0.915647 -0.401984
vn 0.930975 -0.146749 0.334291
vn 0.930980 -0.146746 0.334277
vn 0.930975 -0.146749 0.334291
vn 0.930970 -0.146751 0.334304
vn 0.000000 0.915656 0.401962
vn 0.000000 0.915656 0.401962
vn 0.000000 0.915656 0.401962
vn 0.000000 0.915656 0.401962
vn 0.000000 -0.915655 -0.401966
vn 0.000000 -0.915655 -0.401966
vn 0.000000 -0.915655 -0.401966
vn 0.000000 -0.915655 -0.401966
vn 0.930978 -0.146746 0.334283
vn 0.930978 -0.146747 0.334284
vn 0.930978 -0.146746 0.334283
vn 0.930979 -0.146746 0.334282
vn 0.000000 0.915652 0.401971
vn 0.000000 0.915652 0.401971
vn 0.000000 0.915652 0.401971
vn 0.000000 0.915652 0.401971
vn -0.930982 0.146743 -0.334274
vn -0.930982 0.146742 -0.334273
vn -0.930982 0.146743 -0.334274
vn -0.930982 0.146743 -0.334275
vn 0.930978 -0.146746 0.334283
vn 0.930978 -0.146747 0.334284
vn 0.930978 -0.146746 0.334283
vn 0.930979 -0.146746 0.334282
vn 0.000000 0.915652 0.401971
vn 0.000000 0.915652 0.401971
vn 0.000000 0.915652 0.401971
vn 0.000000 0.915652 0.401971
vn 0.000000 -0.915655 -0.401966
vn 0.000000 -0.915655 -0.401966
vn 0.000000 -0.915655 -0.401966
vn 0.000000 -0.915655 -0.401966
vn -0.930979 0.146745 -0.334282
vn -0.930974 0.146748 -0.334295
vn -0.930979 0.146745 -0.334282
vn -0.930984 0.146742 -0.334269
vn 0.000000 0.915656 0.401962
vn 0.000000 0.915656 0.401962
vn 0.000000 0.915656 0.401962
vn 0.000000 0.915656 0.401962
vn 0.000000 -0.915647 -0.401984
vn 0.000000 -0.915647 -0.401984
vn 0.000000 -0.915647 -0.401984
vn 0.000000 -0.915647 -0.401984
vn 0.930982 -0.146743 0.334273
vn 0.930984 -0.146742 0.334268
vn 0.930982 -0.146743 0.334273
vn 0.930980 -0.146744 0.334279
vn -0.930978 0.146747 -0.334284
vn -0.930978 0.146747 -0.334283
vn -0.930978 0.146747 -0.334284
vn -0.930977 0.146747 -0.334285
vn 0.000000 0.915656 0.401963
vn 0.000000 0.915656 0.401963
vn 0.000000 0.915656 0.401963
vn 0.000000 0.915656 0.401963
vn 0.000000 -0.915653 -0.401969
vn 0.000000 -0.915653 -0.401969
vn 0.000000 -0.915653 -0.401969
vn 0.000000 -0.915653 -0.401969
vn 0.000000 0.915656 0.401963
vn 0.000000 0.915656 0.401963
vn 0.000000 0.915656 0.401963
vn 0.000000 0.915656 0.401963
vn -0.930980 0.146746 -0.334278
vn -0.930983 0.146744 -0.334270
vn -0.930980 0.146746 -0.334278
vn -0.930977 0.146747 -0.334285
vn -0.930981 0.146745 -0.334275
vn -0.930984 0.146744 -0.334269
vn -0.930981 0.146745 -0.334275
vn -0.930979 0.146747 -0.334281
vn -0.930977 0.146747 -0.334285
vn -0.930977 0.146748 -0.334286
vn -0.930977 0.146747 -0.334285
vn -0.930978 0.146747 -0.334283
vn -0.000002 -0.401958 0.915658
vn -0.000001 0.401969 -0.915653
vn -0.000000 -0.401963 0.915656
vn 0.000000 -0.988132 0.153607
vn 0.000000 -0.988132 0.153607
vn 0.000000 -0.988132 0.153607
vn -0.000000 -0.401964 0.915656
vn -0.000000 0.401962 -0.915656
vn 0.000000 -0.401963 0.915656
vn 0.000001 -0.401964 0.915655
vn -0.000000 0.401963 -0.915656
vn -0.000000 0.401964 -0.915656
vn 0.000000 0.401963 -0.915656
vn -0.000000 -0.401965 0.915655
vn 0.000000 0.401965 -0.915655
vn 0.000000 0.401965 -0.915655
vn -0.000000 -0.401965 0.915655
vn 0.000005 0.401967 -0.915654
vn -0.000000 -0.401964 0.915656
vn -0.000000 -0.401964 0.915656
vn -0.000000 0.401962 -0.915656
vn 0.000000 0.401964 -0.915655
vn -0.000000 0.401963 -0.915656
vn -0.000016 -0.401985 0.915646
vn 0.000000 -0.401963 0.915656
vn -0.000001 0.401962 -0.915656
vn -0.000001 0.401962 -0.915656
vn -0.000000 0.401963 -0.915656
vn 0.000001 -0.401962 0.915657
vn 0.000000 -0.401963 0.915656
vn 0.000001 -0.401961 0.915657
vn 0.000001 -0.401962 0.915656
vn -0.000001 0.401962 -0.915657
vn 0.000002 -0.401959 0.915658
vn 0.000001 -0.401962 0.915656
vn -0.000001 0.401960 -0.915657
vn 0.000000 0.401965 -0.915655
vn 0.000000 0.401965 -0.915655
vn -0.000000 -0.401965 0.915655
vn -0.000000 -0.401964 0.915655
vn -0.000000 0.401964 -0.915656
vn 0.000000 -0.401963 0.915656
vn 0.000000 -0.401964 0.915656
vn -0.000001 0.401968 -0.915654
vn -0.000000 0.401963 -0.915656
vn -0.000000 0.401964 -0.915656
vn 0.000000 -0.401963 0.915656
vn 0.000000 -0.401964 0.915656
vn 0.000001 -0.401966 0.915655
vn 0.000023 0.401932 -0.915670
vn -0.000005 -0.401959 0.915658
vn -0.000026 0.401978 -0.915649
vn 0.000004 0.401957 -0.915659
vn 0.000002 -0.401969 0.915653
vn -0.000001 0.401966 -0.915654
vn -0.000000 0.401963 -0.915656
vn 0.000001 -0.401966 0.915655
vn 0.000002 -0.401970 0.915653
vn -0.000000 -0.401962 0.915656
vn 0.000001 -0.401963 0.915656
vn -0.000010 0.401963 -0.915656
vn 0.000005 0.401958 -0.915658
vn 0.000061 -0.402011 0.915635
vn -0.000008 -0.401961 0.915657
vn 0.000000 0.401963 -0.915656
vn -0.000000 0.401963 -0.915656
vn -0.000000 0.401964 -0.915656
vn 0.000000 -0.401963 0.915656
vn 0.000014 -0.401965 0.915655
vn 0.000000 -0.988221 0.153035
vn 0.000000 -0.988221 0.153035
vn 0.000000 -0.988221 0.153035
vn 0.000000 -0.988221 0.153035
vn 0.000000 -0.420768 -0.907168
vn 0.000000 -0.420768 -0.907168
vn 0.000000 -0.420768 -0.907168
vn 0.000000 -0.420768 -0.907168
vn -0.990738 -0.134185 0.020780
vn -0.990738 -0.134185 0.020780
vn -0.990738 -0.134185 0.020780
vn -0.990738 -0.134185 0.020780
vn 0.990739 -0.134183 0.020780
vn 0.990739 -0.134183 0.020779
vn 0.990739 -0.134183 0.020780
vn 0.990739 -0.134183 0.020780
vn 0.000000 -0.126645 0.991948
vn 0.000000 -0.126645 0.991948
vn 0.000000 -0.126645 0.991948
vn 0.000000 -0.126645 0.991948
vn 0.000000 -0.988221 0.153035
vn 0.000000 -0.988221 0.153035
vn 0.000000 -0.988221 0.153035
vn 0.000000 -0.988221 0.153035
vn 0.000000 -0.420768 -0.907168
vn 0.000000 -0.420768 -0.907168
vn 0.000000 -0.420768 -0.907168
vn 0.000000 -0.420768 -0.907168
vn -0.990739 -0.134182 0.020780
vn -0.990739 -0.134182 0.020779
vn -0.990739 -0.134182 0.020780
vn -0.990739 -0.134183 0.020780
vn 0.990739 -0.134179 0.020779
vn 0.990739 -0.134179 0.020779
vn 0.990739 -0.134179 0.020779
vn 0.990739 -0.134180 0.020779
vn 0.000000 -0.126645 0.991948
vn 0.000000 -0.126645 0.991948
vn 0.000000 -0.126645 0.991948
vn 0.000000 -0.126645 0.991948
vn 0.000000 -0.874512 0.485004
vn 0.000000 -0.874512 0.485004
vn 0.000000 -0.874512 0.485004
vn 0.000000 -0.874512 0.485004
vn 0.000000 -1.000000 0.000000
vn 0.000000 -1.000000 0.000000
vn 0.000000 -1.000000 0.000000
vn 0.000000 -1.000000 0.000000
vn 0.000000 -0.175911 -0.984406
vn 0.000000 -0.175911 -0.984406
vn 0.000000 -0.175911 -0.984406
vn 0.000000 -0.175911 -0.984406
vn 0.000000 -1.000000 0.000000
vn 0.000000 -1.000000 0.000000
vn 0.000000 -1.000000 0.000000
vn 0.000000 -1.000000 0.000000
vn 0.000000 -0.837365 0.546645
vn 0.000000 -0.837365 0.546645
vn 0.000000 -0.837365 0.546645
vn 0.000000 -0.837365 0.546645
vn 0.000000 -0.793896 0.608053
vn 0.000000 -0.793896 0.608053
vn 0.000000 -0.793896 0.608053
vn 0.000000 -0.793896 0.608053
vn 0.000000 -0.946334 -0.323191
vn 0.000000 -0.946334 -0.323191
vn 0.000000 -0.946334 -0.323191
vn 0.000000 -0.946334 -0.323191
vn 0.000000 -0.766784 -0.641905
vn 0.000000 -0.766784 -0.641905
vn 0.000000 -0.766784 -0.641905
vn 0.000000 -0.766784 -0.641905
vn 0.000000 -0.766779 -0.641911
vn 0.000000 -0.766779 -0.641911
vn 0.000000 -0.766779 -0.641911
vn 0.000000 -0.766779 -0.641911
vn 0.000000 -0.966107 0.258143
vn 0.000000 -0.966107 0.258143
vn 0.000000 -0.966107 0.258143
vn 0.000000 -0.966107 0.258143
vn 0.000000 -0.640911 0.767615
vn 0.000000 -0.640911 0.767615
vn 0.000000 -0.640911 0.767615
vn 0.000000 -0.640911 0.767615
vn 0.000000 -0.915102 -0.403223
vn 0.000000 -0.915102 -0.403223
vn 0.000000 -0.915102 -0.403223
vn 0.000000 -0.915102 -0.403223
vn -0.000000 -0.916220 -0.400675
vn -0.000000 -0.916221 -0.400674
vn 0.000000 -0.916221 -0.400673
vn 0.000000 -0.916220 -0.400675
vn -0.000000 -0.916220 -0.400675
vn 0.000000 -0.149036 -0.988832
vn 0.000000 -0.149036 -0.988832
vn 0.000000 -0.149036 -0.988832
vn 0.000000 -0.149036 -0.988832
vn 0.000000 -0.914943 -0.403583
vn 0.000000 -0.914943 -0.403583
vn 0.000000 -0.914943 -0.403583
vn 0.000000 -0.914943 -0.403583
vn -0.000002 0.402364 -0.915480
vn -0.000000 -0.402364 0.915480
vn 0.000000 -0.402364 0.915480
vn 0.000000 0.402364 -0.915480
vn -0.000001 -0.402365 0.915479
vn 0.000000 -0.402362 0.915481
vn -0.000000 -0.402364 0.915480
vn -0.000000 -0.402365 0.915479
vn -0.000000 -0.402365 0.915479
vn -0.000000 0.402365 -0.915480
vn -0.000000 0.402364 -0.915480
vn 0.000000 0.402364 -0.915480
vn 0.000000 0.402363 -0.915480
vn -0.000000 -0.402365 0.915479
vn -0.000000 -0.402364 0.915480
vn -0.000000 -0.402364 0.915480
vn 0.000000 -0.402364 0.915480
vn -0.000000 0.402364 -0.915480
vn 0.000000 0.402364 -0.915480
vn 0.000000 0.402364 -0.915480
vn 0.000000 0.402364 -0.915480
vn -0.000000 -0.988699 0.149911
vn 0.000000 -0.988699 0.149911
vn -0.000000 -0.988699 0.149911
vn -0.000000 -0.988699 0.149911
vn 0.000000 -0.988699 0.149911
vn 0.000000 0.988699 -0.149911
vn 0.000000 0.988699 -0.149911
vn 0.000000 0.988699 -0.149911
vn -0.000000 -0.988700 0.149911
vn -0.000000 -0.988699 0.149911
vn 0.000000 0.988700 -0.149911
vn 0.000001 0.988699 -0.149912
vn -0.000000 -0.988699 0.149911
vn -0.000022 -0.988696 0.149933
vn 0.000000 0.988699 -0.149912
vn 0.000000 0.988700 -0.149911
vn -0.996036 0.081453 0.035757
vn -0.996035 -0.081459 -0.035760
vn -0.907075 0.385463 0.169215
vn -0.818111 0.526556 0.231155
vn -0.575057 0.749109 0.328854
vn -0.420967 0.830568 0.364614
vn -0.088958 0.912024 0.400373
vn 0.088958 0.912024 0.400373
vn 0.420967 0.830568 0.364614
vn 0.575060 0.749107 0.328853
vn 0.818111 0.526557 0.231155
vn 0.907074 0.385465 0.169215
vn 0.996035 0.081457 0.035759
vn 0.996035 -0.081457 -0.035759
vn 0.907074 -0.385465 -0.169216
vn 0.818111 -0.526557 -0.231155
vn 0.575059 -0.749108 -0.328853
vn 0.420969 -0.830568 -0.364611
vn 0.088960 -0.912026 -0.400368
vn -0.088956 -0.912026 -0.400368
vn -0.420968 -0.830569 -0.364611
vn -0.575061 -0.749107 -0.328852
vn -0.818113 -0.526554 -0.231154
vn -0.907074 -0.385464 -0.169215
vn 0.000000 -0.401962 0.915656
vn -0.000034 -0.402000 0.915639
vn -0.000038 -0.402002 0.915639
vn 0.000000 -0.401967 0.915654
vn 0.000013 -0.401962 0.915656
vn 0.000002 -0.401984 0.915647
vn 0.000000 -0.401967 0.915654
vn 0.000001 -0.401948 0.915662
vn -0.000004 -0.401943 0.915665
vn 0.000000 -0.401940 0.915666
vn 0.000012 -0.401955 0.915659
vn -0.000021 -0.401938 0.915667
vn -0.996035 0.081458 0.035760
vn -0.996035 -0.081458 -0.035759
vn -0.907074 0.385465 0.169216
vn -0.818112 0.526556 0.231153
vn -0.575061 0.749108 0.328850
vn -0.420971 0.830568 0.364610
vn -0.088963 0.912025 0.400370
vn 0.088962 0.912025 0.400370
vn 0.420976 0.830566 0.364609
vn 0.575061 0.749108 0.328850
vn 0.818108 0.526561 0.231155
vn 0.907071 0.385470 0.169219
vn 0.996035 0.081459 0.035760
vn 0.996035 -0.081459 -0.035760
vn 0.907072 -0.385469 -0.169217
vn 0.818108 -0.526561 -0.231154
vn 0.575058 -0.749110 -0.328851
vn 0.420973 -0.830567 -0.364609
vn 0.088963 -0.912026 -0.400368
vn -0.088962 -0.912026 -0.400368
vn -0.420973 -0.830567 -0.364609
vn -0.575058 -0.749110 -0.328851
vn -0.818108 -0.526561 -0.231154
vn -0.907073 -0.385467 -0.169216
vn 0.000000 -0.401965 0.915655
vn -0.000015 -0.401971 0.915652
vn -0.000005 -0.401966 0.915655
vn 0.000000 -0.401963 0.915656
vn 0.000002 -0.401960 0.915657
vn 0.000001 -0.401964 0.915656
vn 0.000000 -0.401965 0.915655
vn 0.000001 -0.401967 0.915654
vn -0.000001 -0.401967 0.915654
vn 0.000000 -0.401965 0.915655
vn 0.000002 -0.401969 0.915653
vn -0.000019 -0.401958 0.915658
vn -0.342020 -0.907673 -0.243210
vn -0.342020 -0.907674 -0.243210
vn -0.342020 -0.907673 -0.243210
vn -0.342020 -0.907673 -0.243211
vn 0.000002 0.258823 -0.965925
vn 0.000005 0.258836 -0.965921
vn 0.000002 0.258823 -0.965925
vn -0.000001 0.258810 -0.965928
vn -0.939693 0.330366 0.088521
vn -0.939693 0.330366 0.088521
vn -0.939693 0.330366 0.088521
vn -0.939693 0.330366 0.088521
vn -0.000003 -0.258824 0.965925
vn -0.000008 -0.258835 0.965922
vn -0.000003 -0.258824 0.965925
vn 0.000003 -0.258813 0.965927
vn 0.939693 -0.330364 -0.088521
vn 0.939693 -0.330365 -0.088521
vn 0.939693 -0.330364 -0.088521
vn 0.939694 -0.330363 -0.088521
vn 0.000000 -0.965926 -0.258819
vn 0.000000 -0.965926 -0.258819
vn 0.000000 -0.965926 -0.258819
vn 0.000000 -0.965926 -0.258819
vn 0.000000 0.258823 -0.965925
vn 0.000000 0.258823 -0.965925
vn 0.000000 0.258823 -0.965925
vn 0.000000 0.258823 -0.965925
vn 1.000000 0.000000 0.000000
vn 1.000000 0.000000 0.000000
vn 1.000000 0.000000 0.000000
vn 1.000000 0.000000 0.000000
vn 0.000000 -0.258822 0.965925
vn 0.000000 -0.258822 0.965925
vn 0.000000 -0.258822 0.965925
vn 0.000000 -0.258822 0.965925
vn 1.000000 0.000000 -0.000000
vn 1.000000 0.000000 0.000000
vn 1.000000 0.000000 -0.000000
vn 1.000000 0.000000 -0.000000
vn 0.000000 0.257383 -0.966309
vn 0.000000 0.257383 -0.966309
vn 0.000000 0.257383 -0.966309
vn 0.000000 0.257383 -0.966309
vn 1.000000 0.000000 -0.000000
vn 1.000000 0.000000 -0.000000
vn 0.000000 0.676538 -0.736407
vn 0.000000 0.676538 -0.736407
vn 0.000000 0.676538 -0.736407
vn 0.000000 0.676538 -0.736407
vn 0.000000 -0.257368 0.966313
vn 0.000000 -0.257368 0.966313
vn 0.000000 -0.257368 0.966313
vn 0.000000 -0.257368 0.966313
vn 0.000000 -0.676537 0.736409
vn 0.000000 -0.676537 0.736409
vn 0.000000 -0.676537 0.736409
vn 0.000000 -0.676537 0.736409
vn 0.000000 -1.000000 0.000000
vn 0.000000 -1.000000 0.000000
vn 0.000000 -1.000000 0.000000
vn 0.000000 -1.000000 0.000000
vn 0.000000 -1.000000 -0.000000
vn 0.000000 -1.000000 -0.000000
vn 0.000000 -1.000000 -0.000000
vn 0.000000 -1.000000 -0.000000
vn 0.000000 -0.912443 -0.409204
vn 0.000000 -0.912443 -0.409204
vn 0.000000 -0.912443 -0.409204
vn 0.000001 -0.912443 -0.409205
vn 0.000000 -0.616108 -0.787661
vn 0.000000 -0.616108 -0.787661
vn 0.000000 -0.616108 -0.787661
vn 0.000000 -0.616108 -0.787661
vn 1.000000 0.000000 0.000000
vn 1.000000 0.000000 -0.000000
vn 1.000000 0.000000 0.000000
vn 1.000000 0.000000 0.000000
vn 1.000000 0.000000 -0.000000
vn 1.000000 0.000000 -0.000000
vn 1.000000 0.000000 -0.000000
vn -1.000000 -0.000000 -0.000000
vn -1.000000 -0.000000 -0.000000
vn -1.000000 -0.000000 0.000000
vn -1.000000 -0.000000 0.000000
vn -1.000000 -0.000000 0.000000
vn -1.000000 -0.000001 0.000000
vn -1.000000 0.000000 0.000000
vn 1.000000 0.000000 0.000000
vn 1.000000 0.000000 0.000000
vn 1.000000 0.000000 0.000000
vn 1.000000 0.000000 0.000000
vn 0.000000 0.257383 -0.966309
vn 0.000000 0.257383 -0.966309
vn 0.000000 0.257383 -0.966309
vn 0.000000 0.257383 -0.966309
vn -1.000000 0.000000 0.000000
vn -1.000000 0.000000 0.000000
vn -1.000000 0.000000 0.000000
vn -1.000000 0.000000 0.000000
vn 0.000000 -0.257382 0.966310
vn 0.000000 -0.257382 0.966310
vn 0.000000 -0.257382 0.966310
vn 0.000000 -0.257382 0.966310
vn 1.000000 0.000000 0.000000
vn 1.000000 0.000000 0.000000
vn 0.000000 0.661406 -0.750028
vn 0.000000 0.661406 -0.750028
vn 0.000000 0.661406 -0.750028
vn 0.000000 0.661406 -0.750028
vn -1.000000 0.000000 0.000000
vn -1.000000 0.000000 0.000000
vn 0.000000 -0.659748 0.751487
vn 0.000000 -0.659748 0.751487
vn 0.000000 -0.659748 0.751487
vn 0.000000 -0.659748 0.751487
vn 1.000000 0.000000 -0.000000
vn 1.000000 0.000000 -0.000000
vn 1.000000 0.000000 0.000000
vn 1.000000 0.000000 -0.000000
vn 1.000000 0.000000 -0.000000
vn 1.000000 0.000000 0.000000
vn 0.000000 -0.488522 0.872551
vn 0.000000 -0.488522 0.872551
vn 0.000000 -0.500121 0.865955
vn 0.000000 -0.532559 0.846393
vn 1.000000 0.000000 -0.000000
vn 1.000000 0.000000 -0.000000
vn 1.000000 0.000001 -0.000000
vn 1.000000 0.000003 -0.000000
vn 0.000000 -0.999968 0.008004
vn 0.000000 -0.999968 0.008004
vn 1.000000 0.000000 -0.000000
vn 1.000000 0.000000 -0.000000
vn 1.000000 0.000000 0.000000
vn 1.000000 0.000000 -0.000000
vn 1.000000 0.000000 -0.000000
vn 0.000000 -0.999057 -0.043422
vn 0.000000 -0.999933 -0.011600
vn 0.000000 -0.610875 -0.791727
vn 0.000000 -0.589383 -0.807853
vn 1.000000 0.000001 0.000000
vn 0.655340 -0.755331 -0.002177
vn 0.596778 -0.802366 0.008074
vn 0.655755 -0.754973 0.000939
vn 0.707106 -0.707108 -0.000000
vn 0.696301 -0.358772 0.621649
vn 0.699168 -0.348854 0.624071
vn 0.694919 -0.351082 0.627558
vn 0.695968 -0.382341 0.607818
vn 0.687571 -0.421977 -0.590916
vn 0.685327 -0.444508 -0.576836
vn 0.688803 -0.427023 -0.585834
vn 0.694645 -0.418349 -0.585195
vn 0.681768 -0.731538 -0.006679
vn 0.707100 -0.707105 0.003419
vn 0.680082 -0.733134 0.001757
vn 0.659707 -0.750827 -0.032335
vn 0.695477 0.001298 0.718547
vn 0.705550 -0.129591 0.696710
vn 0.700903 -0.052500 0.711322
vn 0.690865 0.000000 0.722984
vn 0.697864 -0.057549 -0.713915
vn 0.682901 0.003749 -0.730501
vn 0.690212 0.001841 -0.723605
vn 0.705151 -0.129852 -0.697065
vn 0.718740 -0.550140 0.425157
vn 0.720656 -0.392840 0.571255
vn 0.722895 -0.555575 -0.410802
vn 0.725193 -0.405140 -0.556738
vn 0.703859 -0.707865 -0.059245
vn 0.693762 -0.703677 0.153405
vn 0.702704 -0.707910 0.071203
vn 0.701434 -0.697380 -0.147144
vn -1.000000 0.000001 0.000002
vn -1.000000 0.000000 0.000000
vn -1.000000 0.000000 0.000000
vn 0.000000 -1.000000 0.000000
vn 0.000000 -1.000000 -0.000000
vn 0.000000 -0.046637 0.998912
vn 0.000000 0.000000 1.000000
vn 0.000000 0.000000 1.000000
vn 0.000000 -0.121821 0.992552
vn 0.000001 -0.574858 0.818253
vn 0.000001 -0.797948 0.602726
vn 0.000000 -0.996264 -0.086360
vn 0.000000 -0.990205 0.139621
vn 0.000000 -0.990205 0.139621
vn 0.000001 -0.979562 -0.201140
vn 0.000000 -0.488879 -0.872352
vn 0.000002 -0.694659 -0.719339
vn -1.000000 -0.000001 0.000000
vn -1.000000 0.000000 0.000001
vn 0.000000 -1.000000 0.000000
vn 0.000000 -1.000000 0.000000
vn 0.000000 -0.581563 -0.813502
vn 0.000000 -0.581563 -0.813502
vn 0.000000 0.000000 -1.000000
vn 0.000000 0.000000 -1.000000
vn 0.000000 -0.074588 -0.997214
vn 0.000000 -0.133734 -0.991017
vn -0.655342 -0.755329 -0.002177
vn -0.707107 -0.707107 0.000000
vn -0.655756 -0.754972 0.000939
vn -0.596779 -0.802365 0.008073
vn -0.696301 -0.358772 0.621649
vn -0.695970 -0.382341 0.607817
vn -0.694919 -0.351082 0.627558
vn -0.699167 -0.348854 0.624072
vn -0.687571 -0.421977 -0.590916
vn -0.694644 -0.418350 -0.585195
vn -0.687571 -0.421977 -0.590916
vn -0.680167 -0.425696 -0.596788
vn -0.680083 -0.733133 0.001757
vn -0.650516 -0.759492 0.000000
vn -0.680083 -0.733133 0.001757
vn -0.707103 -0.707103 0.003419
vn -0.690211 0.001841 -0.723606
vn -0.697199 0.000000 -0.716878
vn -0.690211 0.001841 -0.723606
vn -0.682900 0.003749 -0.730502
vn -0.705908 -0.630089 -0.323546
vn -0.706276 -0.629990 -0.322934
vn -0.705908 -0.630089 -0.323546
vn -0.705544 -0.630186 -0.324149
vn -1.000000 0.000000 0.000000
vn -1.000000 0.000000 0.000000
vn -1.000000 -0.000000 0.000000
vn -1.000000 -0.000000 0.000000
vn -1.000000 -0.000000 0.000000
vn -1.000000 -0.000000 0.000000
vn -1.000000 0.000000 0.000000
vn -1.000000 0.000000 0.000000
vn -1.000000 -0.000000 -0.000000
vn -1.000000 -0.000000 -0.000000
vn -1.000000 -0.000000 -0.000000
vn -1.000000 -0.000000 -0.000000
vn -1.000000 0.000000 0.000000
vn -1.000000 0.000000 0.000000
vn -1.000000 0.000000 0.000000
vn -1.000000 0.000000 0.000000
vn -1.000000 0.000000 0.000000
vn -1.000000 0.000000 0.000000
vn -1.000000 0.000000 0.000000
vn -1.000000 0.000000 0.000000
vn -1.000000 -0.000001 0.000000
vn -1.000000 0.000000 0.000000
vn -1.000000 -0.000002 0.000000
vn -1.000000 -0.000001 0.000000
vn 1.000000 0.000000 0.000000
vn 1.000000 0.000000 0.000000
vn 1.000000 0.000000 0.000000
vn 1.000000 0.000000 0.000000
vn 1.000000 0.000000 0.000000
vn 1.000000 0.000000 0.000000
vn 1.000000 0.000000 0.000000
vn 1.000000 0.000000 0.000000
vn 1.000000 0.000000 0.000000
vn 1.000000 0.000000 0.000000
vn 1.000000 0.000000 0.000000
vn 1.000000 0.000000 0.000000
vn 1.000000 0.000001 0.000000
vn 1.000000 0.000001 0.000000
vn 1.000000 0.000002 0.000000
vn 1.000000 0.000002 -0.000000
vn 1.000000 0.000002 0.000000
vn 1.000000 0.000000 0.000000
vn 1.000000 -0.000000 0.000001
vn 1.000000 -0.000000 0.000000
vn 1.000000 0.000000 -0.000000
vn 1.000000 0.000000 -0.000000
vn 1.000000 0.000000 -0.000000
vn 1.000000 0.000000 -0.000000
vn 1.000000 0.000000 0.000000
vn 1.000000 0.000000 0.000000
vn 1.000000 0.000000 0.000000
vn 1.000000 0.000000 0.000000
vn 0.000000 0.000000 1.000000
vn 0.000000 0.000000 1.000000
vn 0.000000 0.000000 1.000000
vn 0.000000 0.000000 1.000000
vn 0.000000 0.000000 1.000000
vn 1.000000 0.000000 0.000000
vn 1.000000 0.000000 0.000000
vn 1.000000 0.000000 0.000000
vn 1.000000 0.000000 0.000000
vn 0.800000 -0.600000 0.000000
vn 0.800000 -0.600000 0.000000
vn 0.800000 -0.600000 0.000000
vn 0.800000 -0.600000 0.000000
vn 0.000000 0.000000 -1.000000
vn 0.000000 0.000000 -1.000000
vn 0.000000 0.000000 -1.000000
vn 0.000000 0.000000 -1.000000
vn 0.000000 0.000000 -1.000000
vn 0.000000 -0.988132 0.153607
vn 0.000000 -0.988132 0.153607
vn -0.440374 0.000000 -0.897815
vn -0.000000 0.988132 -0.153607
vn 0.000003 -0.988132 0.153607
vn 0.000000 -0.988132 0.153607
vn 0.000000 -0.988132 0.153610
vn 0.000000 -0.988131 0.153611
vn 0.000000 -0.988132 0.153607
vn -0.000000 -0.988132 0.153607
vn -0.000000 -0.988132 0.153607
vn 0.000000 -0.988131 0.153611
vn 0.000001 -0.988131 0.153611
vn 0.000001 -0.988132 0.153609
vn 0.000000 -0.988131 0.153610
vn 0.000000 -0.988132 0.153606
vn 0.000000 -0.988132 0.153606
vn -0.000003 -0.988131 0.153611
vn -0.000006 -0.988131 0.153611
vn -0.000001 -0.988132 0.153606
vn -0.000001 -0.988132 0.153606
vn 0.000001 -0.988132 0.153606
vn -0.000000 -0.988132 0.153607
vn -0.000000 -0.988132 0.153607
vn 0.000002 -0.988132 0.153607
vn 0.000000 0.000000 1.000000
vn -0.000000 -0.916222 -0.400672
vn 0.000000 -0.916222 -0.400672
vn 0.000000 -0.916222 -0.400672
vn 0.000000 -0.916186 -0.400753
vn -0.000002 -0.916221 -0.400674
vn 0.000000 -0.916221 -0.400673
vn -0.965416 -0.238581 -0.105126
vn -0.965413 -0.238590 -0.105133
vn -0.965410 -0.238598 -0.105140
vn 0.000001 0.133983 -0.990984
vn 0.000000 0.133980 -0.990984
vn 0.000000 0.133979 -0.990984
vn 0.000000 -0.916222 -0.400672
vn 0.000000 -0.916221 -0.400673
vn 0.000000 -0.916222 -0.400672
vn 0.000002 -0.916221 -0.400674
vn 0.000000 -1.000000 0.000000
vn 0.000000 -1.000000 0.000000
vn 0.000000 -1.000000 0.000000
vn 0.000000 -1.000000 0.000000
vn 0.000000 0.000000 -1.000000
vn 0.000000 0.000000 -1.000000
usemtl m0
f 1/1/1 2/2/2 3/3/3
f 1/1/1 3/3/3 4/4/4
f 5/5/5 6/6/6 7/7/7
f 5/5/5 7/7/7 8/8/8
f 9/9/9 10/10/10 11/11/11
f 9/9/9 11/11/11 12/12/12
f 13/13/13 14/14/14 15/15/15
f 13/13/13 15/15/15 16/16/16
f 17/17/17 18/18/18 19/19/19
f 17/17/17 19/19/19 20/20/20
f 21/21/21 22/22/22 23/23/23
f 21/21/21 23/23/23 24/24/24
f 25/25/25 26/26/26 27/27/27
f 25/25/25 27/27/27 28/28/28
f 29/29/29 30/30/30 31/31/31
f 29/29/29 31/31/31 32/32/32
f 33/33/33 34/34/34 35/35/35
f 33/33/33 35/35/35 36/36/36
f 37/37/37 38/38/38 39/39/39
f 37/37/37 39/39/39 40/40/40
f 37/37/37 40/40/40 41/41/41
f 42/42/42 43/43/43 44/44/44
f 45/45/45 46/46/46 47/47/47
f 48/48/48 49/49/49 50/50/50
f 48/48/48 50/50/50 51/51/51
f 52/52/52 53/53/53 54/54/54
f 52/52/52 54/54/54 55/55/55
f 56/56/56 57/57/57 58/58/58
f 56/56/56 58/58/58 59/59/59
f 60/60/60 61/61/61 62/62/62
f 60/60/60 62/62/62 63/63/63
f 64/64/64 65/65/65 66/66/66
f 64/64/64 66/66/66 67/67/67
f 68/68/68 69/69/69 70/70/70
f 68/68/68 70/70/70 71/71/71
f 72/72/72 73/73/73 74/74/74
f 72/72/72 74/74/74 75/75/75
f 76/76/76 77/77/77 78/78/78
f 76/76/76 78/78/78 79/79/79
f 80/80/80 81/81/81 82/82/82
f 80/80/80 82/82/82 83/83/83
f 84/84/84 85/85/85 86/86/86
f 84/84/84 86/86/86 87/87/87
f 88/88/88 89/89/89 90/90/90
f 88/88/88 90/90/90 91/91/91
f 92/92/92 93/93/93 94/94/94
f 92/92/92 94/94/94 95/95/95
f 96/96/96 97/97/97 98/98/98
f 96/96/96 98/98/98 99/99/99
f 100/100/100 101/101/101 102/102/102
f 100/100/100 102/102/102 103/103/103
f 104/104/104 105/105/105 106/106/106
f 104/104/104 106/106/106 107/107/107
f 108/108/108 109/109/109 110/110/110
f 108/108/108 110/110/110 111/111/111
f 112/112/112 113/113/113 114/114/114
f 112/112/112 114/114/114 115/115/115
f 116/116/116 117/117/117 118/118/118
f 116/116/116 118/118/118 119/119/119
f 120/120/120 121/121/121 122/122/122
f 120/120/120 122/122/122 123/123/123
f 124/124/124 125/125/125 126/126/126
f 124/124/124 126/126/126 127/127/127
f 128/128/128 129/129/129 130/130/130
f 128/128/128 130/130/130 131/131/131
f 132/132/132 133/133/133 134/134/134
f 132/132/132 134/134/134 135/135/135
f 136/136/136 137/137/137 138/138/138
f 136/136/136 138/138/138 139/139/139
f 140/140/140 141/141/141 142/142/142
f 140/140/140 142/142/142 143/143/143
f 144/144/144 145/145/145 146/146/146
f 144/144/144 146/146/146 147/147/147
f 148/148/148 149/149/149 150/150/150
f 148/148/148 150/150/150 151/151/151
f 152/152/152 153/153/153 154/154/154
f 152/152/152 154/154/154 155/155/155
f 156/156/156 157/157/157 158/158/158
f 156/156/156 158/158/158 159/159/159
f 160/160/160 161/161/161 162/162/162
f 160/160/160 162/162/162 163/163/163
f 164/164/164 165/165/165 166/166/166
f 164/164/164 166/166/166 167/167/167
f 168/168/168 169/169/169 170/170/170
f 168/168/168 170/170/170 171/171/171
f 172/172/172 173/173/173 174/174/174
f 172/172/172 174/174/174 175/175/175
f 176/176/176 177/177/177 178/178/178
f 176/176/176 178/178/178 179/179/179
f 180/180/180 181/181/181 182/182/182
f 180/180/180 182/182/182 183/183/183
f 184/184/184 185/185/185 186/186/186
f 184/184/184 186/186/186 187/187/187
f 188/188/188 189/189/189 190/190/190
f 188/188/188 190/190/190 191/191/191
f 192/192/192 193/193/193 194/194/194
f 192/192/192 194/194/194 195/195/195
f 196/196/196 197/197/197 198/198/198
f 196/196/196 198/198/198 199/199/199
f 200/200/200 201/201/201 202/202/202
f 200/200/200 202/202/202 203/203/203
f 204/204/204 205/205/205 206/206/206
f 204/204/204 206/206/206 207/207/207
f 208/208/208 209/209/209 210/210/210
f 208/208/208 210/210/210 211/211/211
f 212/212/212 213/213/213 214/214/214
f 212/212/212 214/214/214 215/215/215
f 216/216/216 217/217/217 218/218/218
f 216/216/216 218/218/218 219/219/219
f 220/220/220 221/221/221 222/222/222
f 220/220/220 222/222/222 223/223/223
f 224/224/224 225/225/225 226/226/226
f 224/224/224 226/226/226 227/227/227
f 228/228/228 229/229/229 230/230/230
f 228/228/228 230/230/230 231/231/231
f 232/232/232 233/233/233 234/234/234
f 232/232/232 234/234/234 235/235/235
f 236/236/236 237/237/237 238/238/238
f 236/236/236 238/238/238 239/239/239
f 240/240/240 241/241/241 242/242/242
f 240/240/240 242/242/242 243/243/243
f 244/244/244 245/245/245 246/246/246
f 244/244/244 246/246/246 247/247/247
f 248/248/248 249/249/249 250/250/250
f 248/248/248 250/250/250 251/251/251
f 252/252/252 253/253/253 254/254/254
f 252/252/252 254/254/254 255/255/255
f 256/256/256 257/257/257 258/258/258
f 256/256/256 258/258/258 259/259/259
f 260/260/260 261/261/261 262/262/262
f 260/260/260 262/262/262 263/263/263
f 264/264/264 265/265/265 266/266/266
f 264/264/264 266/266/266 267/267/267
f 268/268/268 269/269/269 270/270/270
f 268/268/268 270/270/270 271/271/271
f 272/272/272 273/273/273 274/274/274
f 272/272/272 274/274/274 275/275/275
f 276/276/276 277/277/277 278/278/278
f 276/276/276 278/278/278 279/279/279
f 280/280/280 281/281/281 282/282/282
f 280/280/280 282/282/282 283/283/283
f 284/284/284 285/285/285 286/286/286
f 284/284/284 286/286/286 287/287/287
f 288/288/288 289/289/289 290/290/290
f 288/288/288 290/290/290 291/291/291
f 292/292/292 293/293/293 294/294/294
f 292/292/292 294/294/294 295/295/295
f 296/296/296 297/297/297 298/298/298
f 296/296/296 298/298/298 299/299/299
f 300/300/300 301/301/301 302/302/302
f 300/300/300 302/302/302 303/303/303
f 304/304/304 305/305/305 306/306/306
f 304/304/304 306/306/306 307/307/307
f 308/308/308 309/309/309 310/310/310
f 308/308/308 310/310/310 311/311/311
f 312/312/312 313/313/313 314/314/314
f 312/312/312 314/314/314 315/315/315
f 316/316/316 317/317/317 318/318/318
f 316/316/316 318/318/318 319/319/319
f 320/320/320 321/321/321 322/322/322
f 320/320/320 322/322/322 323/323/323
f 324/324/324 325/325/325 326/326/326
f 324/324/324 326/326/326 327/327/327
f 328/328/328 329/329/329 330/330/330
f 328/328/328 330/330/330 331/331/331
f 332/332/332 333/333/333 334/334/334
f 332/332/332 334/334/334 335/335/335
f 336/336/336 337/337/337 338/338/338
f 336/336/336 338/338/338 339/339/339
f 340/340/340 341/341/341 342/342/342
f 340/340/340 342/342/342 343/343/343
f 344/344/344 345/345/345 346/346/346
f 344/344/344 346/346/346 347/347/347
f 348/348/348 349/349/349 350/350/350
f 348/348/348 350/350/350 351/351/351
f 352/352/352 353/353/353 354/354/354
f 352/352/352 354/354/354 355/355/355
f 356/356/356 357/357/357 358/358/358
f 356/356/356 358/358/358 359/359/359
f 360/360/360 361/361/361 362/362/362
f 360/360/360 362/362/362 363/363/363
f 364/364/364 365/365/365 366/366/366
f 364/364/364 366/366/366 367/367/367
f 368/368/368 369/369/369 370/370/370
f 368/368/368 370/370/370 371/371/371
f 372/372/372 373/373/373 374/374/374
f 372/372/372 374/374/374 375/375/375
f 376/376/376 377/377/377 378/378/378
f 376/376/376 378/378/378 379/379/379
f 380/380/380 381/381/381 382/382/382
f 380/380/380 382/382/382 383/383/383
f 384/384/384 385/385/385 386/386/386
f 384/384/384 386/386/386 387/387/387
f 388/388/388 389/389/389 390/390/390
f 388/388/388 390/390/390 391/391/391
f 392/392/392 393/393/393 394/394/394
f 392/392/392 394/394/394 395/395/395
f 396/396/396 397/397/397 398/398/398
f 396/396/396 398/398/398 399/399/399
f 400/400/400 401/401/401 402/402/402
f 400/400/400 402/402/402 403/403/403
f 404/404/404 405/405/405 406/406/406
f 404/404/404 406/406/406 407/407/407
f 408/408/408 409/409/409 410/410/410
f 408/408/408 410/410/410 411/411/411
f 412/412/412 413/413/413 414/414/414
f 412/412/412 414/414/414 415/415/415
f 416/416/416 417/417/417 418/418/418
f 416/416/416 418/418/418 419/419/419
f 420/420/420 421/421/421 422/422/422
f 420/420/420 422/422/422 423/423/423
f 424/424/424 425/425/425 426/426/426
f 424/424/424 426/426/426 427/427/427
f 428/428/428 429/429/429 430/430/430
f 428/428/428 430/430/430 431/431/431
f 432/432/432 433/433/433 434/434/434
f 432/432/432 434/434/434 435/435/435
f 436/436/436 437/437/437 438/438/438
f 436/436/436 438/438/438 439/439/439
f 440/440/440 441/441/441 442/442/442
f 440/440/440 442/442/442 443/443/443
f 444/444/444 445/445/445 446/446/446
f 444/444/444 446/446/446 447/447/447
f 448/448/448 449/449/449 450/450/450
f 448/448/448 450/450/450 451/451/451
f 452/452/452 453/453/453 454/454/454
f 452/452/452 454/454/454 455/455/455
f 456/456/456 457/457/457 458/458/458
f 456/456/456 458/458/458 459/459/459
f 460/460/460 461/461/461 462/462/462
f 460/460/460 462/462/462 463/463/463
f 464/464/464 465/465/465 466/466/466
f 464/464/464 466/466/466 467/467/467
f 468/468/468 469/469/469 470/470/470
f 468/468/468 470/470/470 471/471/471
f 472/472/472 473/473/473 474/474/474
f 472/472/472 474/474/474 475/475/475
f 476/476/476 477/477/477 478/478/478
f 479/479/479 480/480/480 481/481/481
f 482/482/482 483/483/483 484/484/484
f 482/482/482 484/484/484 485/485/485
f 482/482/482 485/485/485 486/486/486
f 482/482/482 486/486/486 487/487/487
f 482/482/482 487/487/487 488/488/488
f 482/482/482 488/488/488 489/489/489
f 482/482/482 489/489/489 490/490/490
f 482/482/482 490/490/490 487/487/487
f 482/482/482 487/487/487 486/486/486
f 482/482/482 486/486/486 491/491/491
f 482/482/482 491/491/491 492/492/492
f 482/482/482 492/492/492 485/485/485
f 482/482/482 485/485/485 484/484/484
f 482/482/482 484/484/484 493/493/493
f 482/482/482 493/493/493 476/476/476
f 482/482/482 476/476/476 494/494/494
f 482/482/482 494/494/494 495/495/495
f 482/482/482 495/495/495 478/478/478
f 482/482/482 478/478/478 477/477/477
f 482/482/482 477/477/477 496/496/496
f 482/482/482 496/496/496 497/497/497
f 482/482/482 497/497/497 498/498/498
f 482/482/482 498/498/498 499/499/499
f 482/482/482 499/499/499 500/500/500
f 482/482/482 500/500/500 501/501/501
f 482/482/482 501/501/501 502/502/502
f 482/482/482 502/502/502 503/503/503
f 482/482/482 503/503/503 504/504/504
f 482/482/482 504/504/504 505/505/505
f 482/482/482 505/505/505 506/506/506
f 482/482/482 506/506/506 507/507/507
f 482/482/482 507/507/507 504/504/504
f 482/482/482 504/504/504 503/503/503
f 482/482/482 503/503/503 500/500/500
f 482/482/482 500/500/500 508/508/508
f 482/482/482 508/508/508 509/509/509
f 482/482/482 509/509/509 510/510/510
f 482/482/482 510/510/510 511/511/511
f 482/482/482 511/511/511 508/508/508
f 482/482/482 508/508/508 500/500/500
f 482/482/482 500/500/500 499/499/499
f 482/482/482 499/499/499 512/512/512
f 482/482/482 512/512/512 497/497/497
f 482/482/482 497/497/497 496/496/496
f 482/482/482 496/496/496 513/513/513
f 482/482/482 513/513/513 514/514/514
f 482/482/482 514/514/514 515/515/515
f 482/482/482 515/515/515 516/516/516
f 482/482/482 516/516/516 513/513/513
f 482/482/482 513/513/513 496/496/496
f 482/482/482 496/496/496 517/517/517
f 482/482/482 517/517/517 518/518/518
f 482/482/482 518/518/518 519/519/519
f 482/482/482 519/519/519 520/520/520
f 482/482/482 520/520/520 517/517/517
f 482/482/482 517/517/517 521/521/521
f 482/482/482 521/521/521 522/522/522
f 482/482/482 522/522/522 523/523/523
f 482/482/482 523/523/523 524/524/524
f 482/482/482 524/524/524 525/525/525
f 482/482/482 525/525/525 526/526/526
f 482/482/482 526/526/526 523/523/523
f 482/482/482 523/523/523 527/527/527
f 482/482/482 527/527/527 528/528/528
f 482/482/482 528/528/528 529/529/529
f 482/482/482 529/529/529 530/530/530
f 482/482/482 530/530/530 527/527/527
f 482/482/482 527/527/527 523/523/523
f 482/482/482 523/523/523 522/522/522
f 482/482/482 522/522/522 531/531/531
f 482/482/482 531/531/531 532/532/532
f 482/482/482 532/532/532 521/521/521
f 482/482/482 521/521/521 517/517/517
f 482/482/482 517/517/517 496/496/496
f 482/482/482 496/496/496 533/533/533
f 482/482/482 533/533/533 534/534/534
f 482/482/482 534/534/534 535/535/535
f 482/482/482 535/535/535 536/536/536
f 482/482/482 536/536/536 537/537/537
f 482/482/482 537/537/537 538/538/538
f 482/482/482 538/538/538 539/539/539
f 482/482/482 539/539/539 536/536/536
f 482/482/482 536/536/536 535/535/535
f 482/482/482 535/535/535 540/540/540
f 482/482/482 540/540/540 541/541/541
f 482/482/482 541/541/541 542/542/542
f 482/482/482 542/542/542 543/543/543
f 482/482/482 543/543/543 544/544/544
f 482/482/482 544/544/544 541/541/541
f 482/482/482 541/541/541 540/540/540
f 545/545/545 546/546/546 547/547/547
f 545/545/545 547/547/547 548/548/548
f 549/549/549 550/550/550 551/551/551
f 549/549/549 551/551/551 552/552/552
f 553/553/553 554/554/554 555/555/555
f 553/553/553 555/555/555 556/556/556
f 557/557/557 558/558/558 559/559/559
f 557/557/557 559/559/559 560/560/560
f 561/561/561 562/562/562 563/563/563
f 561/561/561 563/563/563 564/564/564
f 565/565/565 566/566/566 567/567/567
f 565/565/565 567/567/567 568/568/568
f 569/569/569 570/570/570 571/571/571
f 569/569/569 571/571/571 572/572/572
f 573/573/573 574/574/574 575/575/575
f 573/573/573 575/575/575 576/576/576
f 577/577/577 578/578/578 579/579/579
f 577/577/577 579/579/579 580/580/580
f 581/581/581 582/582/582 583/583/583
f 581/581/581 583/583/583 584/584/584
f 585/585/585 586/586/586 587/587/587
f 585/585/585 587/587/587 588/588/588
f 589/589/589 590/590/590 591/591/591
f 589/589/589 591/591/591 592/592/592
f 593/593/593 594/594/594 595/595/595
f 593/593/593 595/595/595 596/596/596
f 597/597/597 598/598/598 599/599/599
f 597/597/597 599/599/599 600/600/600
f 601/601/601 602/602/602 603/603/603
f 601/601/601 603/603/603 604/604/604
f 605/605/605 606/606/606 607/607/607
f 605/605/605 607/607/607 608/608/608
f 609/609/609 610/610/610 611/611/611
f 609/609/609 611/611/611 612/612/612
f 613/613/613 614/614/614 615/615/615
f 613/613/613 615/615/615 616/616/616
f 617/617/617 618/618/618 619/619/619
f 617/617/617 619/619/619 620/620/620
f 621/621/621 622/622/622 623/623/623
f 621/621/621 623/623/623 624/624/624
f 625/625/625 626/626/626 627/627/627
f 625/625/625 627/627/627 628/628/628
f 629/629/629 630/630/630 631/631/631
f 629/629/629 631/631/631 632/632/632
f 633/633/633 634/634/634 635/635/635
f 636/636/636 633/633/633 637/637/637
f 638/638/638 639/639/639 640/640/640
f 638/638/638 640/640/640 641/641/641
f 642/642/642 643/643/643 644/644/644
f 642/642/642 644/644/644 645/645/645
f 646/646/646 647/647/647 648/648/648
f 646/646/646 648/648/648 649/649/649
f 650/650/650 651/651/651 652/652/652
f 650/650/650 652/652/652 653/653/653
f 650/650/650 653/653/653 654/654/654
f 650/650/650 654/654/654 649/649/649
f 650/650/650 649/649/649 648/648/648
f 650/650/650 648/648/648 655/655/655
f 650/650/650 655/655/655 656/656/656
f 650/650/650 656/656/656 657/657/657
f 650/650/650 657/657/657 658/658/658
f 650/650/650 658/658/658 659/659/659
f 650/650/650 659/659/659 660/660/660
f 650/650/650 660/660/660 661/661/661
f 650/650/650 661/661/661 662/662/662
f 650/650/650 662/662/662 647/647/647
f 650/650/650 647/647/647 646/646/646
f 650/650/650 646/646/646 663/663/663
f 650/650/650 663/663/663 664/664/664
f 650/650/650 664/664/664 665/665/665
f 650/650/650 665/665/665 666/666/666
f 667/667/667 668/668/668 669/669/669
f 667/667/667 669/669/669 670/670/670
f 667/667/667 670/670/670 671/671/671
f 667/667/667 671/671/671 672/672/672
f 667/667/667 672/672/672 673/673/673
f 667/667/667 673/673/673 674/674/674
f 667/667/667 674/674/674 675/675/675
f 667/667/667 675/675/675 672/672/672
f 667/667/667 672/672/672 671/671/671
f 667/667/667 671/671/671 676/676/676
f 667/667/667 676/676/676 669/669/669
f 667/667/667 669/669/669 668/668/668
f 667/667/667 668/668/668 677/677/677
f 667/667/667 677/677/677 678/678/678
f 667/667/667 678/678/678 679/679/679
f 667/667/667 679/679/679 680/680/680
f 667/667/667 680/680/680 681/681/681
f 667/667/667 681/681/681 682/682/682
f 683/683/683 684/684/684 685/685/685
f 683/683/683 685/685/685 686/686/686
f 684/684/684 687/687/687 688/688/688
f 684/684/684 688/688/688 685/685/685
f 687/687/687 689/689/689 690/690/690
f 687/687/687 690/690/690 688/688/688
f 689/689/689 691/691/691 692/692/692
f 689/689/689 692/692/692 690/690/690
f 691/691/691 693/693/693 694/694/694
f 691/691/691 694/694/694 692/692/692
f 693/693/693 695/695/695 696/696/696
f 693/693/693 696/696/696 694/694/694
f 695/695/695 697/697/697 698/698/698
f 695/695/695 698/698/698 696/696/696
f 697/697/697 699/699/699 700/700/700
f 697/697/697 700/700/700 698/698/698
f 699/699/699 701/701/701 702/702/702
f 699/699/699 702/702/702 700/700/700
f 701/701/701 703/703/703 704/704/704
f 701/701/701 704/704/704 702/702/702
f 703/703/703 705/705/705 706/706/706
f 703/703/703 706/706/706 704/704/704
f 705/705/705 683/683/683 686/686/686
f 705/705/705 686/686/686 706/706/706
f 707/707/707 708/708/708 709/709/709
f 707/707/707 709/709/709 710/710/710
f 707/707/707 710/710/710 711/711/711
f 707/707/707 711/711/711 712/712/712
f 707/707/707 712/712/712 713/713/713
f 707/707/707 713/713/713 714/714/714
f 707/707/707 714/714/714 715/715/715
f 707/707/707 715/715/715 716/716/716
f 707/707/707 716/716/716 717/717/717
f 707/707/707 717/717/717 718/718/718
f 719/719/719 720/720/720 721/721/721
f 719/719/719 721/721/721 722/722/722
f 720/720/720 723/723/723 724/724/724
f 720/720/720 724/724/724 721/721/721
f 723/723/723 725/725/725 726/726/726
f 723/723/723 726/726/726 724/724/724
f 725/725/725 727/727/727 728/728/728
f 725/725/725 728/728/728 726/726/726
f 727/727/727 729/729/729 730/730/730
f 727/727/727 730/730/730 728/728/728
f 729/729/729 731/731/731 732/732/732
f 729/729/729 732/732/732 730/730/730
f 731/731/731 733/733/733 734/734/734
f 731/731/731 734/734/734 732/732/732
f 733/733/733 735/735/735 736/736/736
f 733/733/733 736/736/736 734/734/734
f 735/735/735 737/737/737 738/738/738
f 735/735/735 738/738/738 736/736/736
f 737/737/737 739/739/739 740/740/740
f 737/737/737 740/740/740 738/738/738
f 739/739/739 741/741/741 742/742/742
f 739/739/739 742/742/742 740/740/740
f 741/741/741 719/719/719 722/722/722
f 741/741/741 722/722/722 742/742/742
f 743/743/743 744/744/744 745/745/745
f 743/743/743 745/745/745 746/746/746
f 743/743/743 746/746/746 747/747/747
f 743/743/743 747/747/747 748/748/748
f 743/743/743 748/748/748 749/749/749
f 743/743/743 749/749/749 750/750/750
f 743/743/743 750/750/750 751/751/751
f 743/743/743 751/751/751 752/752/752
f 743/743/743 752/752/752 753/753/753
f 743/743/743 753/753/753 754/754/754
f 755/755/755 756/756/756 757/757/757
f 755/755/755 757/757/757 758/758/758
f 759/759/759 760/760/760 761/761/761
f 759/759/759 761/761/761 762/762/762
f 763/763/763 764/764/764 765/765/765
f 763/763/763 765/765/765 766/766/766
f 767/767/767 768/768/768 769/769/769
f 767/767/767 769/769/769 770/770/770
f 771/771/771 772/772/772 773/773/773
f 771/771/771 773/773/773 774/774/774
f 775/775/775 776/776/776 777/777/777
f 775/775/775 777/777/777 778/778/778
f 779/779/779 780/780/780 781/781/781
f 779/779/779 781/781/781 782/782/782
f 783/783/783 784/784/784 785/785/785
f 783/783/783 785/785/785 786/786/786
f 787/787/787 788/788/788 789/789/789
f 787/787/787 789/789/789 790/790/790
f 791/791/791 792/792/792 793/793/793
f 791/791/791 793/793/793 794/794/794
f 795/795/795 796/796/796 797/797/797
f 795/795/795 797/797/797 798/798/798
f 792/792/792 799/799/799 800/800/800
f 792/792/792 800/800/800 793/793/793
f 801/801/801 802/802/802 803/803/803
f 801/801/801 803/803/803 804/804/804
f 805/805/805 806/806/806 807/807/807
f 805/805/805 807/807/807 808/808/808
f 809/809/809 810/810/810 811/811/811
f 809/809/809 811/811/811 812/812/812
f 813/813/813 814/814/814 815/815/815
f 813/813/813 815/815/815 816/816/816
f 817/817/817 818/818/818 819/819/819
f 817/817/817 819/819/819 820/820/820
f 821/821/821 822/822/822 823/823/823
f 821/821/821 823/823/823 824/824/824
f 825/825/825 826/826/826 827/827/827
f 825/825/825 827/827/827 828/828/828
f 829/829/829 830/830/830 831/831/831
f 830/830/830 832/832/832 831/831/831
f 833/833/833 834/834/834 831/831/831
f 833/833/833 831/831/831 835/835/835
f 834/834/834 829/829/829 831/831/831
f 836/836/836 837/837/837 838/838/838
f 838/838/838 837/837/837 839/839/839
f 840/840/840 841/841/841 837/837/837
f 840/840/840 837/837/837 842/842/842
f 842/842/842 837/837/837 836/836/836
f 843/843/843 844/844/844 845/845/845
f 843/843/843 845/845/845 846/846/846
f 847/847/847 848/848/848 849/849/849
f 847/847/847 849/849/849 850/850/850
f 851/851/851 852/852/852 853/853/853
f 851/851/851 853/853/853 854/854/854
f 855/855/855 856/856/856 857/857/857
f 855/855/855 857/857/857 858/858/858
f 844/844/844 859/859/859 860/860/860
f 844/844/844 860/860/860 845/845/845
f 861/861/861 862/862/862 863/863/863
f 861/861/861 863/863/863 864/864/864
f 852/852/852 865/865/865 866/866/866
f 852/852/852 866/866/866 853/853/853
f 867/867/867 868/868/868 869/869/869
f 867/867/867 869/869/869 870/870/870
f 871/871/871 872/872/872 873/873/873
f 874/874/874 875/875/875 876/876/876
f 877/877/877 878/878/878 879/879/879
f 877/877/877 879/879/879 880/880/880
f 881/881/881 882/882/882 874/874/874
f 873/873/873 883/883/883 884/884/884
f 878/878/878 885/885/885 886/886/886
f 878/878/878 886/886/886 879/879/879
f 872/872/872 887/887/887 873/873/873
f 873/873/873 888/888/888 871/871/871
f 873/873/873 889/889/889 888/888/888
f 876/876/876 890/890/890 874/874/874
f 891/891/891 881/881/881 874/874/874
f 874/874/874 890/890/890 891/891/891
f 892/892/892 893/893/893 894/894/894
f 892/892/892 894/894/894 895/895/895
f 884/884/884 889/889/889 873/873/873
f 882/882/882 896/896/896 874/874/874
f 897/897/897 898/898/898 899/899/899
f 897/897/897 899/899/899 900/900/900
f 901/901/901 902/902/902 903/903/903
f 901/901/901 903/903/903 904/904/904
f 905/905/905 906/906/906 907/907/907
f 905/905/905 907/907/907 908/908/908
f 909/909/909 910/910/910 911/911/911
f 909/909/909 911/911/911 912/912/912
f 913/913/913 914/914/914 915/915/915
f 913/913/913 915/915/915 916/916/916
f 917/917/917 918/918/918 919/919/919
f 917/917/917 919/919/919 920/920/920
f 916/916/916 915/915/915 921/921/921
f 916/916/916 921/921/921 922/922/922
f 918/918/918 917/917/917 923/923/923
f 918/918/918 923/923/923 924/924/924
f 925/925/925 926/926/926 927/927/927
f 925/925/925 927/927/927 928/928/928
f 922/922/922 921/921/921 928/928/928
f 922/922/922 928/928/928 927/927/927
f 924/924/924 923/923/923 926/926/926
f 924/924/924 926/926/926 925/925/925
f 902/902/902 901/901/901 900/900/900
f 902/902/902 900/900/900 899/899/899
f 910/910/910 909/909/909 908/908/908
f 910/910/910 908/908/908 907/907/907
f 929/929/929 930/930/930 931/931/931
f 886/886/886 885/885/885 932/932/932
f 886/886/886 932/932/932 933/933/933
f 934/934/934 935/935/935 936/936/936
f 934/934/934 936/936/936 937/937/937
f 934/934/934 938/938/938 939/939/939
f 934/934/934 939/939/939 935/935/935
f 940/940/940 941/941/941 942/942/942
f 940/940/940 942/942/942 943/943/943
f 944/944/944 945/945/945 941/941/941
f 944/944/944 941/941/941 940/940/940
f 930/930/930 929/929/929 946/946/946
f 930/930/930 946/946/946 947/947/947
f 948/948/948 892/892/892 895/895/895
f 948/948/948 895/895/895 949/949/949
f 893/893/893 950/950/950 951/951/951
f 893/893/893 951/951/951 894/894/894
f 952/952/952 953/953/953 954/954/954
f 952/952/952 954/954/954 955/955/955
f 953/953/953 945/945/945 944/944/944
f 953/953/953 944/944/944 954/954/954
f 942/942/942 939/939/939 938/938/938
f 942/942/942 938/938/938 943/943/943
f 956/956/956 957/957/957 958/958/958
f 956/956/956 958/958/958 959/959/959
f 960/960/960 961/961/961 962/962/962
f 960/960/960 962/962/962 963/963/963
f 964/964/964 965/965/965 966/966/966
f 964/964/964 966/966/966 967/967/967
f 968/968/968 969/969/969 970/970/970
f 968/968/968 970/970/970 971/971/971
f 972/972/972 973/973/973 974/974/974
f 972/972/972 974/974/974 975/975/975
f 963/963/963 958/958/958 957/957/957
f 963/963/963 957/957/957 960/960/960
f 976/976/976 977/977/977 978/978/978
f 976/976/976 978/978/978 979/979/979
f 980/980/980 981/981/981 982/982/982
f 980/980/980 982/982/982 983/983/983
f 981/981/981 984/984/984 985/985/985
f 981/981/981 985/985/985 982/982/982
f 984/984/984 986/986/986 987/987/987
f 984/984/984 987/987/987 985/985/985
f 988/988/988 989/989/989 990/990/990
f 988/988/988 990/990/990 991/991/991
f 989/989/989 992/992/992 993/993/993
f 989/989/989 993/993/993 990/990/990
f 992/992/992 994/994/994 995/995/995
f 992/992/992 995/995/995 993/993/993
f 931/931/931 930/930/930 996/996/996
f 997/997/997 998/998/998 980/980/980
f 997/997/997 980/980/980 983/983/983
f 999/999/999 1000/1000/1000 1001/1001/1001
f 1001/1001/1001 1000/1000/1000 1002/1002/1002
f 1001/1001/1001 1002/1002/1002 1003/1003/1003
f 1004/1004/1004 1005/1005/1005 1006/1006/1006
f 1004/1004/1004 1006/1006/1006 1007/1007/1007
f 1005/1005/1005 1008/1008/1008 1009/1009/1009
f 1005/1005/1005 1009/1009/1009 1006/1006/1006
f 1008/1008/1008 1010/1010/1010 1011/1011/1011
f 1008/1008/1008 1011/1011/1011 1009/1009/1009
f 1010/1010/1010 1012/1012/1012 1013/1013/1013
f 1010/1010/1010 1013/1013/1013 1011/1011/1011
f 1012/1012/1012 1014/1014/1014 1015/1015/1015
f 1012/1012/1012 1015/1015/1015 1013/1013/1013
f 1014/1014/1014 1016/1016/1016 1017/1017/1017
f 1014/1014/1014 1017/1017/1017 1015/1015/1015
f 1016/1016/1016 1018/1018/1018 1019/1019/1019
f 1016/1016/1016 1019/1019/1019 1017/1017/1017
f 1018/1018/1018 1020/1020/1020 1021/1021/1021
f 1018/1018/1018 1021/1021/1021 1019/1019/1019
f 1020/1020/1020 1022/1022/1022 1023/1023/1023
f 1020/1020/1020 1023/1023/1023 1021/1021/1021
f 1022/1022/1022 1024/1024/1024 1025/1025/1025
f 1022/1022/1022 1025/1025/1025 1023/1023/1023
f 1024/1024/1024 1026/1026/1026 1027/1027/1027
f 1024/1024/1024 1027/1027/1027 1025/1025/1025
f 1026/1026/1026 1028/1028/1028 1029/1029/1029
f 1026/1026/1026 1029/1029/1029 1027/1027/1027
f 1028/1028/1028 1030/1030/1030 1031/1031/1031
f 1028/1028/1028 1031/1031/1031 1029/1029/1029
f 1032/1032/1032 1033/1033/1033 1034/1034/1034
f 1032/1032/1032 1034/1034/1034 1035/1035/1035
f 1032/1032/1032 1035/1035/1035 1036/1036/1036
f 1037/1037/1037 1038/1038/1038 1039/1039/1039
f 1037/1037/1037 1039/1039/1039 1040/1040/1040
f 1041/1041/1041 1042/1042/1042 1043/1043/1043
f 1041/1041/1041 1043/1043/1043 1044/1044/1044
f 1045/1045/1045 1046/1046/1046 1047/1047/1047
f 1045/1045/1045 1047/1047/1047 1048/1048/1048
f 1049/1049/1049 1045/1045/1045 1048/1048/1048
f 1050/1050/1050 1051/1051/1051 480/480/480
f 1050/1050/1050 480/480/480 479/479/479
f 1050/1050/1050 479/479/479 1052/1052/1052
f 1050/1050/1050 1052/1052/1052 1053/1053/1053
f 1050/1050/1050 1053/1053/1053 1054/1054/1054
f 1055/1055/1055 1056/1056/1056 1057/1057/1057
f 1055/1055/1055 1057/1057/1057 1050/1050/1050
f 1058/1058/1058 1059/1059/1059 1060/1060/1060
f 1058/1058/1058 1060/1060/1060 1055/1055/1055
f 1055/1055/1055 1050/1050/1050 1054/1054/1054
f 1055/1055/1055 1054/1054/1054 1058/1058/1058
f 1061/1061/1061 1062/1062/1062 1063/1063/1063
f 1061/1061/1061 1063/1063/1063 1057/1057/1057
f 1064/1064/1064 1065/1065/1065 1066/1066/1066
f 1064/1064/1064 1066/1066/1066 1061/1061/1061
f 1056/1056/1056 1067/1067/1067 1068/1068/1068
f 1056/1056/1056 1068/1068/1068 1064/1064/1064
f 1064/1064/1064 1061/1061/1061 1057/1057/1057
f 1064/1064/1064 1057/1057/1057 1056/1056/1056
f 1069/1069/1069 1070/1070/1070 1066/1066/1066
f 1065/1065/1065 1071/1071/1071 1069/1069/1069
f 1069/1069/1069 1066/1066/1066 1065/1065/1065
f 1072/1072/1072 481/481/481 1073/1073/1073
f 1071/1071/1071 1065/1065/1065 1074/1074/1074
f 1075/1075/1075 1063/1063/1063 1062/1062/1062
f 1062/1062/1062 1070/1070/1070 1069/1069/1069
f 1062/1062/1062 1069/1069/1069 480/480/480
f 1062/1062/1062 480/480/480 1051/1051/1051
f 1062/1062/1062 1051/1051/1051 1063/1063/1063
f 1062/1062/1062 1063/1063/1063 1075/1075/1075
f 481/481/481 480/480/480 1073/1073/1073
f 1073/1073/1073 1071/1071/1071 1074/1074/1074
f 1073/1073/1073 1074/1074/1074 1068/1068/1068
f 1073/1073/1073 1068/1068/1068 1067/1067/1067
f 1073/1073/1073 1067/1067/1067 1060/1060/1060
f 1073/1073/1073 1060/1060/1060 1059/1059/1059
f 1073/1073/1073 1059/1059/1059 1072/1072/1072
f 481/481/481 1058/1058/1058 1054/1054/1054
f 481/481/481 1054/1054/1054 479/479/479
f 1076/1076/1076 1077/1077/1077 1078/1078/1078
f 1076/1076/1076 1078/1078/1078 1079/1079/1079
f 1076/1076/1076 1079/1079/1079 1080/1080/1080
f 634/634/634 1081/1081/1081 635/635/635
f 633/633/633 635/635/635 637/637/637
f 1076/1076/1076 634/634/634 633/633/633
f 1076/1076/1076 633/633/633 1077/1077/1077
f 45/45/45 1082/1082/1082 1083/1083/1083
f 45/45/45 1083/1083/1083 1084/1084/1084
f 45/45/45 1084/1084/1084 46/46/46
f 44/44/44 1085/1085/1085 1086/1086/1086
f 44/44/44 1086/1086/1086 1087/1087/1087
f 44/44/44 1087/1087/1087 42/42/42
f 1079/1079/1079 1088/1088/1088 1080/1080/1080
f 1089/1089/1089 1090/1090/1090 1091/1091/1091
f 1089/1089/1089 1091/1091/1091 1076/1076/1076
f 1076/1076/1076 1080/1080/1080 1089/1089/1089
f 1089/1089/1089 635/635/635 1081/1081/1081
f 1089/1089/1089 1081/1081/1081 1090/1090/1090
f 476/476/476 493/493/493 477/477/477
f 1092/1092/1092 1093/1093/1093 1094/1094/1094
f 1092/1092/1092 1094/1094/1094 1095/1095/1095
f 1096/1096/1096 1049/1049/1049 1048/1048/1048
f 1096/1096/1096 1048/1048/1048 1097/1097/1097
f 1098/1098/1098 1099/1099/1099 1100/1100/1100
f 1098/1098/1098 1100/1100/1100 1101/1101/1101
f 1102/1102/1102 1103/1103/1103 1104/1104/1104
f 1102/1102/1102 1104/1104/1104 1105/1105/1105
f 1106/1106/1106 1107/1107/1107 1108/1108/1108
f 1106/1106/1106 1108/1108/1108 1109/1109/1109
f 1110/1110/1110 1111/1111/1111 1112/1112/1112
f 1110/1110/1110 1112/1112/1112 1113/1113/1113
f 1114/1114/1114 1115/1115/1115 1116/1116/1116
f 1114/1114/1114 1116/1116/1116 1117/1117/1117
f 1118/1118/1118 1119/1119/1119 1120/1120/1120
f 1118/1118/1118 1120/1120/1120 1121/1121/1121
f 1122/1122/1122 1123/1123/1123 1124/1124/1124
f 1122/1122/1122 1124/1124/1124 1125/1125/1125
f 1126/1126/1126 1127/1127/1127 1128/1128/1128
f 1126/1126/1126 1128/1128/1128 1129/1129/1129
f 1130/1130/1130 1131/1131/1131 1132/1132/1132
f 1130/1130/1130 1132/1132/1132 1133/1133/1133
f 1134/1134/1134 1135/1135/1135 1136/1136/1136
f 1134/1134/1134 1136/1136/1136 1137/1137/1137
f 1134/1134/1134 1137/1137/1137 1138/1138/1138
f 1139/1139/1139 1140/1140/1140 1141/1141/1141
f 1142/1142/1142 1143/1143/1143 1144/1144/1144
f 1145/1145/1145 1146/1146/1146 1147/1147/1147
f 1145/1145/1145 1147/1147/1147 1148/1148/1148
f 1149/1149/1149 1150/1150/1150 1151/1151/1151
f 1149/1149/1149 1151/1151/1151 1152/1152/1152
f 1153/1153/1153 1154/1154/1154 1155/1155/1155
f 1153/1153/1153 1155/1155/1155 1156/1156/1156
f 1157/1157/1157 1158/1158/1158 1159/1159/1159
f 1157/1157/1157 1159/1159/1159 1160/1160/1160
f 1161/1161/1161 1162/1162/1162 1163/1163/1163
f 1161/1161/1161 1163/1163/1163 1164/1164/1164
f 1165/1165/1165 1166/1166/1166 1167/1167/1167
f 1165/1165/1165 1167/1167/1167 1168/1168/1168
f 1169/1169/1169 1170/1170/1170 1171/1171/1171
f 1169/1169/1169 1171/1171/1171 1172/1172/1172
f 1173/1173/1173 1174/1174/1174 1175/1175/1175
f 1173/1173/1173 1175/1175/1175 1176/1176/1176
f 1177/1177/1177 1178/1178/1178 1179/1179/1179
f 1177/1177/1177 1179/1179/1179 1180/1180/1180
f 1181/1181/1181 1182/1182/1182 1183/1183/1183
f 1181/1181/1181 1183/1183/1183 1184/1184/1184
f 1185/1185/1185 1186/1186/1186 1187/1187/1187
f 1185/1185/1185 1187/1187/1187 1188/1188/1188
f 1189/1189/1189 1190/1190/1190 1191/1191/1191
f 1189/1189/1189 1191/1191/1191 1192/1192/1192
f 1193/1193/1193 1194/1194/1194 1195/1195/1195
f 1193/1193/1193 1195/1195/1195 1196/1196/1196
f 1197/1197/1197 1198/1198/1198 1199/1199/1199
f 1197/1197/1197 1199/1199/1199 1200/1200/1200
f 1201/1201/1201 1202/1202/1202 1203/1203/1203
f 1201/1201/1201 1203/1203/1203 1204/1204/1204
f 1205/1205/1205 1206/1206/1206 1207/1207/1207
f 1205/1205/1205 1207/1207/1207 1208/1208/1208
f 1209/1209/1209 1210/1210/1210 1211/1211/1211
f 1209/1209/1209 1211/1211/1211 1212/1212/1212
f 1213/1213/1213 1214/1214/1214 1215/1215/1215
f 1213/1213/1213 1215/1215/1215 1216/1216/1216
f 1217/1217/1217 1218/1218/1218 1219/1219/1219
f 1217/1217/1217 1219/1219/1219 1220/1220/1220
f 1221/1221/1221 1222/1222/1222 1223/1223/1223
f 1221/1221/1221 1223/1223/1223 1224/1224/1224
f 1225/1225/1225 1226/1226/1226 1227/1227/1227
f 1225/1225/1225 1227/1227/1227 1228/1228/1228
f 1229/1229/1229 1230/1230/1230 1231/1231/1231
f 1229/1229/1229 1231/1231/1231 1232/1232/1232
f 1233/1233/1233 1234/1234/1234 1235/1235/1235
f 1233/1233/1233 1235/1235/1235 1236/1236/1236
f 1237/1237/1237 1238/1238/1238 1239/1239/1239
f 1237/1237/1237 1239/1239/1239 1240/1240/1240
f 1241/1241/1241 1242/1242/1242 1243/1243/1243
f 1241/1241/1241 1243/1243/1243 1244/1244/1244
f 1245/1245/1245 1246/1246/1246 1247/1247/1247
f 1245/1245/1245 1247/1247/1247 1248/1248/1248
f 1249/1249/1249 1250/1250/1250 1251/1251/1251
f 1249/1249/1249 1251/1251/1251 1252/1252/1252
f 1253/1253/1253 1254/1254/1254 1255/1255/1255
f 1253/1253/1253 1255/1255/1255 1256/1256/1256
f 1257/1257/1257 1258/1258/1258 1259/1259/1259
f 1257/1257/1257 1259/1259/1259 1260/1260/1260
f 1261/1261/1261 1262/1262/1262 1263/1263/1263
f 1261/1261/1261 1263/1263/1263 1264/1264/1264
f 1265/1265/1265 1266/1266/1266 1267/1267/1267
f 1265/1265/1265 1267/1267/1267 1268/1268/1268
f 1269/1269/1269 1270/1270/1270 1271/1271/1271
f 1269/1269/1269 1271/1271/1271 1272/1272/1272
f 1273/1273/1273 1274/1274/1274 1275/1275/1275
f 1273/1273/1273 1275/1275/1275 1276/1276/1276
f 1277/1277/1277 1278/1278/1278 1279/1279/1279
f 1277/1277/1277 1279/1279/1279 1280/1280/1280
f 1281/1281/1281 1282/1282/1282 1283/1283/1283
f 1281/1281/1281 1283/1283/1283 1284/1284/1284
f 1285/1285/1285 1286/1286/1286 1287/1287/1287
f 1285/1285/1285 1287/1287/1287 1288/1288/1288
f 1289/1289/1289 1290/1290/1290 1291/1291/1291
f 1289/1289/1289 1291/1291/1291 1292/1292/1292
f 1293/1293/1293 1294/1294/1294 1295/1295/1295
f 1293/1293/1293 1295/1295/1295 1296/1296/1296
f 1297/1297/1297 1298/1298/1298 1299/1299/1299
f 1297/1297/1297 1299/1299/1299 1300/1300/1300
f 1301/1301/1301 1302/1302/1302 1303/1303/1303
f 1301/1301/1301 1303/1303/1303 1304/1304/1304
f 1305/1305/1305 1306/1306/1306 1307/1307/1307
f 1305/1305/1305 1307/1307/1307 1308/1308/1308
f 1309/1309/1309 1310/1310/1310 1311/1311/1311
f 1309/1309/1309 1311/1311/1311 1312/1312/1312
f 1313/1313/1313 1314/1314/1314 1315/1315/1315
f 1313/1313/1313 1315/1315/1315 1316/1316/1316
f 1317/1317/1317 1318/1318/1318 1319/1319/1319
f 1317/1317/1317 1319/1319/1319 1320/1320/1320
f 1321/1321/1321 1322/1322/1322 1323/1323/1323
f 1321/1321/1321 1323/1323/1323 1324/1324/1324
f 1325/1325/1325 1326/1326/1326 1327/1327/1327
f 1325/1325/1325 1327/1327/1327 1328/1328/1328
f 1329/1329/1329 1330/1330/1330 1331/1331/1331
f 1329/1329/1329 1331/1331/1331 1332/1332/1332
f 1333/1333/1333 1334/1334/1334 1335/1335/1335
f 1333/1333/1333 1335/1335/1335 1336/1336/1336
f 1337/1337/1337 1338/1338/1338 1339/1339/1339
f 1337/1337/1337 1339/1339/1339 1340/1340/1340
f 1341/1341/1341 1342/1342/1342 1343/1343/1343
f 1341/1341/1341 1343/1343/1343 1344/1344/1344
f 1345/1345/1345 1346/1346/1346 1347/1347/1347
f 1345/1345/1345 1347/1347/1347 1348/1348/1348
f 1349/1349/1349 1350/1350/1350 1351/1351/1351
f 1349/1349/1349 1351/1351/1351 1352/1352/1352
f 1353/1353/1353 1354/1354/1354 1355/1355/1355
f 1353/1353/1353 1355/1355/1355 1356/1356/1356
f 1357/1357/1357 1358/1358/1358 1359/1359/1359
f 1357/1357/1357 1359/1359/1359 1360/1360/1360
f 1361/1361/1361 1362/1362/1362 1363/1363/1363
f 1361/1361/1361 1363/1363/1363 1364/1364/1364
f 1365/1365/1365 1366/1366/1366 1367/1367/1367
f 1365/1365/1365 1367/1367/1367 1368/1368/1368
f 1369/1369/1369 1370/1370/1370 1371/1371/1371
f 1369/1369/1369 1371/1371/1371 1372/1372/1372
f 1373/1373/1373 1374/1374/1374 1375/1375/1375
f 1373/1373/1373 1375/1375/1375 1376/1376/1376
f 1377/1377/1377 1378/1378/1378 1379/1379/1379
f 1377/1377/1377 1379/1379/1379 1380/1380/1380
f 1381/1381/1381 1382/1382/1382 1383/1383/1383
f 1381/1381/1381 1383/1383/1383 1384/1384/1384
f 1385/1385/1385 1386/1386/1386 1387/1387/1387
f 1385/1385/1385 1387/1387/1387 1388/1388/1388
f 1389/1389/1389 1390/1390/1390 1391/1391/1391
f 1389/1389/1389 1391/1391/1391 1392/1392/1392
f 1393/1393/1393 1394/1394/1394 1395/1395/1395
f 1393/1393/1393 1395/1395/1395 1396/1396/1396
f 1397/1397/1397 1398/1398/1398 1399/1399/1399
f 1397/1397/1397 1399/1399/1399 1400/1400/1400
f 1401/1401/1401 1402/1402/1402 1403/1403/1403
f 1401/1401/1401 1403/1403/1403 1404/1404/1404
f 1405/1405/1405 1406/1406/1406 1407/1407/1407
f 1405/1405/1405 1407/1407/1407 1408/1408/1408
f 1409/1409/1409 1410/1410/1410 1411/1411/1411
f 1409/1409/1409 1411/1411/1411 1412/1412/1412
f 1413/1413/1413 1414/1414/1414 1415/1415/1415
f 1413/1413/1413 1415/1415/1415 1416/1416/1416
f 1417/1417/1417 1418/1418/1418 1419/1419/1419
f 1417/1417/1417 1419/1419/1419 1420/1420/1420
f 1421/1421/1421 1422/1422/1422 1423/1423/1423
f 1421/1421/1421 1423/1423/1423 1424/1424/1424
f 1425/1425/1425 1426/1426/1426 1427/1427/1427
f 1425/1425/1425 1427/1427/1427 1428/1428/1428
f 1429/1429/1429 1430/1430/1430 1431/1431/1431
f 1429/1429/1429 1431/1431/1431 1432/1432/1432
f 1433/1433/1433 1434/1434/1434 1435/1435/1435
f 1433/1433/1433 1435/1435/1435 1436/1436/1436
f 1437/1437/1437 1438/1438/1438 1439/1439/1439
f 1437/1437/1437 1439/1439/1439 1440/1440/1440
f 1441/1441/1441 1442/1442/1442 1443/1443/1443
f 1441/1441/1441 1443/1443/1443 1444/1444/1444
f 1445/1445/1445 1446/1446/1446 1447/1447/1447
f 1445/1445/1445 1447/1447/1447 1448/1448/1448
f 1449/1449/1449 1450/1450/1450 1451/1451/1451
f 1449/1449/1449 1451/1451/1451 1452/1452/1452
f 1453/1453/1453 1454/1454/1454 1455/1455/1455
f 1453/1453/1453 1455/1455/1455 1456/1456/1456
f 1457/1457/1457 1458/1458/1458 1459/1459/1459
f 1457/1457/1457 1459/1459/1459 1460/1460/1460
f 1461/1461/1461 1462/1462/1462 1463/1463/1463
f 1461/1461/1461 1463/1463/1463 1464/1464/1464
f 1465/1465/1465 1466/1466/1466 1467/1467/1467
f 1465/1465/1465 1467/1467/1467 1468/1468/1468
f 1469/1469/1469 1470/1470/1470 1471/1471/1471
f 1469/1469/1469 1471/1471/1471 1472/1472/1472
f 1473/1473/1473 1474/1474/1474 1475/1475/1475
f 1473/1473/1473 1475/1475/1475 1476/1476/1476
f 1477/1477/1477 1478/1478/1478 1479/1479/1479
f 1477/1477/1477 1479/1479/1479 1480/1480/1480
f 1481/1481/1481 1482/1482/1482 1483/1483/1483
f 1481/1481/1481 1483/1483/1483 1484/1484/1484
f 1485/1485/1485 1486/1486/1486 1487/1487/1487
f 1485/1485/1485 1487/1487/1487 1488/1488/1488
f 1489/1489/1489 1490/1490/1490 1491/1491/1491
f 1489/1489/1489 1491/1491/1491 1492/1492/1492
f 1493/1493/1493 1494/1494/1494 1495/1495/1495
f 1493/1493/1493 1495/1495/1495 1496/1496/1496
f 1497/1497/1497 1498/1498/1498 1499/1499/1499
f 1497/1497/1497 1499/1499/1499 1500/1500/1500
f 1501/1501/1501 1502/1502/1502 1503/1503/1503
f 1501/1501/1501 1503/1503/1503 1504/1504/1504
f 1505/1505/1505 1506/1506/1506 1507/1507/1507
f 1505/1505/1505 1507/1507/1507 1508/1508/1508
f 1509/1509/1509 1510/1510/1510 1511/1511/1511
f 1509/1509/1509 1511/1511/1511 1512/1512/1512
f 1513/1513/1513 1514/1514/1514 1515/1515/1515
f 1513/1513/1513 1515/1515/1515 1516/1516/1516
f 1517/1517/1517 1518/1518/1518 1519/1519/1519
f 1517/1517/1517 1519/1519/1519 1520/1520/1520
f 1521/1521/1521 1522/1522/1522 1523/1523/1523
f 1521/1521/1521 1523/1523/1523 1524/1524/1524
f 1525/1525/1525 1526/1526/1526 1527/1527/1527
f 1525/1525/1525 1527/1527/1527 1528/1528/1528
f 1529/1529/1529 1530/1530/1530 1531/1531/1531
f 1529/1529/1529 1531/1531/1531 1532/1532/1532
f 1533/1533/1533 1534/1534/1534 1535/1535/1535
f 1533/1533/1533 1535/1535/1535 1536/1536/1536
f 1537/1537/1537 1538/1538/1538 1539/1539/1539
f 1537/1537/1537 1539/1539/1539 1540/1540/1540
f 1541/1541/1541 1542/1542/1542 1543/1543/1543
f 1541/1541/1541 1543/1543/1543 1544/1544/1544
f 1545/1545/1545 1546/1546/1546 1547/1547/1547
f 1545/1545/1545 1547/1547/1547 1548/1548/1548
f 1549/1549/1549 1550/1550/1550 1551/1551/1551
f 1549/1549/1549 1551/1551/1551 1552/1552/1552
f 1553/1553/1553 1554/1554/1554 1555/1555/1555
f 1553/1553/1553 1555/1555/1555 1556/1556/1556
f 1557/1557/1557 1558/1558/1558 1559/1559/1559
f 1557/1557/1557 1559/1559/1559 1560/1560/1560
f 1561/1561/1561 1562/1562/1562 1563/1563/1563
f 1561/1561/1561 1563/1563/1563 1564/1564/1564
f 1565/1565/1565 1566/1566/1566 1567/1567/1567
f 1565/1565/1565 1567/1567/1567 1568/1568/1568
f 1569/1569/1569 1570/1570/1570 1571/1571/1571
f 1569/1569/1569 1571/1571/1571 1572/1572/1572
f 1573/1573/1573 1574/1574/1574 1575/1575/1575
f 1576/1576/1576 1577/1577/1577 1578/1578/1578
f 1579/1579/1579 1580/1580/1580 1581/1581/1581
f 1579/1579/1579 1581/1581/1581 1582/1582/1582
f 1579/1579/1579 1582/1582/1582 1583/1583/1583
f 1579/1579/1579 1583/1583/1583 1584/1584/1584
f 1579/1579/1579 1584/1584/1584 1581/1581/1581
f 1579/1579/1579 1581/1581/1581 1580/1580/1580
f 1579/1579/1579 1580/1580/1580 1585/1585/1585
f 1579/1579/1579 1585/1585/1585 1586/1586/1586
f 1579/1579/1579 1586/1586/1586 1587/1587/1587
f 1579/1579/1579 1587/1587/1587 1588/1588/1588
f 1579/1579/1579 1588/1588/1588 1589/1589/1589
f 1579/1579/1579 1589/1589/1589 1586/1586/1586
f 1579/1579/1579 1586/1586/1586 1585/1585/1585
f 1579/1579/1579 1585/1585/1585 1590/1590/1590
f 1579/1579/1579 1590/1590/1590 1591/1591/1591
f 1579/1579/1579 1591/1591/1591 1592/1592/1592
f 1579/1579/1579 1592/1592/1592 1593/1593/1593
f 1579/1579/1579 1593/1593/1593 1594/1594/1594
f 1579/1579/1579 1594/1594/1594 1595/1595/1595
f 1579/1579/1579 1595/1595/1595 1596/1596/1596
f 1579/1579/1579 1596/1596/1596 1597/1597/1597
f 1579/1579/1579 1597/1597/1597 1598/1598/1598
f 1579/1579/1579 1598/1598/1598 1599/1599/1599
f 1579/1579/1579 1599/1599/1599 1600/1600/1600
f 1579/1579/1579 1600/1600/1600 1601/1601/1601
f 1579/1579/1579 1601/1601/1601 1602/1602/1602
f 1579/1579/1579 1602/1602/1602 1599/1599/1599
f 1579/1579/1579 1599/1599/1599 1598/1598/1598
f 1579/1579/1579 1598/1598/1598 1603/1603/1603
f 1579/1579/1579 1603/1603/1603 1604/1604/1604
f 1579/1579/1579 1604/1604/1604 1605/1605/1605
f 1579/1579/1579 1605/1605/1605 1598/1598/1598
f 1579/1579/1579 1598/1598/1598 1597/1597/1597
f 1579/1579/1579 1597/1597/1597 1594/1594/1594
f 1579/1579/1579 1594/1594/1594 1593/1593/1593
f 1579/1579/1579 1593/1593/1593 1606/1606/1606
f 1579/1579/1579 1606/1606/1606 1607/1607/1607
f 1579/1579/1579 1607/1607/1607 1608/1608/1608
f 1579/1579/1579 1608/1608/1608 1593/1593/1593
f 1579/1579/1579 1593/1593/1593 1592/1592/1592
f 1579/1579/1579 1592/1592/1592 1609/1609/1609
f 1579/1579/1579 1609/1609/1609 1610/1610/1610
f 1579/1579/1579 1610/1610/1610 1611/1611/1611
f 1579/1579/1579 1611/1611/1611 1612/1612/1612
f 1579/1579/1579 1612/1612/1612 1609/1609/1609
f 1579/1579/1579 1609/1609/1609 1592/1592/1592
f 1579/1579/1579 1592/1592/1592 1613/1613/1613
f 1579/1579/1579 1613/1613/1613 1614/1614/1614
f 1579/1579/1579 1614/1614/1614 1615/1615/1615
f 1579/1579/1579 1615/1615/1615 1616/1616/1616
f 1579/1579/1579 1616/1616/1616 1617/1617/1617
f 1579/1579/1579 1617/1617/1617 1618/1618/1618
f 1579/1579/1579 1618/1618/1618 1619/1619/1619
f 1579/1579/1579 1619/1619/1619 1620/1620/1620
f 1579/1579/1579 1620/1620/1620 1617/1617/1617
f 1579/1579/1579 1617/1617/1617 1616/1616/1616
f 1579/1579/1579 1616/1616/1616 1621/1621/1621
f 1579/1579/1579 1621/1621/1621 1622/1622/1622
f 1579/1579/1579 1622/1622/1622 1623/1623/1623
f 1579/1579/1579 1623/1623/1623 1624/1624/1624
f 1579/1579/1579 1624/1624/1624 1625/1625/1625
f 1579/1579/1579 1625/1625/1625 1622/1622/1622
f 1579/1579/1579 1622/1622/1622 1621/1621/1621
f 1579/1579/1579 1621/1621/1621 1626/1626/1626
f 1579/1579/1579 1626/1626/1626 1627/1627/1627
f 1579/1579/1579 1627/1627/1627 1616/1616/1616
f 1579/1579/1579 1616/1616/1616 1615/1615/1615
f 1579/1579/1579 1615/1615/1615 1628/1628/1628
f 1579/1579/1579 1628/1628/1628 1613/1613/1613
f 1579/1579/1579 1613/1613/1613 1592/1592/1592
f 1579/1579/1579 1592/1592/1592 1575/1575/1575
f 1579/1579/1579 1575/1575/1575 1574/1574/1574
f 1579/1579/1579 1574/1574/1574 1629/1629/1629
f 1579/1579/1579 1629/1629/1629 1630/1630/1630
f 1579/1579/1579 1630/1630/1630 1573/1573/1573
f 1579/1579/1579 1573/1573/1573 1631/1631/1631
f 1579/1579/1579 1631/1631/1631 1632/1632/1632
f 1579/1579/1579 1632/1632/1632 1633/1633/1633
f 1579/1579/1579 1633/1633/1633 1634/1634/1634
f 1579/1579/1579 1634/1634/1634 1635/1635/1635
f 1579/1579/1579 1635/1635/1635 1636/1636/1636
f 1579/1579/1579 1636/1636/1636 1637/1637/1637
f 1579/1579/1579 1637/1637/1637 1638/1638/1638
f 1579/1579/1579 1638/1638/1638 1639/1639/1639
f 1579/1579/1579 1639/1639/1639 1640/1640/1640
f 1579/1579/1579 1640/1640/1640 1637/1637/1637
f 1579/1579/1579 1637/1637/1637 1636/1636/1636
f 1579/1579/1579 1636/1636/1636 1633/1633/1633
f 1579/1579/1579 1633/1633/1633 1632/1632/1632
f 1579/1579/1579 1632/1632/1632 1641/1641/1641
f 1642/1642/1642 1643/1643/1643 1644/1644/1644
f 1642/1642/1642 1644/1644/1644 1645/1645/1645
f 1646/1646/1646 1647/1647/1647 1648/1648/1648
f 1646/1646/1646 1648/1648/1648 1649/1649/1649
f 1650/1650/1650 1651/1651/1651 1652/1652/1652
f 1650/1650/1650 1652/1652/1652 1653/1653/1653
f 1654/1654/1654 1655/1655/1655 1656/1656/1656
f 1654/1654/1654 1656/1656/1656 1657/1657/1657
f 1658/1658/1658 1659/1659/1659 1660/1660/1660
f 1658/1658/1658 1660/1660/1660 1661/1661/1661
f 1662/1662/1662 1663/1663/1663 1664/1664/1664
f 1662/1662/1662 1664/1664/1664 1665/1665/1665
f 1666/1666/1666 1667/1667/1667 1668/1668/1668
f 1666/1666/1666 1668/1668/1668 1669/1669/1669
f 1670/1670/1670 1671/1671/1671 1672/1672/1672
f 1670/1670/1670 1672/1672/1672 1673/1673/1673
f 1674/1674/1674 1675/1675/1675 1676/1676/1676
f 1674/1674/1674 1676/1676/1676 1677/1677/1677
f 1678/1678/1678 1679/1679/1679 1680/1680/1680
f 1678/1678/1678 1680/1680/1680 1681/1681/1681
f 1682/1682/1682 1683/1683/1683 1684/1684/1684
f 1682/1682/1682 1684/1684/1684 1685/1685/1685
f 1686/1686/1686 1687/1687/1687 1688/1688/1688
f 1686/1686/1686 1688/1688/1688 1689/1689/1689
f 1690/1690/1690 1691/1691/1691 1692/1692/1692
f 1690/1690/1690 1692/1692/1692 1693/1693/1693
f 1694/1694/1694 1695/1695/1695 1696/1696/1696
f 1694/1694/1694 1696/1696/1696 1697/1697/1697
f 1698/1698/1698 1699/1699/1699 1700/1700/1700
f 1698/1698/1698 1700/1700/1700 1701/1701/1701
f 1702/1702/1702 1703/1703/1703 1704/1704/1704
f 1702/1702/1702 1704/1704/1704 1705/1705/1705
f 1706/1706/1706 1707/1707/1707 1708/1708/1708
f 1706/1706/1706 1708/1708/1708 1709/1709/1709
f 1710/1710/1710 1711/1711/1711 1712/1712/1712
f 1710/1710/1710 1712/1712/1712 1713/1713/1713
f 1714/1714/1714 1715/1715/1715 1716/1716/1716
f 1714/1714/1714 1716/1716/1716 1717/1717/1717
f 1718/1718/1718 1719/1719/1719 1720/1720/1720
f 1718/1718/1718 1720/1720/1720 1721/1721/1721
f 1722/1722/1722 1723/1723/1723 1724/1724/1724
f 1722/1722/1722 1724/1724/1724 1725/1725/1725
f 1726/1726/1726 1727/1727/1727 1728/1728/1728
f 1726/1726/1726 1728/1728/1728 1729/1729/1729
f 1730/1730/1730 1731/1731/1731 1732/1732/1732
f 1733/1733/1733 1734/1734/1734 1730/1730/1730
f 1735/1735/1735 1736/1736/1736 1737/1737/1737
f 1735/1735/1735 1737/1737/1737 1738/1738/1738
f 1739/1739/1739 1740/1740/1740 1741/1741/1741
f 1739/1739/1739 1741/1741/1741 1742/1742/1742
f 1743/1743/1743 1744/1744/1744 1745/1745/1745
f 1743/1743/1743 1745/1745/1745 1746/1746/1746
f 1747/1747/1747 1748/1748/1748 1749/1749/1749
f 1747/1747/1747 1749/1749/1749 1750/1750/1750
f 1747/1747/1747 1750/1750/1750 1751/1751/1751
f 1747/1747/1747 1751/1751/1751 1743/1743/1743
f 1747/1747/1747 1743/1743/1743 1746/1746/1746
f 1747/1747/1747 1746/1746/1746 1752/1752/1752
f 1747/1747/1747 1752/1752/1752 1753/1753/1753
f 1747/1747/1747 1753/1753/1753 1754/1754/1754
f 1747/1747/1747 1754/1754/1754 1755/1755/1755
f 1747/1747/1747 1755/1755/1755 1756/1756/1756
f 1747/1747/1747 1756/1756/1756 1757/1757/1757
f 1747/1747/1747 1757/1757/1757 1758/1758/1758
f 1747/1747/1747 1758/1758/1758 1759/1759/1759
f 1747/1747/1747 1759/1759/1759 1745/1745/1745
f 1747/1747/1747 1745/1745/1745 1744/1744/1744
f 1747/1747/1747 1744/1744/1744 1760/1760/1760
f 1747/1747/1747 1760/1760/1760 1761/1761/1761
f 1747/1747/1747 1761/1761/1761 1762/1762/1762
f 1747/1747/1747 1762/1762/1762 1763/1763/1763
f 1764/1764/1764 1765/1765/1765 1766/1766/1766
f 1764/1764/1764 1766/1766/1766 1767/1767/1767
f 1764/1764/1764 1767/1767/1767 1768/1768/1768
f 1764/1764/1764 1768/1768/1768 1769/1769/1769
f 1764/1764/1764 1769/1769/1769 1770/1770/1770
f 1764/1764/1764 1770/1770/1770 1771/1771/1771
f 1764/1764/1764 1771/1771/1771 1772/1772/1772
f 1764/1764/1764 1772/1772/1772 1773/1773/1773
f 1764/1764/1764 1773/1773/1773 1774/1774/1774
f 1764/1764/1764 1774/1774/1774 1775/1775/1775
f 1764/1764/1764 1775/1775/1775 1776/1776/1776
f 1764/1764/1764 1776/1776/1776 1777/1777/1777
f 1764/1764/1764 1777/1777/1777 1778/1778/1778
f 1764/1764/1764 1778/1778/1778 1775/1775/1775
f 1764/1764/1764 1775/1775/1775 1774/1774/1774
f 1764/1764/1764 1774/1774/1774 1779/1779/1779
f 1764/1764/1764 1779/1779/1779 1772/1772/1772
f 1764/1764/1764 1772/1772/1772 1771/1771/1771
f 1780/1780/1780 1781/1781/1781 1782/1782/1782
f 1780/1780/1780 1782/1782/1782 1783/1783/1783
f 1783/1783/1783 1782/1782/1782 1784/1784/1784
f 1783/1783/1783 1784/1784/1784 1785/1785/1785
f 1785/1785/1785 1784/1784/1784 1786/1786/1786
f 1785/1785/1785 1786/1786/1786 1787/1787/1787
f 1787/1787/1787 1786/1786/1786 1788/1788/1788
f 1787/1787/1787 1788/1788/1788 1789/1789/1789
f 1789/1789/1789 1788/1788/1788 1790/1790/1790
f 1789/1789/1789 1790/1790/1790 1791/1791/1791
f 1791/1791/1791 1790/1790/1790 1792/1792/1792
f 1791/1791/1791 1792/1792/1792 1793/1793/1793
f 1793/1793/1793 1792/1792/1792 1794/1794/1794
f 1793/1793/1793 1794/1794/1794 1795/1795/1795
f 1795/1795/1795 1794/1794/1794 1796/1796/1796
f 1795/1795/1795 1796/1796/1796 1797/1797/1797
f 1797/1797/1797 1796/1796/1796 1798/1798/1798
f 1797/1797/1797 1798/1798/1798 1799/1799/1799
f 1799/1799/1799 1798/1798/1798 1800/1800/1800
f 1799/1799/1799 1800/1800/1800 1801/1801/1801
f 1801/1801/1801 1800/1800/1800 1802/1802/1802
f 1801/1801/1801 1802/1802/1802 1803/1803/1803
f 1803/1803/1803 1802/1802/1802 1781/1781/1781
f 1803/1803/1803 1781/1781/1781 1780/1780/1780
f 1804/1804/1804 1805/1805/1805 1806/1806/1806
f 1804/1804/1804 1806/1806/1806 1807/1807/1807
f 1804/1804/1804 1807/1807/1807 1808/1808/1808
f 1804/1804/1804 1808/1808/1808 1809/1809/1809
f 1804/1804/1804 1809/1809/1809 1810/1810/1810
f 1804/1804/1804 1810/1810/1810 1811/1811/1811
f 1804/1804/1804 1811/1811/1811 1812/1812/1812
f 1804/1804/1804 1812/1812/1812 1813/1813/1813
f 1804/1804/1804 1813/1813/1813 1814/1814/1814
f 1804/1804/1804 1814/1814/1814 1815/1815/1815
f 1816/1816/1816 1817/1817/1817 1818/1818/1818
f 1816/1816/1816 1818/1818/1818 1819/1819/1819
f 1819/1819/1819 1818/1818/1818 1820/1820/1820
f 1819/1819/1819 1820/1820/1820 1821/1821/1821
f 1821/1821/1821 1820/1820/1820 1822/1822/1822
f 1821/1821/1821 1822/1822/1822 1823/1823/1823
f 1823/1823/1823 1822/1822/1822 1824/1824/1824
f 1823/1823/1823 1824/1824/1824 1825/1825/1825
f 1825/1825/1825 1824/1824/1824 1826/1826/1826
f 1825/1825/1825 1826/1826/1826 1827/1827/1827
f 1827/1827/1827 1826/1826/1826 1828/1828/1828
f 1827/1827/1827 1828/1828/1828 1829/1829/1829
f 1829/1829/1829 1828/1828/1828 1830/1830/1830
f 1829/1829/1829 1830/1830/1830 1831/1831/1831
f 1831/1831/1831 1830/1830/1830 1832/1832/1832
f 1831/1831/1831 1832/1832/1832 1833/1833/1833
f 1833/1833/1833 1832/1832/1832 1834/1834/1834
f 1833/1833/1833 1834/1834/1834 1835/1835/1835
f 1835/1835/1835 1834/1834/1834 1836/1836/1836
f 1835/1835/1835 1836/1836/1836 1837/1837/1837
f 1837/1837/1837 1836/1836/1836 1838/1838/1838
f 1837/1837/1837 1838/1838/1838 1839/1839/1839
f 1839/1839/1839 1838/1838/1838 1817/1817/1817
f 1839/1839/1839 1817/1817/1817 1816/1816/1816
f 1840/1840/1840 1841/1841/1841 1842/1842/1842
f 1840/1840/1840 1842/1842/1842 1843/1843/1843
f 1840/1840/1840 1843/1843/1843 1844/1844/1844
f 1840/1840/1840 1844/1844/1844 1845/1845/1845
f 1840/1840/1840 1845/1845/1845 1846/1846/1846
f 1840/1840/1840 1846/1846/1846 1847/1847/1847
f 1840/1840/1840 1847/1847/1847 1848/1848/1848
f 1840/1840/1840 1848/1848/1848 1849/1849/1849
f 1840/1840/1840 1849/1849/1849 1850/1850/1850
f 1840/1840/1840 1850/1850/1850 1851/1851/1851
f 1852/1852/1852 1853/1853/1853 1854/1854/1854
f 1852/1852/1852 1854/1854/1854 1855/1855/1855
f 1856/1856/1856 1857/1857/1857 1858/1858/1858
f 1856/1856/1856 1858/1858/1858 1859/1859/1859
f 1860/1860/1860 1861/1861/1861 1862/1862/1862
f 1860/1860/1860 1862/1862/1862 1863/1863/1863
f 1864/1864/1864 1865/1865/1865 1866/1866/1866
f 1864/1864/1864 1866/1866/1866 1867/1867/1867
f 1868/1868/1868 1869/1869/1869 1870/1870/1870
f 1868/1868/1868 1870/1870/1870 1871/1871/1871
f 1872/1872/1872 1873/1873/1873 1874/1874/1874
f 1872/1872/1872 1874/1874/1874 1875/1875/1875
f 1876/1876/1876 1877/1877/1877 1878/1878/1878
f 1876/1876/1876 1878/1878/1878 1879/1879/1879
f 1880/1880/1880 1881/1881/1881 1882/1882/1882
f 1880/1880/1880 1882/1882/1882 1883/1883/1883
f 1884/1884/1884 1885/1885/1885 1886/1886/1886
f 1884/1884/1884 1886/1886/1886 1887/1887/1887
f 1888/1888/1888 1889/1889/1889 1890/1890/1890
f 1888/1888/1888 1890/1890/1890 1891/1891/1891
f 1892/1892/1892 1893/1893/1893 1894/1894/1894
f 1892/1892/1892 1894/1894/1894 1895/1895/1895
f 1891/1891/1891 1890/1890/1890 1896/1896/1896
f 1891/1891/1891 1896/1896/1896 1897/1897/1897
f 1898/1898/1898 1899/1899/1899 1900/1900/1900
f 1898/1898/1898 1900/1900/1900 1901/1901/1901
f 1902/1902/1902 1903/1903/1903 1904/1904/1904
f 1902/1902/1902 1904/1904/1904 1905/1905/1905
f 1906/1906/1906 1907/1907/1907 1908/1908/1908
f 1906/1906/1906 1908/1908/1908 1909/1909/1909
f 1910/1910/1910 1911/1911/1911 1912/1912/1912
f 1910/1910/1910 1912/1912/1912 1913/1913/1913
f 1914/1914/1914 1915/1915/1915 1916/1916/1916
f 1914/1914/1914 1916/1916/1916 1917/1917/1917
f 1918/1918/1918 1919/1919/1919 1920/1920/1920
f 1918/1918/1918 1920/1920/1920 1921/1921/1921
f 1922/1922/1922 1923/1923/1923 1924/1924/1924
f 1922/1922/1922 1924/1924/1924 1925/1925/1925
f 1926/1926/1926 1927/1927/1927 1928/1928/1928
f 1928/1928/1928 1927/1927/1927 1929/1929/1929
f 1930/1930/1930 1931/1931/1931 1927/1927/1927
f 1930/1930/1930 1927/1927/1927 1932/1932/1932
f 1932/1932/1932 1927/1927/1927 1926/1926/1926
f 1933/1933/1933 1934/1934/1934 1935/1935/1935
f 1934/1934/1934 1936/1936/1936 1935/1935/1935
f 1937/1937/1937 1938/1938/1938 1935/1935/1935
f 1937/1937/1937 1935/1935/1935 1939/1939/1939
f 1938/1938/1938 1933/1933/1933 1935/1935/1935
f 1940/1940/1940 1941/1941/1941 1942/1942/1942
f 1940/1940/1940 1942/1942/1942 1943/1943/1943
f 1944/1944/1944 1945/1945/1945 1946/1946/1946
f 1944/1944/1944 1946/1946/1946 1947/1947/1947
f 1948/1948/1948 1949/1949/1949 1950/1950/1950
f 1948/1948/1948 1950/1950/1950 1951/1951/1951
f 1952/1952/1952 1953/1953/1953 1954/1954/1954
f 1952/1952/1952 1954/1954/1954 1955/1955/1955
f 1943/1943/1943 1942/1942/1942 1956/1956/1956
f 1943/1943/1943 1956/1956/1956 1957/1957/1957
f 1958/1958/1958 1959/1959/1959 1960/1960/1960
f 1958/1958/1958 1960/1960/1960 1961/1961/1961
f 1951/1951/1951 1950/1950/1950 1962/1962/1962
f 1951/1951/1951 1962/1962/1962 1963/1963/1963
f 1964/1964/1964 1965/1965/1965 1966/1966/1966
f 1964/1964/1964 1966/1966/1966 1967/1967/1967
f 1968/1968/1968 1969/1969/1969 1970/1970/1970
f 1971/1971/1971 1972/1972/1972 1973/1973/1973
f 1974/1974/1974 1975/1975/1975 1976/1976/1976
f 1974/1974/1974 1976/1976/1976 1977/1977/1977
f 1978/1978/1978 1971/1971/1971 1979/1979/1979
f 1969/1969/1969 1980/1980/1980 1981/1981/1981
f 1977/1977/1977 1976/1976/1976 1982/1982/1982
f 1977/1977/1977 1982/1982/1982 1983/1983/1983
f 1970/1970/1970 1969/1969/1969 1984/1984/1984
f 1969/1969/1969 1968/1968/1968 1985/1985/1985
f 1969/1969/1969 1985/1985/1985 1986/1986/1986
f 1972/1972/1972 1971/1971/1971 1987/1987/1987
f 1988/1988/1988 1971/1971/1971 1978/1978/1978
f 1971/1971/1971 1988/1988/1988 1987/1987/1987
f 1989/1989/1989 1990/1990/1990 1991/1991/1991
f 1989/1989/1989 1991/1991/1991 1992/1992/1992
f 1980/1980/1980 1969/1969/1969 1986/1986/1986
f 1979/1979/1979 1971/1971/1971 1993/1993/1993
f 1994/1994/1994 1995/1995/1995 1996/1996/1996
f 1994/1994/1994 1996/1996/1996 1997/1997/1997
f 1998/1998/1998 1999/1999/1999 2000/2000/2000
f 1998/1998/1998 2000/2000/2000 2001/2001/2001
f 2002/2002/2002 2003/2003/2003 2004/2004/2004
f 2002/2002/2002 2004/2004/2004 2005/2005/2005
f 2006/2006/2006 2007/2007/2007 2008/2008/2008
f 2006/2006/2006 2008/2008/2008 2009/2009/2009
f 2010/2010/2010 2011/2011/2011 2012/2012/2012
f 2010/2010/2010 2012/2012/2012 2013/2013/2013
f 2014/2014/2014 2015/2015/2015 2016/2016/2016
f 2014/2014/2014 2016/2016/2016 2017/2017/2017
f 2011/2011/2011 2018/2018/2018 2019/2019/2019
f 2011/2011/2011 2019/2019/2019 2012/2012/2012
f 2017/2017/2017 2020/2020/2020 2021/2021/2021
f 2017/2017/2017 2021/2021/2021 2014/2014/2014
f 2022/2022/2022 2023/2023/2023 2024/2024/2024
f 2022/2022/2022 2024/2024/2024 2025/2025/2025
f 2018/2018/2018 2024/2024/2024 2023/2023/2023
f 2018/2018/2018 2023/2023/2023 2019/2019/2019
f 2020/2020/2020 2022/2022/2022 2025/2025/2025
f 2020/2020/2020 2025/2025/2025 2021/2021/2021
f 2001/2001/2001 1996/1996/1996 1995/1995/1995
f 2001/2001/2001 1995/1995/1995 1998/1998/1998
f 2009/2009/2009 2004/2004/2004 2003/2003/2003
f 2009/2009/2009 2003/2003/2003 2006/2006/2006
f 2026/2026/2026 2027/2027/2027 2028/2028/2028
f 1982/1982/1982 2029/2029/2029 2030/2030/2030
f 1982/1982/1982 2030/2030/2030 1983/1983/1983
f 2031/2031/2031 2032/2032/2032 2033/2033/2033
f 2031/2031/2031 2033/2033/2033 2034/2034/2034
f 2031/2031/2031 2034/2034/2034 2035/2035/2035
f 2031/2031/2031 2035/2035/2035 2036/2036/2036
f 2037/2037/2037 2038/2038/2038 2039/2039/2039
f 2037/2037/2037 2039/2039/2039 2040/2040/2040
f 2041/2041/2041 2037/2037/2037 2040/2040/2040
f 2041/2041/2041 2040/2040/2040 2042/2042/2042
f 2028/2028/2028 2043/2043/2043 2044/2044/2044
f 2028/2028/2028 2044/2044/2044 2026/2026/2026
f 2045/2045/2045 2046/2046/2046 1990/1990/1990
f 2045/2045/2045 1990/1990/1990 1989/1989/1989
f 1992/1992/1992 1991/1991/1991 2047/2047/2047
f 1992/1992/1992 2047/2047/2047 2048/2048/2048
f 2049/2049/2049 2050/2050/2050 2051/2051/2051
f 2049/2049/2049 2051/2051/2051 2052/2052/2052
f 2052/2052/2052 2051/2051/2051 2041/2041/2041
f 2052/2052/2052 2041/2041/2041 2042/2042/2042
f 2039/2039/2039 2038/2038/2038 2036/2036/2036
f 2039/2039/2039 2036/2036/2036 2035/2035/2035
f 2053/2053/2053 2054/2054/2054 2055/2055/2055
f 2053/2053/2053 2055/2055/2055 2056/2056/2056
f 2057/2057/2057 2058/2058/2058 2059/2059/2059
f 2057/2057/2057 2059/2059/2059 2060/2060/2060
f 2061/2061/2061 2062/2062/2062 2063/2063/2063
f 2061/2061/2061 2063/2063/2063 2064/2064/2064
f 2065/2065/2065 2066/2066/2066 2067/2067/2067
f 2065/2065/2065 2067/2067/2067 2068/2068/2068
f 2069/2069/2069 2070/2070/2070 2071/2071/2071
f 2069/2069/2069 2071/2071/2071 2072/2072/2072
f 2058/2058/2058 2057/2057/2057 2056/2056/2056
f 2058/2058/2058 2056/2056/2056 2055/2055/2055
f 2073/2073/2073 2074/2074/2074 2075/2075/2075
f 2073/2073/2073 2075/2075/2075 2076/2076/2076
f 2077/2077/2077 2078/2078/2078 2079/2079/2079
f 2077/2077/2077 2079/2079/2079 2080/2080/2080
f 2080/2080/2080 2079/2079/2079 2081/2081/2081
f 2080/2080/2080 2081/2081/2081 2082/2082/2082
f 2082/2082/2082 2081/2081/2081 2083/2083/2083
f 2082/2082/2082 2083/2083/2083 2084/2084/2084
f 2085/2085/2085 2086/2086/2086 2087/2087/2087
f 2085/2085/2085 2087/2087/2087 2088/2088/2088
f 2088/2088/2088 2087/2087/2087 2089/2089/2089
f 2088/2088/2088 2089/2089/2089 2090/2090/2090
f 2090/2090/2090 2089/2089/2089 2091/2091/2091
f 2090/2090/2090 2091/2091/2091 2092/2092/2092
f 2027/2027/2027 2093/2093/2093 2028/2028/2028
f 2094/2094/2094 2078/2078/2078 2077/2077/2077
f 2094/2094/2094 2077/2077/2077 2095/2095/2095
f 2096/2096/2096 2097/2097/2097 2098/2098/2098
f 2097/2097/2097 2099/2099/2099 2100/2100/2100
f 2097/2097/2097 2100/2100/2100 2098/2098/2098
f 2101/2101/2101 2102/2102/2102 2103/2103/2103
f 2101/2101/2101 2103/2103/2103 2104/2104/2104
f 2104/2104/2104 2103/2103/2103 2105/2105/2105
f 2104/2104/2104 2105/2105/2105 2106/2106/2106
f 2106/2106/2106 2105/2105/2105 2107/2107/2107
f 2106/2106/2106 2107/2107/2107 2108/2108/2108
f 2108/2108/2108 2107/2107/2107 2109/2109/2109
f 2108/2108/2108 2109/2109/2109 2110/2110/2110
f 2110/2110/2110 2109/2109/2109 2111/2111/2111
f 2110/2110/2110 2111/2111/2111 2112/2112/2112
f 2112/2112/2112 2111/2111/2111 2113/2113/2113
f 2112/2112/2112 2113/2113/2113 2114/2114/2114
f 2114/2114/2114 2113/2113/2113 2115/2115/2115
f 2114/2114/2114 2115/2115/2115 2116/2116/2116
f 2116/2116/2116 2115/2115/2115 2117/2117/2117
f 2116/2116/2116 2117/2117/2117 2118/2118/2118
f 2118/2118/2118 2117/2117/2117 2119/2119/2119
f 2118/2118/2118 2119/2119/2119 2120/2120/2120
f 2120/2120/2120 2119/2119/2119 2121/2121/2121
f 2120/2120/2120 2121/2121/2121 2122/2122/2122
f 2122/2122/2122 2121/2121/2121 2123/2123/2123
f 2122/2122/2122 2123/2123/2123 2124/2124/2124
f 2124/2124/2124 2123/2123/2123 2125/2125/2125
f 2124/2124/2124 2125/2125/2125 2126/2126/2126
f 2126/2126/2126 2125/2125/2125 2127/2127/2127
f 2126/2126/2126 2127/2127/2127 2128/2128/2128
f 2129/2129/2129 2130/2130/2130 2131/2131/2131
f 2129/2129/2129 2131/2131/2131 2132/2132/2132
f 2129/2129/2129 2132/2132/2132 2133/2133/2133
f 2134/2134/2134 2135/2135/2135 2136/2136/2136
f 2134/2134/2134 2136/2136/2136 2137/2137/2137
f 2138/2138/2138 2139/2139/2139 2140/2140/2140
f 2138/2138/2138 2140/2140/2140 2141/2141/2141
f 2142/2142/2142 2143/2143/2143 2144/2144/2144
f 2142/2142/2142 2144/2144/2144 2145/2145/2145
f 2146/2146/2146 2143/2143/2143 2142/2142/2142
f 2147/2147/2147 2148/2148/2148 2149/2149/2149
f 2147/2147/2147 2149/2149/2149 2150/2150/2150
f 2147/2147/2147 2150/2150/2150 1576/1576/1576
f 2147/2147/2147 1576/1576/1576 1578/1578/1578
f 2147/2147/2147 1578/1578/1578 2151/2151/2151
f 2152/2152/2152 2147/2147/2147 2153/2153/2153
f 2152/2152/2152 2153/2153/2153 2154/2154/2154
f 2155/2155/2155 2152/2152/2152 2156/2156/2156
f 2155/2155/2155 2156/2156/2156 2157/2157/2157
f 2152/2152/2152 2155/2155/2155 2148/2148/2148
f 2152/2152/2152 2148/2148/2148 2147/2147/2147
f 2158/2158/2158 2153/2153/2153 2159/2159/2159
f 2158/2158/2158 2159/2159/2159 2160/2160/2160
f 2161/2161/2161 2158/2158/2158 2162/2162/2162
f 2161/2161/2161 2162/2162/2162 2163/2163/2163
f 2154/2154/2154 2161/2161/2161 2164/2164/2164
f 2154/2154/2154 2164/2164/2164 2165/2165/2165
f 2161/2161/2161 2154/2154/2154 2153/2153/2153
f 2161/2161/2161 2153/2153/2153 2158/2158/2158
f 2166/2166/2166 2162/2162/2162 2167/2167/2167
f 2163/2163/2163 2166/2166/2166 2168/2168/2168
f 2166/2166/2166 2163/2163/2163 2162/2162/2162
f 2169/2169/2169 2170/2170/2170 1577/1577/1577
f 2168/2168/2168 2171/2171/2171 2163/2163/2163
f 2172/2172/2172 2160/2160/2160 2159/2159/2159
f 2160/2160/2160 2172/2172/2172 2159/2159/2159
f 2160/2160/2160 2159/2159/2159 2151/2151/2151
f 2160/2160/2160 2151/2151/2151 1578/1578/1578
f 2160/2160/2160 1578/1578/1578 2166/2166/2166
f 2160/2160/2160 2166/2166/2166 2167/2167/2167
f 1577/1577/1577 2170/2170/2170 1578/1578/1578
f 2170/2170/2170 2169/2169/2169 2157/2157/2157
f 2170/2170/2170 2157/2157/2157 2156/2156/2156
f 2170/2170/2170 2156/2156/2156 2165/2165/2165
f 2170/2170/2170 2165/2165/2165 2164/2164/2164
f 2170/2170/2170 2164/2164/2164 2171/2171/2171
f 2170/2170/2170 2171/2171/2171 2168/2168/2168
f 1577/1577/1577 1576/1576/1576 2148/2148/2148
f 1577/1577/1577 2148/2148/2148 2155/2155/2155
f 2173/2173/2173 2174/2174/2174 2175/2175/2175
f 2173/2173/2173 2175/2175/2175 2176/2176/2176
f 2173/2173/2173 2176/2176/2176 2177/2177/2177
f 1732/1732/1732 1731/1731/1731 2178/2178/2178
f 1730/1730/1730 1734/1734/1734 1731/1731/1731
f 2173/2173/2173 2177/2177/2177 1730/1730/1730
f 2173/2173/2173 1730/1730/1730 1732/1732/1732
f 1142/1142/1142 1144/1144/1144 2179/2179/2179
f 1142/1142/1142 2179/2179/2179 2180/2180/2180
f 1142/1142/1142 2180/2180/2180 2181/2181/2181
f 1140/1140/1140 1139/1139/1139 2182/2182/2182
f 1140/1140/1140 2182/2182/2182 2183/2183/2183
f 1140/1140/1140 2183/2183/2183 2184/2184/2184
f 2175/2175/2175 2174/2174/2174 2185/2185/2185
f 2186/2186/2186 2173/2173/2173 2187/2187/2187
f 2186/2186/2186 2187/2187/2187 2188/2188/2188
f 2173/2173/2173 2186/2186/2186 2174/2174/2174
f 2186/2186/2186 2188/2188/2188 2178/2178/2178
f 2186/2186/2186 2178/2178/2178 1731/1731/1731
f 1573/1573/1573 1575/1575/1575 1631/1631/1631
f 2189/2189/2189 2190/2190/2190 2191/2191/2191
f 2189/2189/2189 2191/2191/2191 2192/2192/2192
f 2193/2193/2193 2194/2194/2194 2143/2143/2143
f 2193/2193/2193 2143/2143/2143 2146/2146/2146
o g1
v -0.453188 -0.493461 0.884844
v -0.527091 -0.493461 0.884844
v -0.527091 -0.538757 0.864959
v -0.453188 -0.538757 0.864959
vt 1.000000 1.000000
vt -0.000000 1.000000
vt -0.000000 0.000004
vt 1.000000 0.000000
vn 0.000000 -0.401963 0.915656
vn -0.000001 -0.401962 0.915657
vn 0.000000 -0.401963 0.915656
vn 0.000002 -0.401965 0.915655
usemtl m1
f 2195/2195/2195 2196/2196/2196 2197/2197/2197
f 2195/2195/2195 2197/2197/2197 2198/2198/2198
o g2
v -0.438223 -0.538757 0.864959
v -0.393861 -0.538757 0.864959
v -0.393861 -0.493461 0.884844
v -0.438223 -0.493461 0.884844
vt 0.000001 0.000002
vt 1.000000 0.000001
vt 1.000000 1.000001
vt 0.000001 1.000001
vn -0.000001 -0.401964 0.915655
vn -0.000001 -0.401964 0.915656
vn -0.000001 -0.401964 0.915655
vn 0.000000 -0.401965 0.915655
usemtl m2
f 2199/2199/2199 2200/2200/2200 2201/2201/2201
f 2199/2199/2199 2201/2201/2201 2202/2202/2202
o g3
v -0.527091 -0.469379 0.895415
v -0.453188 -0.469379 0.895415
v -0.453188 -0.424083 0.915300
v -0.527091 -0.424083 0.915300
vt 0.000000 0.000000
vt 1.000000 0.000000
vt 1.000000 0.999999
vt 0.000000 0.999999
vn 0.000000 -0.401963 0.915656
vn 0.000000 -0.401963 0.915656
vn 0.000000 -0.401963 0.915656
vn 0.000000 -0.401963 0.915656
usemtl m3
f 2203/2203/2203 2204/2204/2204 2205/2205/2205
f 2203/2203/2203 2205/2205/2205 2206/2206/2206
o g4
v -0.393861 -0.424083 0.915300
v -0.438223 -0.424083 0.915300
v -0.438223 -0.469379 0.895415
v -0.393861 -0.469379 0.895415
vt 1.000000 0.999999
vt 0.000001 0.999999
vt 0.000001 0.000000
vt 1.000000 0.000000
vn 0.000000 -0.401963 0.915656
vn 0.000000 -0.401963 0.915656
vn 0.000000 -0.401963 0.915656
vn 0.000000 -0.401963 0.915656
usemtl m4
f 2207/2207/2207 2208/2208/2208 2209/2209/2209
f 2207/2207/2207 2209/2209/2209 2210/2210/2210
o g5
v -0.453188 -0.354705 0.945756
v -0.527091 -0.354705 0.945756
v -0.527091 -0.400001 0.925871
v -0.453188 -0.400001 0.925871
vt 1.000000 1.000000
vt -0.000000 1.000000
vt -0.000000 0.000000
vt 1.000000 0.000000
vn 0.000000 -0.401965 0.915655
vn 0.000000 -0.401965 0.915655
vn 0.000000 -0.401965 0.915655
vn 0.000000 -0.401965 0.915655
usemtl m5
f 2211/2211/2211 2212/2212/2212 2213/2213/2213
f 2211/2211/2211 2213/2213/2213 2214/2214/2214
o g6
v -0.438223 -0.400001 0.925871
v -0.393861 -0.400001 0.925871
v -0.393861 -0.354705 0.945756
v -0.438223 -0.354705 0.945756
vt 0.000001 0.000000
vt 1.000000 0.000000
vt 1.000000 1.000000
vt 0.000001 1.000000
vn 0.000000 -0.401965 0.915655
vn 0.000000 -0.401965 0.915655
vn 0.000000 -0.401965 0.915655
vn 0.000000 -0.401965 0.915655
usemtl m6
f 2215/2215/2215 2216/2216/2216 2217/2217/2217
f 2215/2215/2215 2217/2217/2217 2218/2218/2218
o g7
v -0.453188 -0.285327 0.976212
v -0.527091 -0.285327 0.976212
v -0.527091 -0.330624 0.956328
v -0.453188 -0.330624 0.956328
vt 1.000000 1.000000
vt -0.000001 1.000000
vt -0.000000 0.000000
vt 1.000000 0.000000
vn 0.000000 -0.401962 0.915656
vn 0.000000 -0.401962 0.915656
vn 0.000000 -0.401962 0.915656
vn 0.000000 -0.401962 0.915656
usemtl m7
f 2219/2219/2219 2220/2220/2220 2221/2221/2221
f 2219/2219/2219 2221/2221/2221 2222/2222/2222
o g8
v -0.393861 -0.330624 0.956328
v -0.393861 -0.285327 0.976212
v -0.438223 -0.285327 0.976212
v -0.438223 -0.330624 0.956328
vt 1.000000 0.000000
vt 1.000000 1.000000
vt 0.000001 1.000000
vt 0.000001 0.000000
vn 0.000000 -0.401962 0.915656
vn 0.000000 -0.401962 0.915656
vn 0.000000 -0.401962 0.915656
vn 0.000000 -0.401962 0.915656
usemtl m8
f 2223/2223/2223 2224/2224/2224 2225/2225/2225
f 2223/2223/2223 2225/2225/2225 2226/2226/2226
o g9
v -0.438223 -0.215949 1.006668
v -0.438223 -0.261246 0.986784
v -0.393861 -0.261246 0.986784
v -0.393861 -0.215949 1.006668
vt 0.000001 1.000000
vt 0.000001 0.000000
vt 1.000000 0.000000
vt 1.000000 1.000000
vn 0.000000 -0.401961 0.915657
vn 0.000000 -0.401961 0.915657
vn 0.000000 -0.401961 0.915657
vn 0.000000 -0.401961 0.915657
usemtl m9
f 2227/2227/2227 2228/2228/2228 2229/2229/2229
f 2227/2227/2227 2229/2229/2229 2230/2230/2230
o g10
v -0.527091 -0.261246 0.986784
v -0.453188 -0.261246 0.986784
v -0.453188 -0.215949 1.006668
v -0.527091 -0.215949 1.006668
vt 0.000000 0.000000
vt 1.000000 0.000000
vt 1.000000 1.000000
vt 0.000000 1.000000
vn 0.000000 -0.401961 0.915657
vn 0.000000 -0.401961 0.915657
vn 0.000000 -0.401961 0.915657
vn 0.000000 -0.401961 0.915657
usemtl m10
f 2231/2231/2231 2232/2232/2232 2233/2233/2233
f 2231/2231/2231 2233/2233/2233 2234/2234/2234
o g11
v -0.233597 -0.191082 1.017585
v -0.285230 -0.191082 1.017585
v -0.285230 -0.236378 0.997700
v -0.233597 -0.236378 0.997700
vt 1.000000 1.000000
vt 0.000000 1.000000
vt 0.000000 0.000000
vt 1.000000 0.000000
vn 0.000000 -0.401966 0.915654
vn 0.000000 -0.401966 0.915654
vn 0.000000 -0.401966 0.915654
vn 0.000000 -0.401966 0.915654
usemtl m11
f 2235/2235/2235 2236/2236/2236 2237/2237/2237
f 2235/2235/2235 2237/2237/2237 2238/2238/2238
o g12
v -0.209601 -0.236378 0.997700
v -0.157968 -0.236378 0.997700
v -0.157968 -0.191082 1.017585
v -0.209601 -0.191082 1.017585
vt -0.000000 0.000000
vt 1.000000 0.000000
vt 1.000000 1.000000
vt -0.000000 1.000000
vn 0.000000 -0.401966 0.915654
vn 0.000000 -0.401966 0.915654
vn 0.000000 -0.401966 0.915654
vn 0.000000 -0.401966 0.915654
usemtl m12
f 2239/2239/2239 2240/2240/2240 2241/2241/2241
f 2239/2239/2239 2241/2241/2241 2242/2242/2242
o g13
v -0.233597 -0.260459 0.987129
v -0.285230 -0.260459 0.987129
v -0.285230 -0.305755 0.967244
v -0.233597 -0.305755 0.967244
vt 1.000000 1.000000
vt 0.000000 1.000000
vt 0.000000 0.000000
vt 1.000000 0.000000
vn 0.000000 -0.401963 0.915656
vn 0.000000 -0.401963 0.915656
vn 0.000000 -0.401963 0.915656
vn 0.000000 -0.401963 0.915656
usemtl m13
f 2243/2243/2243 2244/2244/2244 2245/2245/2245
f 2243/2243/2243 2245/2245/2245 2246/2246/2246
o g14
v -0.209601 -0.305755 0.967244
v -0.157968 -0.305755 0.967244
v -0.157968 -0.260459 0.987129
v -0.209601 -0.260459 0.987129
vt -0.000000 0.000000
vt 1.000000 0.000000
vt 1.000000 1.000000
vt -0.000000 1.000000
vn 0.000000 -0.401963 0.915656
vn 0.000000 -0.401963 0.915656
vn 0.000000 -0.401963 0.915656
vn 0.000000 -0.401963 0.915656
usemtl m14
f 2247/2247/2247 2248/2248/2248 2249/2249/2249
f 2247/2247/2247 2249/2249/2249 2250/2250/2250
o g15
v 0.209601 -0.236378 0.997700
v 0.209601 -0.191082 1.017585
v 0.157968 -0.191082 1.017585
v 0.157968 -0.236378 0.997700
vt -0.000000 0.000000
vt -0.000000 1.000000
vt 1.000000 1.000000
vt 1.000000 0.000000
vn 0.000000 -0.401966 0.915654
vn 0.000000 -0.401966 0.915654
vn 0.000000 -0.401966 0.915654
vn 0.000000 -0.401966 0.915654
usemtl m15
f 2251/2251/2251 2252/2252/2252 2253/2253/2253
f 2251/2251/2251 2253/2253/2253 2254/2254/2254
o g16
v 0.209601 -0.305755 0.967244
v 0.209601 -0.260459 0.987129
v 0.157968 -0.260459 0.987129
v 0.157968 -0.305755 0.967244
vt -0.000000 0.000000
vt -0.000000 1.000000
vt 1.000000 1.000000
vt 1.000000 0.000000
vn 0.000000 -0.401963 0.915656
vn 0.000000 -0.401963 0.915656
vn 0.000000 -0.401963 0.915656
vn 0.000000 -0.401963 0.915656
usemtl m16
f 2255/2255/2255 2256/2256/2256 2257/2257/2257
f 2255/2255/2255 2257/2257/2257 2258/2258/2258
o g17
v 0.233597 -0.260459 0.987129
v 0.233597 -0.305755 0.967244
v 0.285230 -0.305755 0.967244
v 0.285230 -0.260459 0.987129
vt 1.000000 1.000000
vt 1.000000 0.000000
vt 0.000000 0.000000
vt 0.000000 1.000000
vn 0.000000 -0.401963 0.915656
vn 0.000000 -0.401963 0.915656
vn 0.000000 -0.401963 0.915656
vn 0.000000 -0.401963 0.915656
usemtl m17
f 2259/2259/2259 2260/2260/2260 2261/2261/2261
f 2259/2259/2259 2261/2261/2261 2262/2262/2262
o g18
v 0.233597 -0.191082 1.017585
v 0.233597 -0.236378 0.997700
v 0.285230 -0.236378 0.997700
v 0.285230 -0.191082 1.017585
vt 1.000000 1.000000
vt 1.000000 0.000000
vt 0.000000 0.000000
vt 0.000000 1.000000
vn 0.000000 -0.401966 0.915654
vn 0.000000 -0.401966 0.915654
vn 0.000000 -0.401966 0.915654
vn 0.000000 -0.401966 0.915654
usemtl m18
f 2263/2263/2263 2264/2264/2264 2265/2265/2265
f 2263/2263/2263 2265/2265/2265 2266/2266/2266
o g19
v 0.438223 -0.215949 1.006668
v 0.393861 -0.215949 1.006668
v 0.393861 -0.261246 0.986784
v 0.438223 -0.261246 0.986784
vt 0.000001 1.000000
vt 1.000000 1.000000
vt 1.000000 0.000000
vt 0.000001 0.000000
vn 0.000000 -0.401961 0.915657
vn 0.000000 -0.401961 0.915657
vn 0.000000 -0.401961 0.915657
vn 0.000000 -0.401961 0.915657
usemtl m19
f 2267/2267/2267 2268/2268/2268 2269/2269/2269
f 2267/2267/2267 2269/2269/2269 2270/2270/2270
o g20
v 0.527091 -0.261246 0.986784
v 0.527091 -0.215949 1.006668
v 0.453188 -0.215949 1.006668
v 0.453188 -0.261246 0.986784
vt 0.000000 0.000000
vt 0.000000 1.000000
vt 1.000000 1.000000
vt 1.000000 0.000000
vn 0.000000 -0.401961 0.915657
vn 0.000000 -0.401961 0.915657
vn 0.000000 -0.401961 0.915657
vn 0.000000 -0.401961 0.915657
usemtl m20
f 2271/2271/2271 2272/2272/2272 2273/2273/2273
f 2271/2271/2271 2273/2273/2273 2274/2274/2274
o g21
v 0.393861 -0.330624 0.956328
v 0.438223 -0.330624 0.956328
v 0.438223 -0.285327 0.976212
v 0.393861 -0.285327 0.976212
vt 1.000000 0.000000
vt 0.000001 0.000000
vt 0.000001 1.000000
vt 1.000000 1.000000
vn 0.000000 -0.401962 0.915656
vn 0.000000 -0.401962 0.915656
vn 0.000000 -0.401962 0.915656
vn 0.000000 -0.401962 0.915656
usemtl m21
f 2275/2275/2275 2276/2276/2276 2277/2277/2277
f 2275/2275/2275 2277/2277/2277 2278/2278/2278
o g22
v 0.453188 -0.285327 0.976212
v 0.453188 -0.330624 0.956328
v 0.527091 -0.330624 0.956328
v 0.527091 -0.285327 0.976212
vt 1.000000 1.000000
vt 1.000000 0.000000
vt -0.000000 0.000000
vt -0.000001 1.000000
vn 0.000000 -0.401962 0.915656
vn 0.000000 -0.401962 0.915656
vn 0.000000 -0.401962 0.915656
vn 0.000000 -0.401962 0.915656
usemtl m22
f 2279/2279/2279 2280/2280/2280 2281/2281/2281
f 2279/2279/2279 2281/2281/2281 2282/2282/2282
o g23
v 0.438223 -0.400001 0.925871
v 0.438223 -0.354705 0.945756
v 0.393861 -0.354705 0.945756
v 0.393861 -0.400001 0.925871
vt 0.000001 0.000000
vt 0.000001 1.000000
vt 1.000000 1.000000
vt 1.000000 0.000000
vn 0.000000 -0.401965 0.915655
vn 0.000000 -0.401965 0.915655
vn 0.000000 -0.401965 0.915655
vn 0.000000 -0.401965 0.915655
usemtl m23
f 2283/2283/2283 2284/2284/2284 2285/2285/2285
f 2283/2283/2283 2285/2285/2285 2286/2286/2286
o g24
v 0.453188 -0.354705 0.945756
v 0.453188 -0.400001 0.925871
v 0.527091 -0.400001 0.925871
v 0.527091 -0.354705 0.945756
vt 1.000000 1.000000
vt 1.000000 0.000000
vt -0.000000 0.000000
vt -0.000000 1.000000
vn 0.000000 -0.401965 0.915655
vn 0.000000 -0.401965 0.915655
vn 0.000000 -0.401965 0.915655
vn 0.000000 -0.401965 0.915655
usemtl m24
f 2287/2287/2287 2288/2288/2288 2289/2289/2289
f 2287/2287/2287 2289/2289/2289 2290/2290/2290
o g25
v 0.393861 -0.424083 0.915300
v 0.393861 -0.469379 0.895415
v 0.438223 -0.469379 0.895415
v 0.438223 -0.424083 0.915300
vt 1.000000 0.999999
vt 1.000000 0.000000
vt 0.000001 0.000000
vt 0.000001 0.999999
vn 0.000000 -0.401963 0.915656
vn 0.000000 -0.401963 0.915656
vn 0.000000 -0.401963 0.915656
vn 0.000000 -0.401963 0.915656
usemtl m25
f 2291/2291/2291 2292/2292/2292 2293/2293/2293
f 2291/2291/2291 2293/2293/2293 2294/2294/2294
o g26
v 0.527091 -0.469379 0.895415
v 0.527091 -0.424083 0.915300
v 0.453188 -0.424083 0.915300
v 0.453188 -0.469379 0.895415
vt 0.000000 0.000000
vt 0.000000 0.999999
vt 1.000000 0.999999
vt 1.000000 0.000000
vn 0.000000 -0.401963 0.915656
vn 0.000000 -0.401963 0.915656
vn 0.000000 -0.401963 0.915656
vn 0.000000 -0.401963 0.915656
usemtl m26
f 2295/2295/2295 2296/2296/2296 2297/2297/2297
f 2295/2295/2295 2297/2297/2297 2298/2298/2298
o g27
v 0.438223 -0.538757 0.864959
v 0.438223 -0.493461 0.884844
v 0.393861 -0.493461 0.884844
v 0.393861 -0.538757 0.864959
vt 0.000001 0.000002
vt 0.000001 1.000001
vt 1.000000 1.000001
vt 1.000000 0.000001
vn 0.000001 -0.401964 0.915655
vn 0.000000 -0.401965 0.915655
vn 0.000001 -0.401964 0.915655
vn 0.000001 -0.401964 0.915656
usemtl m27
f 2299/2299/2299 2300/2300/2300 2301/2301/2301
f 2299/2299/2299 2301/2301/2301 2302/2302/2302
o g28
v 0.453188 -0.493461 0.884844
v 0.453188 -0.538757 0.864959
v 0.527091 -0.538757 0.864959
v 0.527091 -0.493461 0.884844
vt 1.000000 1.000000
vt 1.000000 0.000000
vt -0.000000 0.000004
vt -0.000000 1.000000
vn -0.000000 -0.401963 0.915656
vn -0.000002 -0.401965 0.915655
vn -0.000000 -0.401963 0.915656
vn 0.000001 -0.401962 0.915657
usemtl m28
f 2303/2303/2303 2304/2304/2304 2305/2305/2305
f 2303/2303/2303 2305/2305/2305 2306/2306/2306
o g29
v -0.494347 -0.091066 1.181961
v -0.494347 -0.096137 1.149341
v -0.427843 -0.096137 1.149341
v -0.427843 -0.091066 1.181961
vt 0.000000 1.000000
vt 0.000000 0.000000
vt 1.000000 0.000000
vt 1.000000 1.000000
vn 0.000000 -0.988132 0.153607
vn 0.000000 -0.988132 0.153607
vn 0.000000 -0.988132 0.153607
vn 0.000000 -0.988132 0.153607
usemtl m29
f 2307/2307/2307 2308/2308/2308 2309/2309/2309
f 2307/2307/2307 2309/2309/2309 2310/2310/2310
o g30
v -0.494347 -0.080924 1.247201
v -0.494347 -0.085995 1.214581
v -0.427843 -0.085995 1.214581
v -0.427843 -0.080924 1.247201
vt 0.000000 1.000000
vt 0.000000 0.000000
vt 1.000000 0.000000
vt 1.000000 1.000000
vn 0.000000 -0.988132 0.153607
vn 0.000000 -0.988132 0.153607
vn 0.000000 -0.988132 0.153607
vn 0.000000 -0.988132 0.153607
usemtl m30
f 2311/2311/2311 2312/2312/2312 2313/2313/2313
f 2311/2311/2311 2313/2313/2313 2314/2314/2314
o g31
v -0.427843 -0.075853 1.279820
v -0.427843 -0.070782 1.312440
v -0.494347 -0.070782 1.312440
v -0.494347 -0.075853 1.279820
vt 1.000000 0.000001
vt 1.000000 1.000001
vt 0.000000 1.000001
vt 0.000000 0.000001
vn 0.000000 -0.988132 0.153607
vn 0.000000 -0.988132 0.153607
vn 0.000000 -0.988132 0.153607
vn 0.000000 -0.988132 0.153607
usemtl m31
f 2315/2315/2315 2316/2316/2316 2317/2317/2317
f 2315/2315/2315 2317/2317/2317 2318/2318/2318
o g32
v -0.513053 -0.075853 1.279820
v -0.513053 -0.070782 1.312440
v -0.579557 -0.070782 1.312440
v -0.579557 -0.075853 1.279820
vt 1.000000 0.000001
vt 1.000000 1.000001
vt 0.000001 1.000001
vt 0.000001 0.000001
vn 0.000000 -0.988132 0.153607
vn 0.000000 -0.988132 0.153607
vn 0.000000 -0.988132 0.153607
vn 0.000000 -0.988132 0.153607
usemtl m32
f 2319/2319/2319 2320/2320/2320 2321/2321/2321
f 2319/2319/2319 2321/2321/2321 2322/2322/2322
o g33
v -0.513053 -0.085995 1.214581
v -0.513053 -0.080924 1.247201
v -0.579557 -0.080924 1.247201
v -0.579557 -0.085995 1.214581
vt 1.000000 0.000000
vt 1.000000 1.000000
vt 0.000001 1.000000
vt 0.000001 0.000000
vn 0.000000 -0.988132 0.153607
vn 0.000000 -0.988132 0.153607
vn 0.000000 -0.988132 0.153607
vn 0.000000 -0.988132 0.153607
usemtl m33
f 2323/2323/2323 2324/2324/2324 2325/2325/2325
f 2323/2323/2323 2325/2325/2325 2326/2326/2326
o g34
v -0.513053 -0.096137 1.149341
v -0.513053 -0.091066 1.181961
v -0.579557 -0.091066 1.181961
v -0.579557 -0.096137 1.149341
vt 1.000000 0.000000
vt 1.000000 1.000000
vt 0.000001 1.000000
vt 0.000001 0.000000
vn 0.000000 -0.988132 0.153607
vn 0.000000 -0.988132 0.153607
vn 0.000000 -0.988132 0.153607
vn 0.000000 -0.988132 0.153607
usemtl m34
f 2327/2327/2327 2328/2328/2328 2329/2329/2329
f 2327/2327/2327 2329/2329/2329 2330/2330/2330
o g35
v 0.494347 -0.091066 1.181961
v 0.427843 -0.091066 1.181961
v 0.427843 -0.096137 1.149341
v 0.494347 -0.096137 1.149341
vt 0.000000 1.000000
vt 1.000000 1.000000
vt 1.000000 0.000000
vt 0.000000 0.000000
vn 0.000000 -0.988132 0.153607
vn 0.000000 -0.988132 0.153607
vn 0.000000 -0.988132 0.153607
vn 0.000000 -0.988132 0.153607
usemtl m35
f 2331/2331/2331 2332/2332/2332 2333/2333/2333
f 2331/2331/2331 2333/2333/2333 2334/2334/2334
o g36
v 0.494347 -0.080924 1.247201
v 0.427843 -0.080924 1.247201
v 0.427843 -0.085995 1.214581
v 0.494347 -0.085995 1.214581
vt 0.000000 1.000000
vt 1.000000 1.000000
vt 1.000000 0.000000
vt 0.000000 0.000000
vn 0.000000 -0.988132 0.153607
vn 0.000000 -0.988132 0.153607
vn 0.000000 -0.988132 0.153607
vn 0.000000 -0.988132 0.153607
usemtl m36
f 2335/2335/2335 2336/2336/2336 2337/2337/2337
f 2335/2335/2335 2337/2337/2337 2338/2338/2338
o g37
v 0.427843 -0.075853 1.279820
v 0.494347 -0.075853 1.279820
v 0.494347 -0.070782 1.312440
v 0.427843 -0.070782 1.312440
vt 1.000000 0.000001
vt 0.000000 0.000001
vt 0.000000 1.000001
vt 1.000000 1.000001
vn 0.000000 -0.988132 0.153607
vn 0.000000 -0.988132 0.153607
vn 0.000000 -0.988132 0.153607
vn 0.000000 -0.988132 0.153607
usemtl m37
f 2339/2339/2339 2340/2340/2340 2341/2341/2341
f 2339/2339/2339 2341/2341/2341 2342/2342/2342
o g38
v 0.513053 -0.075853 1.279820
v 0.579557 -0.075853 1.279820
v 0.579557 -0.070782 1.312440
v 0.513053 -0.070782 1.312440
vt 1.000000 0.000001
vt 0.000001 0.000001
vt 0.000001 1.000001
vt 1.000000 1.000001
vn 0.000000 -0.988132 0.153607
vn 0.000000 -0.988132 0.153607
vn 0.000000 -0.988132 0.153607
vn 0.000000 -0.988132 0.153607
usemtl m38
f 2343/2343/2343 2344/2344/2344 2345/2345/2345
f 2343/2343/2343 2345/2345/2345 2346/2346/2346
o g39
v 0.513053 -0.085995 1.214581
v 0.579557 -0.085995 1.214581
v 0.579557 -0.080924 1.247201
v 0.513053 -0.080924 1.247201
vt 1.000000 0.000000
vt 0.000001 0.000000
vt 0.000001 1.000000
vt 1.000000 1.000000
vn 0.000000 -0.988132 0.153607
vn 0.000000 -0.988132 0.153607
vn 0.000000 -0.988132 0.153607
vn 0.000000 -0.988132 0.153607
usemtl m39
f 2347/2347/2347 2348/2348/2348 2349/2349/2349
f 2347/2347/2347 2349/2349/2349 2350/2350/2350
o g40
v 0.513053 -0.096137 1.149341
v 0.579557 -0.096137 1.149341
v 0.579557 -0.091066 1.181961
v 0.513053 -0.091066 1.181961
vt 1.000000 0.000000
vt 0.000001 0.000000
vt 0.000001 1.000000
vt 1.000000 1.000000
vn 0.000000 -0.988132 0.153607
vn 0.000000 -0.988132 0.153607
vn 0.000000 -0.988132 0.153607
vn 0.000000 -0.988132 0.153607
usemtl m40
f 2351/2351/2351 2352/2352/2352 2353/2353/2353
f 2351/2351/2351 2353/2353/2353 2354/2354/2354
